lga_code,lga_name,2021_incr_det_vs,2021_incr_med_vs,2021_incr_high_vs,2022_incr_det_vs,2022_incr_med_vs,2022_incr_high_vs,2023_incr_det_vs,2023_incr_med_vs,2023_incr_high_vs,2024_incr_det_vs,2024_incr_med_vs,2024_incr_high_vs,2025_incr_det_vs,2025_incr_med_vs,2025_incr_high_vs,2026_incr_det_vs,2026_incr_med_vs,2026_incr_high_vs,2027_incr_det_vs,2027_incr_med_vs,2027_incr_high_vs,2028_incr_det_vs,2028_incr_med_vs,2028_incr_high_vs,2029_incr_det_vs,2029_incr_med_vs,2029_incr_high_vs,2030_incr_det_vs,2030_incr_med_vs,2030_incr_high_vs,2031_incr_det_vs,2031_incr_med_vs,2031_incr_high_vs,2032_incr_det_vs,2032_incr_med_vs,2032_incr_high_vs,2033_incr_det_vs,2033_incr_med_vs,2033_incr_high_vs,2034_incr_det_vs,2034_incr_med_vs,2034_incr_high_vs,2035_incr_det_vs,2035_incr_med_vs,2035_incr_high_vs,2036_incr_det_vs,2036_incr_med_vs,2036_incr_high_vs,2037_incr_det_vs,2037_incr_med_vs,2037_incr_high_vs,2038_incr_det_vs,2038_incr_med_vs,2038_incr_high_vs,2039_incr_det_vs,2039_incr_med_vs,2039_incr_high_vs,2040_incr_det_vs,2040_incr_med_vs,2040_incr_high_vs,2041_incr_det_vs,2041_incr_med_vs,2041_incr_high_vs,2042_incr_det_vs,2042_incr_med_vs,2042_incr_high_vs,2043_incr_det_vs,2043_incr_med_vs,2043_incr_high_vs,2044_incr_det_vs,2044_incr_med_vs,2044_incr_high_vs,2045_incr_det_vs,2045_incr_med_vs,2045_incr_high_vs,2021_total_intensity,2022_total_intensity,2023_total_intensity,2024_total_intensity,2025_total_intensity,2026_total_intensity,2027_total_intensity,2028_total_intensity,2029_total_intensity,2030_total_intensity,2031_total_intensity,2032_total_intensity,2033_total_intensity,2034_total_intensity,2035_total_intensity,2036_total_intensity,2037_total_intensity,2038_total_intensity,2039_total_intensity,2040_total_intensity,2041_total_intensity,2042_total_intensity,2043_total_intensity,2044_total_intensity,2045_total_intensity
30250.0,Aurukun,90.0,0.0,0.0,90.0,0.0,0.0,90.0,0.0,0.0,90.0,0.0,0.0,90.0,0.0,0.0,20.0,0.0,0.0,20.0,0.0,0.0,20.0,0.0,0.0,20.0,0.0,0.0,20.0,0.0,0.0,20.0,0.0,0.0,20.0,0.0,0.0,20.0,0.0,0.0,20.0,0.0,0.0,20.0,0.0,0.0,10.0,0.0,0.0,10.0,0.0,0.0,10.0,0.0,0.0,10.0,0.0,0.0,10.0,0.0,0.0,10.0,0.0,0.0,10.0,0.0,0.0,10.0,0.0,0.0,10.0,0.0,0.0,10.0,0.0,0.0,90.0,90.0,90.0,90.0,90.0,20.0,20.0,20.0,20.0,20.0,20.0,20.0,20.0,20.0,20.0,10.0,10.0,10.0,10.0,10.0,10.0,10.0,10.0,10.0,10.0
30300.0,Balonne,30.0,0.0,0.0,30.0,0.0,0.0,30.0,0.0,0.0,30.0,0.0,0.0,30.0,0.0,0.0,10.0,0.0,0.0,10.0,0.0,0.0,10.0,0.0,0.0,10.0,0.0,0.0,10.0,0.0,0.0,0.0,0.0,0.0,0.0,0.0,0.0,0.0,0.0,0.0,0.0,0.0,0.0,0.0,0.0,0.0,0.0,0.0,0.0,0.0,0.0,0.0,0.0,0.0,0.0,0.0,0.0,0.0,0.0,0.0,0.0,0.0,0.0,0.0,0.0,0.0,0.0,0.0,0.0,0.0,0.0,0.0,0.0,0.0,0.0,0.0,30.0,30.0,30.0,30.0,30.0,10.0,10.0,10.0,10.0,10.0,0.0,0.0,0.0,0.0,0.0,0.0,0.0,0.0,0.0,0.0,0.0,0.0,0.0,0.0,0.0
30370.0,Banana,220.0,0.0,0.0,220.0,0.0,0.0,220.0,0.0,0.0,220.0,0.0,0.0,220.0,0.0,0.0,90.0,0.0,0.0,90.0,0.0,0.0,90.0,0.0,0.0,90.0,0.0,0.0,90.0,0.0,0.0,0.0,0.0,0.0,0.0,0.0,0.0,0.0,0.0,0.0,0.0,0.0,0.0,0.0,0.0,0.0,0.0,0.0,0.0,0.0,0.0,0.0,0.0,0.0,0.0,0.0,0.0,0.0,0.0,0.0,0.0,0.0,0.0,0.0,0.0,0.0,0.0,0.0,0.0,0.0,0.0,0.0,0.0,0.0,0.0,0.0,220.0,220.0,220.0,220.0,220.0,90.0,90.0,90.0,90.0,90.0,0.0,0.0,0.0,0.0,0.0,0.0,0.0,0.0,0.0,0.0,0.0,0.0,0.0,0.0,0.0
30410.0,Barcaldine,0.0,0.0,0.0,0.0,0.0,0.0,0.0,0.0,0.0,0.0,0.0,0.0,0.0,0.0,0.0,0.0,0.0,0.0,0.0,0.0,0.0,0.0,0.0,0.0,0.0,0.0,0.0,0.0,0.0,0.0,0.0,0.0,0.0,0.0,0.0,0.0,0.0,0.0,0.0,0.0,0.0,0.0,0.0,0.0,0.0,0.0,0.0,0.0,0.0,0.0,0.0,0.0,0.0,0.0,0.0,0.0,0.0,0.0,0.0,0.0,0.0,0.0,0.0,0.0,0.0,0.0,0.0,0.0,0.0,0.0,0.0,0.0,0.0,0.0,0.0,0.0,0.0,0.0,0.0,0.0,0.0,0.0,0.0,0.0,0.0,0.0,0.0,0.0,0.0,0.0,0.0,0.0,0.0,0.0,0.0,0.0,0.0,0.0,0.0,0.0
30450.0,Barcoo,0.0,0.0,0.0,0.0,0.0,0.0,0.0,0.0,0.0,0.0,0.0,0.0,0.0,0.0,0.0,0.0,0.0,0.0,0.0,0.0,0.0,0.0,0.0,0.0,0.0,0.0,0.0,0.0,0.0,0.0,0.0,0.0,0.0,0.0,0.0,0.0,0.0,0.0,0.0,0.0,0.0,0.0,0.0,0.0,0.0,0.0,0.0,0.0,0.0,0.0,0.0,0.0,0.0,0.0,0.0,0.0,0.0,0.0,0.0,0.0,0.0,0.0,0.0,0.0,0.0,0.0,0.0,0.0,0.0,0.0,0.0,0.0,0.0,0.0,0.0,0.0,0.0,0.0,0.0,0.0,0.0,0.0,0.0,0.0,0.0,0.0,0.0,0.0,0.0,0.0,0.0,0.0,0.0,0.0,0.0,0.0,0.0,0.0,0.0,0.0
30760.0,Blackall Tambo,0.0,0.0,0.0,0.0,0.0,0.0,0.0,0.0,0.0,0.0,0.0,0.0,0.0,0.0,0.0,0.0,0.0,0.0,0.0,0.0,0.0,0.0,0.0,0.0,0.0,0.0,0.0,0.0,0.0,0.0,0.0,0.0,0.0,0.0,0.0,0.0,0.0,0.0,0.0,0.0,0.0,0.0,0.0,0.0,0.0,0.0,0.0,0.0,0.0,0.0,0.0,0.0,0.0,0.0,0.0,0.0,0.0,0.0,0.0,0.0,0.0,0.0,0.0,0.0,0.0,0.0,0.0,0.0,0.0,0.0,0.0,0.0,0.0,0.0,0.0,0.0,0.0,0.0,0.0,0.0,0.0,0.0,0.0,0.0,0.0,0.0,0.0,0.0,0.0,0.0,0.0,0.0,0.0,0.0,0.0,0.0,0.0,0.0,0.0,0.0
30900.0,Boulia,10.0,0.0,0.0,10.0,0.0,0.0,10.0,0.0,0.0,10.0,0.0,0.0,10.0,0.0,0.0,0.0,0.0,0.0,0.0,0.0,0.0,0.0,0.0,0.0,0.0,0.0,0.0,0.0,0.0,0.0,0.0,0.0,0.0,0.0,0.0,0.0,0.0,0.0,0.0,0.0,0.0,0.0,0.0,0.0,0.0,0.0,0.0,0.0,0.0,0.0,0.0,0.0,0.0,0.0,0.0,0.0,0.0,0.0,0.0,0.0,0.0,0.0,0.0,0.0,0.0,0.0,0.0,0.0,0.0,0.0,0.0,0.0,0.0,0.0,0.0,10.0,10.0,10.0,10.0,10.0,0.0,0.0,0.0,0.0,0.0,0.0,0.0,0.0,0.0,0.0,0.0,0.0,0.0,0.0,0.0,0.0,0.0,0.0,0.0,0.0
31000.0,Brisbane,22760.0,6510.0,40.0,22760.0,6510.0,40.0,22760.0,6510.0,40.0,22760.0,6510.0,40.0,22760.0,6510.0,40.0,18890.0,5400.0,30.0,18890.0,5400.0,30.0,18890.0,5400.0,30.0,18890.0,5400.0,30.0,18890.0,5400.0,30.0,19580.0,5600.0,30.0,19580.0,5600.0,30.0,19580.0,5600.0,30.0,19580.0,5600.0,30.0,19580.0,5600.0,30.0,19160.0,5480.0,30.0,19160.0,5480.0,30.0,19160.0,5480.0,30.0,19160.0,5480.0,30.0,19160.0,5480.0,30.0,20250.0,5790.0,30.0,20250.0,5790.0,30.0,20250.0,5790.0,30.0,20250.0,5790.0,30.0,20250.0,5790.0,30.0,29310.0,29310.0,29310.0,29310.0,29310.0,24320.0,24320.0,24320.0,24320.0,24320.0,25210.0,25210.0,25210.0,25210.0,25210.0,24680.0,24680.0,24680.0,24680.0,24680.0,26080.0,26080.0,26080.0,26080.0,26080.0
31750.0,Bulloo,0.0,0.0,0.0,0.0,0.0,0.0,0.0,0.0,0.0,0.0,0.0,0.0,0.0,0.0,0.0,0.0,0.0,0.0,0.0,0.0,0.0,0.0,0.0,0.0,0.0,0.0,0.0,0.0,0.0,0.0,0.0,0.0,0.0,0.0,0.0,0.0,0.0,0.0,0.0,0.0,0.0,0.0,0.0,0.0,0.0,0.0,0.0,0.0,0.0,0.0,0.0,0.0,0.0,0.0,0.0,0.0,0.0,0.0,0.0,0.0,0.0,0.0,0.0,0.0,0.0,0.0,0.0,0.0,0.0,0.0,0.0,0.0,0.0,0.0,0.0,0.0,0.0,0.0,0.0,0.0,0.0,0.0,0.0,0.0,0.0,0.0,0.0,0.0,0.0,0.0,0.0,0.0,0.0,0.0,0.0,0.0,0.0,0.0,0.0,0.0
31820.0,Bundaberg,3720.0,60.0,0.0,3720.0,60.0,0.0,3720.0,60.0,0.0,3720.0,60.0,0.0,3720.0,60.0,0.0,3320.0,60.0,0.0,3320.0,60.0,0.0,3320.0,60.0,0.0,3320.0,60.0,0.0,3320.0,60.0,0.0,2740.0,40.0,0.0,2740.0,40.0,0.0,2740.0,40.0,0.0,2740.0,40.0,0.0,2740.0,40.0,0.0,1720.0,30.0,0.0,1720.0,30.0,0.0,1720.0,30.0,0.0,1720.0,30.0,0.0,1720.0,30.0,0.0,1200.0,20.0,0.0,1200.0,20.0,0.0,1200.0,20.0,0.0,1200.0,20.0,0.0,1200.0,20.0,0.0,3780.0,3780.0,3780.0,3780.0,3780.0,3380.0,3380.0,3380.0,3380.0,3380.0,2780.0,2780.0,2780.0,2780.0,2780.0,1760.0,1760.0,1760.0,1760.0,1760.0,1220.0,1220.0,1220.0,1220.0,1220.0
31900.0,Burdekin,180.0,10.0,0.0,180.0,10.0,0.0,180.0,10.0,0.0,180.0,10.0,0.0,180.0,10.0,0.0,220.0,10.0,0.0,220.0,10.0,0.0,220.0,10.0,0.0,220.0,10.0,0.0,220.0,10.0,0.0,200.0,10.0,0.0,200.0,10.0,0.0,200.0,10.0,0.0,200.0,10.0,0.0,200.0,10.0,0.0,220.0,10.0,0.0,220.0,10.0,0.0,220.0,10.0,0.0,220.0,10.0,0.0,220.0,10.0,0.0,220.0,10.0,0.0,220.0,10.0,0.0,220.0,10.0,0.0,220.0,10.0,0.0,220.0,10.0,0.0,190.0,190.0,190.0,190.0,190.0,230.0,230.0,230.0,230.0,230.0,210.0,210.0,210.0,210.0,210.0,230.0,230.0,230.0,230.0,230.0,230.0,230.0,230.0,230.0,230.0
31950.0,Burke,10.0,0.0,0.0,10.0,0.0,0.0,10.0,0.0,0.0,10.0,0.0,0.0,10.0,0.0,0.0,10.0,0.0,0.0,10.0,0.0,0.0,10.0,0.0,0.0,10.0,0.0,0.0,10.0,0.0,0.0,0.0,0.0,0.0,0.0,0.0,0.0,0.0,0.0,0.0,0.0,0.0,0.0,0.0,0.0,0.0,0.0,0.0,0.0,0.0,0.0,0.0,0.0,0.0,0.0,0.0,0.0,0.0,0.0,0.0,0.0,10.0,0.0,0.0,10.0,0.0,0.0,10.0,0.0,0.0,10.0,0.0,0.0,10.0,0.0,0.0,10.0,10.0,10.0,10.0,10.0,10.0,10.0,10.0,10.0,10.0,0.0,0.0,0.0,0.0,0.0,0.0,0.0,0.0,0.0,0.0,10.0,10.0,10.0,10.0,10.0
32080.0,Cairns,8180.0,300.0,0.0,8180.0,300.0,0.0,8180.0,300.0,0.0,8180.0,300.0,0.0,8180.0,300.0,0.0,8630.0,310.0,0.0,8630.0,310.0,0.0,8630.0,310.0,0.0,8630.0,310.0,0.0,8630.0,310.0,0.0,8130.0,300.0,0.0,8130.0,300.0,0.0,8130.0,300.0,0.0,8130.0,300.0,0.0,8130.0,300.0,0.0,6880.0,250.0,0.0,6880.0,250.0,0.0,6880.0,250.0,0.0,6880.0,250.0,0.0,6880.0,250.0,0.0,6430.0,230.0,0.0,6430.0,230.0,0.0,6430.0,230.0,0.0,6430.0,230.0,0.0,6430.0,230.0,0.0,8480.0,8480.0,8480.0,8480.0,8480.0,8950.0,8950.0,8950.0,8950.0,8950.0,8420.0,8420.0,8420.0,8420.0,8420.0,7130.0,7130.0,7130.0,7130.0,7130.0,6660.0,6660.0,6660.0,6660.0,6660.0
32250.0,Carpentaria,60.0,0.0,0.0,60.0,0.0,0.0,60.0,0.0,0.0,60.0,0.0,0.0,60.0,0.0,0.0,40.0,0.0,0.0,40.0,0.0,0.0,40.0,0.0,0.0,40.0,0.0,0.0,40.0,0.0,0.0,20.0,0.0,0.0,20.0,0.0,0.0,20.0,0.0,0.0,20.0,0.0,0.0,20.0,0.0,0.0,10.0,0.0,0.0,10.0,0.0,0.0,10.0,0.0,0.0,10.0,0.0,0.0,10.0,0.0,0.0,10.0,0.0,0.0,10.0,0.0,0.0,10.0,0.0,0.0,10.0,0.0,0.0,10.0,0.0,0.0,60.0,60.0,60.0,60.0,60.0,40.0,40.0,40.0,40.0,40.0,20.0,20.0,20.0,20.0,20.0,10.0,10.0,10.0,10.0,10.0,10.0,10.0,10.0,10.0,10.0
32260.0,Cassowary Coast,1330.0,80.0,0.0,1330.0,80.0,0.0,1330.0,80.0,0.0,1330.0,80.0,0.0,1330.0,80.0,0.0,1120.0,60.0,0.0,1120.0,60.0,0.0,1120.0,60.0,0.0,1120.0,60.0,0.0,1120.0,60.0,0.0,1160.0,60.0,0.0,1160.0,60.0,0.0,1160.0,60.0,0.0,1160.0,60.0,0.0,1160.0,60.0,0.0,1140.0,60.0,0.0,1140.0,60.0,0.0,1140.0,60.0,0.0,1140.0,60.0,0.0,1140.0,60.0,0.0,1120.0,60.0,0.0,1120.0,60.0,0.0,1120.0,60.0,0.0,1120.0,60.0,0.0,1120.0,60.0,0.0,1410.0,1410.0,1410.0,1410.0,1410.0,1180.0,1180.0,1180.0,1180.0,1180.0,1220.0,1220.0,1220.0,1220.0,1220.0,1210.0,1210.0,1210.0,1210.0,1210.0,1180.0,1180.0,1180.0,1180.0,1180.0
32270.0,Central Highlands (Qld),1250.0,20.0,0.0,1250.0,20.0,0.0,1250.0,20.0,0.0,1250.0,20.0,0.0,1250.0,20.0,0.0,910.0,20.0,0.0,910.0,20.0,0.0,910.0,20.0,0.0,910.0,20.0,0.0,910.0,20.0,0.0,900.0,20.0,0.0,900.0,20.0,0.0,900.0,20.0,0.0,900.0,20.0,0.0,900.0,20.0,0.0,950.0,20.0,0.0,950.0,20.0,0.0,950.0,20.0,0.0,950.0,20.0,0.0,950.0,20.0,0.0,980.0,20.0,0.0,980.0,20.0,0.0,980.0,20.0,0.0,980.0,20.0,0.0,980.0,20.0,0.0,1270.0,1270.0,1270.0,1270.0,1270.0,930.0,930.0,930.0,930.0,930.0,920.0,920.0,920.0,920.0,920.0,970.0,970.0,970.0,970.0,970.0,990.0,990.0,990.0,990.0,990.0
32310.0,Charters Towers,110.0,40.0,0.0,110.0,40.0,0.0,110.0,40.0,0.0,110.0,40.0,0.0,110.0,40.0,0.0,110.0,40.0,0.0,110.0,40.0,0.0,110.0,40.0,0.0,110.0,40.0,0.0,110.0,40.0,0.0,100.0,40.0,0.0,100.0,40.0,0.0,100.0,40.0,0.0,100.0,40.0,0.0,100.0,40.0,0.0,100.0,40.0,0.0,100.0,40.0,0.0,100.0,40.0,0.0,100.0,40.0,0.0,100.0,40.0,0.0,80.0,30.0,0.0,80.0,30.0,0.0,80.0,30.0,0.0,80.0,30.0,0.0,80.0,30.0,0.0,160.0,160.0,160.0,160.0,160.0,160.0,160.0,160.0,160.0,160.0,140.0,140.0,140.0,140.0,140.0,140.0,140.0,140.0,140.0,140.0,120.0,120.0,120.0,120.0,120.0
32330.0,Cherbourg,30.0,0.0,0.0,30.0,0.0,0.0,30.0,0.0,0.0,30.0,0.0,0.0,30.0,0.0,0.0,40.0,0.0,0.0,40.0,0.0,0.0,40.0,0.0,0.0,40.0,0.0,0.0,40.0,0.0,0.0,40.0,0.0,0.0,40.0,0.0,0.0,40.0,0.0,0.0,40.0,0.0,0.0,40.0,0.0,0.0,50.0,0.0,0.0,50.0,0.0,0.0,50.0,0.0,0.0,50.0,0.0,0.0,50.0,0.0,0.0,50.0,0.0,0.0,50.0,0.0,0.0,50.0,0.0,0.0,50.0,0.0,0.0,50.0,0.0,0.0,30.0,30.0,30.0,30.0,30.0,40.0,40.0,40.0,40.0,40.0,40.0,40.0,40.0,40.0,40.0,50.0,50.0,50.0,50.0,50.0,50.0,50.0,50.0,50.0,50.0
32450.0,Cloncurry,80.0,30.0,0.0,80.0,30.0,0.0,80.0,30.0,0.0,80.0,30.0,0.0,80.0,30.0,0.0,80.0,30.0,0.0,80.0,30.0,0.0,80.0,30.0,0.0,80.0,30.0,0.0,80.0,30.0,0.0,0.0,0.0,0.0,0.0,0.0,0.0,0.0,0.0,0.0,0.0,0.0,0.0,0.0,0.0,0.0,0.0,0.0,0.0,0.0,0.0,0.0,0.0,0.0,0.0,0.0,0.0,0.0,0.0,0.0,0.0,0.0,0.0,0.0,0.0,0.0,0.0,0.0,0.0,0.0,0.0,0.0,0.0,0.0,0.0,0.0,120.0,120.0,120.0,120.0,120.0,120.0,120.0,120.0,120.0,120.0,0.0,0.0,0.0,0.0,0.0,0.0,0.0,0.0,0.0,0.0,0.0,0.0,0.0,0.0,0.0
32500.0,Cook,220.0,10.0,0.0,220.0,10.0,0.0,220.0,10.0,0.0,220.0,10.0,0.0,220.0,10.0,0.0,50.0,0.0,0.0,50.0,0.0,0.0,50.0,0.0,0.0,50.0,0.0,0.0,50.0,0.0,0.0,50.0,0.0,0.0,50.0,0.0,0.0,50.0,0.0,0.0,50.0,0.0,0.0,50.0,0.0,0.0,0.0,0.0,0.0,0.0,0.0,0.0,0.0,0.0,0.0,0.0,0.0,0.0,0.0,0.0,0.0,0.0,0.0,0.0,0.0,0.0,0.0,0.0,0.0,0.0,0.0,0.0,0.0,0.0,0.0,0.0,240.0,240.0,240.0,240.0,240.0,50.0,50.0,50.0,50.0,50.0,50.0,50.0,50.0,50.0,50.0,0.0,0.0,0.0,0.0,0.0,0.0,0.0,0.0,0.0,0.0
32600.0,Croydon,0.0,0.0,0.0,0.0,0.0,0.0,0.0,0.0,0.0,0.0,0.0,0.0,0.0,0.0,0.0,0.0,0.0,0.0,0.0,0.0,0.0,0.0,0.0,0.0,0.0,0.0,0.0,0.0,0.0,0.0,0.0,0.0,0.0,0.0,0.0,0.0,0.0,0.0,0.0,0.0,0.0,0.0,0.0,0.0,0.0,0.0,0.0,0.0,0.0,0.0,0.0,0.0,0.0,0.0,0.0,0.0,0.0,0.0,0.0,0.0,0.0,0.0,0.0,0.0,0.0,0.0,0.0,0.0,0.0,0.0,0.0,0.0,0.0,0.0,0.0,0.0,0.0,0.0,0.0,0.0,0.0,0.0,0.0,0.0,0.0,0.0,0.0,0.0,0.0,0.0,0.0,0.0,0.0,0.0,0.0,0.0,0.0,0.0,0.0,0.0
32750.0,Diamantina,0.0,0.0,0.0,0.0,0.0,0.0,0.0,0.0,0.0,0.0,0.0,0.0,0.0,0.0,0.0,0.0,0.0,0.0,0.0,0.0,0.0,0.0,0.0,0.0,0.0,0.0,0.0,0.0,0.0,0.0,0.0,0.0,0.0,0.0,0.0,0.0,0.0,0.0,0.0,0.0,0.0,0.0,0.0,0.0,0.0,0.0,0.0,0.0,0.0,0.0,0.0,0.0,0.0,0.0,0.0,0.0,0.0,0.0,0.0,0.0,0.0,0.0,0.0,0.0,0.0,0.0,0.0,0.0,0.0,0.0,0.0,0.0,0.0,0.0,0.0,0.0,0.0,0.0,0.0,0.0,0.0,0.0,0.0,0.0,0.0,0.0,0.0,0.0,0.0,0.0,0.0,0.0,0.0,0.0,0.0,0.0,0.0,0.0,0.0,0.0
32770.0,Doomadgee,30.0,0.0,0.0,30.0,0.0,0.0,30.0,0.0,0.0,30.0,0.0,0.0,30.0,0.0,0.0,0.0,0.0,0.0,0.0,0.0,0.0,0.0,0.0,0.0,0.0,0.0,0.0,0.0,0.0,0.0,0.0,0.0,0.0,0.0,0.0,0.0,0.0,0.0,0.0,0.0,0.0,0.0,0.0,0.0,0.0,0.0,0.0,0.0,0.0,0.0,0.0,0.0,0.0,0.0,0.0,0.0,0.0,0.0,0.0,0.0,0.0,0.0,0.0,0.0,0.0,0.0,0.0,0.0,0.0,0.0,0.0,0.0,0.0,0.0,0.0,30.0,30.0,30.0,30.0,30.0,0.0,0.0,0.0,0.0,0.0,0.0,0.0,0.0,0.0,0.0,0.0,0.0,0.0,0.0,0.0,0.0,0.0,0.0,0.0,0.0
32810.0,Douglas,1110.0,0.0,0.0,1110.0,0.0,0.0,1110.0,0.0,0.0,1110.0,0.0,0.0,1110.0,0.0,0.0,1020.0,0.0,0.0,1020.0,0.0,0.0,1020.0,0.0,0.0,1020.0,0.0,0.0,1020.0,0.0,0.0,940.0,0.0,0.0,940.0,0.0,0.0,940.0,0.0,0.0,940.0,0.0,0.0,940.0,0.0,0.0,860.0,0.0,0.0,860.0,0.0,0.0,860.0,0.0,0.0,860.0,0.0,0.0,860.0,0.0,0.0,820.0,0.0,0.0,820.0,0.0,0.0,820.0,0.0,0.0,820.0,0.0,0.0,820.0,0.0,0.0,1110.0,1110.0,1110.0,1110.0,1110.0,1020.0,1020.0,1020.0,1020.0,1020.0,940.0,940.0,940.0,940.0,940.0,860.0,860.0,860.0,860.0,860.0,820.0,820.0,820.0,820.0,820.0
33100.0,Etheridge,0.0,0.0,0.0,0.0,0.0,0.0,0.0,0.0,0.0,0.0,0.0,0.0,0.0,0.0,0.0,0.0,0.0,0.0,0.0,0.0,0.0,0.0,0.0,0.0,0.0,0.0,0.0,0.0,0.0,0.0,0.0,0.0,0.0,0.0,0.0,0.0,0.0,0.0,0.0,0.0,0.0,0.0,0.0,0.0,0.0,0.0,0.0,0.0,0.0,0.0,0.0,0.0,0.0,0.0,0.0,0.0,0.0,0.0,0.0,0.0,0.0,0.0,0.0,0.0,0.0,0.0,0.0,0.0,0.0,0.0,0.0,0.0,0.0,0.0,0.0,0.0,0.0,0.0,0.0,0.0,0.0,0.0,0.0,0.0,0.0,0.0,0.0,0.0,0.0,0.0,0.0,0.0,0.0,0.0,0.0,0.0,0.0,0.0,0.0,0.0
33200.0,Flinders (Qld),30.0,0.0,0.0,30.0,0.0,0.0,30.0,0.0,0.0,30.0,0.0,0.0,30.0,0.0,0.0,40.0,0.0,0.0,40.0,0.0,0.0,40.0,0.0,0.0,40.0,0.0,0.0,40.0,0.0,0.0,0.0,0.0,0.0,0.0,0.0,0.0,0.0,0.0,0.0,0.0,0.0,0.0,0.0,0.0,0.0,0.0,0.0,0.0,0.0,0.0,0.0,0.0,0.0,0.0,0.0,0.0,0.0,0.0,0.0,0.0,0.0,0.0,0.0,0.0,0.0,0.0,0.0,0.0,0.0,0.0,0.0,0.0,0.0,0.0,0.0,30.0,30.0,30.0,30.0,30.0,40.0,40.0,40.0,40.0,40.0,0.0,0.0,0.0,0.0,0.0,0.0,0.0,0.0,0.0,0.0,0.0,0.0,0.0,0.0,0.0
33220.0,Fraser Coast,6260.0,310.0,0.0,6260.0,310.0,0.0,6260.0,310.0,0.0,6260.0,310.0,0.0,6260.0,310.0,0.0,4950.0,250.0,0.0,4950.0,250.0,0.0,4950.0,250.0,0.0,4950.0,250.0,0.0,4950.0,250.0,0.0,3550.0,180.0,0.0,3550.0,180.0,0.0,3550.0,180.0,0.0,3550.0,180.0,0.0,3550.0,180.0,0.0,2160.0,110.0,0.0,2160.0,110.0,0.0,2160.0,110.0,0.0,2160.0,110.0,0.0,2160.0,110.0,0.0,1420.0,70.0,0.0,1420.0,70.0,0.0,1420.0,70.0,0.0,1420.0,70.0,0.0,1420.0,70.0,0.0,6580.0,6580.0,6580.0,6580.0,6580.0,5200.0,5200.0,5200.0,5200.0,5200.0,3730.0,3730.0,3730.0,3730.0,3730.0,2260.0,2260.0,2260.0,2260.0,2260.0,1490.0,1490.0,1490.0,1490.0,1490.0
33360.0,Gladstone,3230.0,20.0,0.0,3230.0,20.0,0.0,3230.0,20.0,0.0,3230.0,20.0,0.0,3230.0,20.0,0.0,2720.0,20.0,0.0,2720.0,20.0,0.0,2720.0,20.0,0.0,2720.0,20.0,0.0,2720.0,20.0,0.0,2630.0,20.0,0.0,2630.0,20.0,0.0,2630.0,20.0,0.0,2630.0,20.0,0.0,2630.0,20.0,0.0,2420.0,20.0,0.0,2420.0,20.0,0.0,2420.0,20.0,0.0,2420.0,20.0,0.0,2420.0,20.0,0.0,2220.0,20.0,0.0,2220.0,20.0,0.0,2220.0,20.0,0.0,2220.0,20.0,0.0,2220.0,20.0,0.0,3260.0,3260.0,3260.0,3260.0,3260.0,2740.0,2740.0,2740.0,2740.0,2740.0,2650.0,2650.0,2650.0,2650.0,2650.0,2440.0,2440.0,2440.0,2440.0,2440.0,2240.0,2240.0,2240.0,2240.0,2240.0
33430.0,Gold Coast,15220.0,6800.0,50.0,15220.0,6800.0,50.0,15220.0,6800.0,50.0,15220.0,6800.0,50.0,15220.0,6800.0,50.0,13580.0,6070.0,50.0,13580.0,6070.0,50.0,13580.0,6070.0,50.0,13580.0,6070.0,50.0,13580.0,6070.0,50.0,13680.0,6110.0,50.0,13680.0,6110.0,50.0,13680.0,6110.0,50.0,13680.0,6110.0,50.0,13680.0,6110.0,50.0,13030.0,5820.0,40.0,13030.0,5820.0,40.0,13030.0,5820.0,40.0,13030.0,5820.0,40.0,13030.0,5820.0,40.0,12570.0,5620.0,40.0,12570.0,5620.0,40.0,12570.0,5620.0,40.0,12570.0,5620.0,40.0,12570.0,5620.0,40.0,22070.0,22070.0,22070.0,22070.0,22070.0,19700.0,19700.0,19700.0,19700.0,19700.0,19840.0,19840.0,19840.0,19840.0,19840.0,18900.0,18900.0,18900.0,18900.0,18900.0,18240.0,18240.0,18240.0,18240.0,18240.0
33610.0,Goondiwindi,0.0,0.0,0.0,0.0,0.0,0.0,0.0,0.0,0.0,0.0,0.0,0.0,0.0,0.0,0.0,20.0,0.0,0.0,20.0,0.0,0.0,20.0,0.0,0.0,20.0,0.0,0.0,20.0,0.0,0.0,0.0,0.0,0.0,0.0,0.0,0.0,0.0,0.0,0.0,0.0,0.0,0.0,0.0,0.0,0.0,0.0,0.0,0.0,0.0,0.0,0.0,0.0,0.0,0.0,0.0,0.0,0.0,0.0,0.0,0.0,0.0,0.0,0.0,0.0,0.0,0.0,0.0,0.0,0.0,0.0,0.0,0.0,0.0,0.0,0.0,0.0,0.0,0.0,0.0,0.0,20.0,20.0,20.0,20.0,20.0,0.0,0.0,0.0,0.0,0.0,0.0,0.0,0.0,0.0,0.0,0.0,0.0,0.0,0.0,0.0
33620.0,Gympie,3180.0,150.0,0.0,3180.0,150.0,0.0,3180.0,150.0,0.0,3180.0,150.0,0.0,3180.0,150.0,0.0,1670.0,80.0,0.0,1670.0,80.0,0.0,1670.0,80.0,0.0,1670.0,80.0,0.0,1670.0,80.0,0.0,1270.0,60.0,0.0,1270.0,60.0,0.0,1270.0,60.0,0.0,1270.0,60.0,0.0,1270.0,60.0,0.0,970.0,40.0,0.0,970.0,40.0,0.0,970.0,40.0,0.0,970.0,40.0,0.0,970.0,40.0,0.0,680.0,30.0,0.0,680.0,30.0,0.0,680.0,30.0,0.0,680.0,30.0,0.0,680.0,30.0,0.0,3330.0,3330.0,3330.0,3330.0,3330.0,1740.0,1740.0,1740.0,1740.0,1740.0,1320.0,1320.0,1320.0,1320.0,1320.0,1010.0,1010.0,1010.0,1010.0,1010.0,710.0,710.0,710.0,710.0,710.0
33800.0,Hinchinbrook,310.0,0.0,0.0,310.0,0.0,0.0,310.0,0.0,0.0,310.0,0.0,0.0,310.0,0.0,0.0,50.0,0.0,0.0,50.0,0.0,0.0,50.0,0.0,0.0,50.0,0.0,0.0,50.0,0.0,0.0,30.0,0.0,0.0,30.0,0.0,0.0,30.0,0.0,0.0,30.0,0.0,0.0,30.0,0.0,0.0,10.0,0.0,0.0,10.0,0.0,0.0,10.0,0.0,0.0,10.0,0.0,0.0,10.0,0.0,0.0,0.0,0.0,0.0,0.0,0.0,0.0,0.0,0.0,0.0,0.0,0.0,0.0,0.0,0.0,0.0,310.0,310.0,310.0,310.0,310.0,50.0,50.0,50.0,50.0,50.0,30.0,30.0,30.0,30.0,30.0,10.0,10.0,10.0,10.0,10.0,0.0,0.0,0.0,0.0,0.0
33830.0,Hope Vale,50.0,0.0,0.0,50.0,0.0,0.0,50.0,0.0,0.0,50.0,0.0,0.0,50.0,0.0,0.0,20.0,0.0,0.0,20.0,0.0,0.0,20.0,0.0,0.0,20.0,0.0,0.0,20.0,0.0,0.0,10.0,0.0,0.0,10.0,0.0,0.0,10.0,0.0,0.0,10.0,0.0,0.0,10.0,0.0,0.0,10.0,0.0,0.0,10.0,0.0,0.0,10.0,0.0,0.0,10.0,0.0,0.0,10.0,0.0,0.0,10.0,0.0,0.0,10.0,0.0,0.0,10.0,0.0,0.0,10.0,0.0,0.0,10.0,0.0,0.0,50.0,50.0,50.0,50.0,50.0,20.0,20.0,20.0,20.0,20.0,10.0,10.0,10.0,10.0,10.0,10.0,10.0,10.0,10.0,10.0,10.0,10.0,10.0,10.0,10.0
33960.0,Ipswich,27490.0,3100.0,0.0,27490.0,3100.0,0.0,27490.0,3100.0,0.0,27490.0,3100.0,0.0,27490.0,3100.0,0.0,35020.0,3950.0,0.0,35020.0,3950.0,0.0,35020.0,3950.0,0.0,35020.0,3950.0,0.0,35020.0,3950.0,0.0,42750.0,4820.0,0.0,42750.0,4820.0,0.0,42750.0,4820.0,0.0,42750.0,4820.0,0.0,42750.0,4820.0,0.0,45640.0,5150.0,0.0,45640.0,5150.0,0.0,45640.0,5150.0,0.0,45640.0,5150.0,0.0,45640.0,5150.0,0.0,45400.0,5130.0,0.0,45400.0,5130.0,0.0,45400.0,5130.0,0.0,45400.0,5130.0,0.0,45400.0,5130.0,0.0,30590.0,30590.0,30590.0,30590.0,30590.0,38970.0,38970.0,38970.0,38970.0,38970.0,47570.0,47570.0,47570.0,47570.0,47570.0,50790.0,50790.0,50790.0,50790.0,50790.0,50530.0,50530.0,50530.0,50530.0,50530.0
33980.0,Isaac,710.0,0.0,0.0,710.0,0.0,0.0,710.0,0.0,0.0,710.0,0.0,0.0,710.0,0.0,0.0,650.0,0.0,0.0,650.0,0.0,0.0,650.0,0.0,0.0,650.0,0.0,0.0,650.0,0.0,0.0,770.0,0.0,0.0,770.0,0.0,0.0,770.0,0.0,0.0,770.0,0.0,0.0,770.0,0.0,0.0,800.0,0.0,0.0,800.0,0.0,0.0,800.0,0.0,0.0,800.0,0.0,0.0,800.0,0.0,0.0,840.0,0.0,0.0,840.0,0.0,0.0,840.0,0.0,0.0,840.0,0.0,0.0,840.0,0.0,0.0,710.0,710.0,710.0,710.0,710.0,650.0,650.0,650.0,650.0,650.0,770.0,770.0,770.0,770.0,770.0,800.0,800.0,800.0,800.0,800.0,840.0,840.0,840.0,840.0,840.0
34420.0,Kowanyama,40.0,0.0,0.0,40.0,0.0,0.0,40.0,0.0,0.0,40.0,0.0,0.0,40.0,0.0,0.0,40.0,0.0,0.0,40.0,0.0,0.0,40.0,0.0,0.0,40.0,0.0,0.0,40.0,0.0,0.0,30.0,0.0,0.0,30.0,0.0,0.0,30.0,0.0,0.0,30.0,0.0,0.0,30.0,0.0,0.0,20.0,0.0,0.0,20.0,0.0,0.0,20.0,0.0,0.0,20.0,0.0,0.0,20.0,0.0,0.0,10.0,0.0,0.0,10.0,0.0,0.0,10.0,0.0,0.0,10.0,0.0,0.0,10.0,0.0,0.0,40.0,40.0,40.0,40.0,40.0,40.0,40.0,40.0,40.0,40.0,30.0,30.0,30.0,30.0,30.0,20.0,20.0,20.0,20.0,20.0,10.0,10.0,10.0,10.0,10.0
34530.0,Livingstone,2560.0,300.0,0.0,2560.0,300.0,0.0,2560.0,300.0,0.0,2560.0,300.0,0.0,2560.0,300.0,0.0,3750.0,450.0,0.0,3750.0,450.0,0.0,3750.0,450.0,0.0,3750.0,450.0,0.0,3750.0,450.0,0.0,3440.0,410.0,0.0,3440.0,410.0,0.0,3440.0,410.0,0.0,3440.0,410.0,0.0,3440.0,410.0,0.0,2750.0,330.0,0.0,2750.0,330.0,0.0,2750.0,330.0,0.0,2750.0,330.0,0.0,2750.0,330.0,0.0,1720.0,200.0,0.0,1720.0,200.0,0.0,1720.0,200.0,0.0,1720.0,200.0,0.0,1720.0,200.0,0.0,2860.0,2860.0,2860.0,2860.0,2860.0,4200.0,4200.0,4200.0,4200.0,4200.0,3850.0,3850.0,3850.0,3850.0,3850.0,3070.0,3070.0,3070.0,3070.0,3070.0,1930.0,1930.0,1930.0,1930.0,1930.0
34570.0,Lockhart River,0.0,0.0,0.0,0.0,0.0,0.0,0.0,0.0,0.0,0.0,0.0,0.0,0.0,0.0,0.0,0.0,0.0,0.0,0.0,0.0,0.0,0.0,0.0,0.0,0.0,0.0,0.0,0.0,0.0,0.0,0.0,0.0,0.0,0.0,0.0,0.0,0.0,0.0,0.0,0.0,0.0,0.0,0.0,0.0,0.0,0.0,0.0,0.0,0.0,0.0,0.0,0.0,0.0,0.0,0.0,0.0,0.0,0.0,0.0,0.0,0.0,0.0,0.0,0.0,0.0,0.0,0.0,0.0,0.0,0.0,0.0,0.0,0.0,0.0,0.0,0.0,0.0,0.0,0.0,0.0,0.0,0.0,0.0,0.0,0.0,0.0,0.0,0.0,0.0,0.0,0.0,0.0,0.0,0.0,0.0,0.0,0.0,0.0,0.0,0.0
34580.0,Lockyer Valley,2500.0,80.0,0.0,2500.0,80.0,0.0,2500.0,80.0,0.0,2500.0,80.0,0.0,2500.0,80.0,0.0,2340.0,70.0,0.0,2340.0,70.0,0.0,2340.0,70.0,0.0,2340.0,70.0,0.0,2340.0,70.0,0.0,2430.0,80.0,0.0,2430.0,80.0,0.0,2430.0,80.0,0.0,2430.0,80.0,0.0,2430.0,80.0,0.0,2480.0,80.0,0.0,2480.0,80.0,0.0,2480.0,80.0,0.0,2480.0,80.0,0.0,2480.0,80.0,0.0,2520.0,80.0,0.0,2520.0,80.0,0.0,2520.0,80.0,0.0,2520.0,80.0,0.0,2520.0,80.0,0.0,2580.0,2580.0,2580.0,2580.0,2580.0,2410.0,2410.0,2410.0,2410.0,2410.0,2500.0,2500.0,2500.0,2500.0,2500.0,2560.0,2560.0,2560.0,2560.0,2560.0,2600.0,2600.0,2600.0,2600.0,2600.0
34590.0,Logan,28160.0,3780.0,0.0,28160.0,3780.0,0.0,28160.0,3780.0,0.0,28160.0,3780.0,0.0,28160.0,3780.0,0.0,27530.0,3690.0,0.0,27530.0,3690.0,0.0,27530.0,3690.0,0.0,27530.0,3690.0,0.0,27530.0,3690.0,0.0,25680.0,3440.0,0.0,25680.0,3440.0,0.0,25680.0,3440.0,0.0,25680.0,3440.0,0.0,25680.0,3440.0,0.0,17560.0,2360.0,0.0,17560.0,2360.0,0.0,17560.0,2360.0,0.0,17560.0,2360.0,0.0,17560.0,2360.0,0.0,14110.0,1890.0,0.0,14110.0,1890.0,0.0,14110.0,1890.0,0.0,14110.0,1890.0,0.0,14110.0,1890.0,0.0,31940.0,31940.0,31940.0,31940.0,31940.0,31220.0,31220.0,31220.0,31220.0,31220.0,29120.0,29120.0,29120.0,29120.0,29120.0,19920.0,19920.0,19920.0,19920.0,19920.0,16000.0,16000.0,16000.0,16000.0,16000.0
34710.0,Longreach,20.0,20.0,0.0,20.0,20.0,0.0,20.0,20.0,0.0,20.0,20.0,0.0,20.0,20.0,0.0,0.0,10.0,0.0,0.0,10.0,0.0,0.0,10.0,0.0,0.0,10.0,0.0,0.0,10.0,0.0,0.0,0.0,0.0,0.0,0.0,0.0,0.0,0.0,0.0,0.0,0.0,0.0,0.0,0.0,0.0,0.0,0.0,0.0,0.0,0.0,0.0,0.0,0.0,0.0,0.0,0.0,0.0,0.0,0.0,0.0,0.0,0.0,0.0,0.0,0.0,0.0,0.0,0.0,0.0,0.0,0.0,0.0,0.0,0.0,0.0,40.0,40.0,40.0,40.0,40.0,10.0,10.0,10.0,10.0,10.0,0.0,0.0,0.0,0.0,0.0,0.0,0.0,0.0,0.0,0.0,0.0,0.0,0.0,0.0,0.0
34770.0,Mackay,6330.0,200.0,0.0,6330.0,200.0,0.0,6330.0,200.0,0.0,6330.0,200.0,0.0,6330.0,200.0,0.0,6190.0,200.0,0.0,6190.0,200.0,0.0,6190.0,200.0,0.0,6190.0,200.0,0.0,6190.0,200.0,0.0,6080.0,200.0,0.0,6080.0,200.0,0.0,6080.0,200.0,0.0,6080.0,200.0,0.0,6080.0,200.0,0.0,5390.0,180.0,0.0,5390.0,180.0,0.0,5390.0,180.0,0.0,5390.0,180.0,0.0,5390.0,180.0,0.0,5090.0,160.0,0.0,5090.0,160.0,0.0,5090.0,160.0,0.0,5090.0,160.0,0.0,5090.0,160.0,0.0,6530.0,6530.0,6530.0,6530.0,6530.0,6390.0,6390.0,6390.0,6390.0,6390.0,6270.0,6270.0,6270.0,6270.0,6270.0,5570.0,5570.0,5570.0,5570.0,5570.0,5250.0,5250.0,5250.0,5250.0,5250.0
34800.0,McKinlay,30.0,0.0,0.0,30.0,0.0,0.0,30.0,0.0,0.0,30.0,0.0,0.0,30.0,0.0,0.0,20.0,0.0,0.0,20.0,0.0,0.0,20.0,0.0,0.0,20.0,0.0,0.0,20.0,0.0,0.0,0.0,0.0,0.0,0.0,0.0,0.0,0.0,0.0,0.0,0.0,0.0,0.0,0.0,0.0,0.0,0.0,0.0,0.0,0.0,0.0,0.0,0.0,0.0,0.0,0.0,0.0,0.0,0.0,0.0,0.0,0.0,0.0,0.0,0.0,0.0,0.0,0.0,0.0,0.0,0.0,0.0,0.0,0.0,0.0,0.0,30.0,30.0,30.0,30.0,30.0,20.0,20.0,20.0,20.0,20.0,0.0,0.0,0.0,0.0,0.0,0.0,0.0,0.0,0.0,0.0,0.0,0.0,0.0,0.0,0.0
34830.0,Mapoon,10.0,0.0,0.0,10.0,0.0,0.0,10.0,0.0,0.0,10.0,0.0,0.0,10.0,0.0,0.0,10.0,0.0,0.0,10.0,0.0,0.0,10.0,0.0,0.0,10.0,0.0,0.0,10.0,0.0,0.0,0.0,0.0,0.0,0.0,0.0,0.0,0.0,0.0,0.0,0.0,0.0,0.0,0.0,0.0,0.0,10.0,0.0,0.0,10.0,0.0,0.0,10.0,0.0,0.0,10.0,0.0,0.0,10.0,0.0,0.0,10.0,0.0,0.0,10.0,0.0,0.0,10.0,0.0,0.0,10.0,0.0,0.0,10.0,0.0,0.0,10.0,10.0,10.0,10.0,10.0,10.0,10.0,10.0,10.0,10.0,0.0,0.0,0.0,0.0,0.0,10.0,10.0,10.0,10.0,10.0,10.0,10.0,10.0,10.0,10.0
34860.0,Maranoa,150.0,10.0,0.0,150.0,10.0,0.0,150.0,10.0,0.0,150.0,10.0,0.0,150.0,10.0,0.0,30.0,0.0,0.0,30.0,0.0,0.0,30.0,0.0,0.0,30.0,0.0,0.0,30.0,0.0,0.0,0.0,0.0,0.0,0.0,0.0,0.0,0.0,0.0,0.0,0.0,0.0,0.0,0.0,0.0,0.0,0.0,0.0,0.0,0.0,0.0,0.0,0.0,0.0,0.0,0.0,0.0,0.0,0.0,0.0,0.0,0.0,0.0,0.0,0.0,0.0,0.0,0.0,0.0,0.0,0.0,0.0,0.0,0.0,0.0,0.0,160.0,160.0,160.0,160.0,160.0,30.0,30.0,30.0,30.0,30.0,0.0,0.0,0.0,0.0,0.0,0.0,0.0,0.0,0.0,0.0,0.0,0.0,0.0,0.0,0.0
34880.0,Mareeba,980.0,60.0,0.0,980.0,60.0,0.0,980.0,60.0,0.0,980.0,60.0,0.0,980.0,60.0,0.0,950.0,60.0,0.0,950.0,60.0,0.0,950.0,60.0,0.0,950.0,60.0,0.0,950.0,60.0,0.0,730.0,40.0,0.0,730.0,40.0,0.0,730.0,40.0,0.0,730.0,40.0,0.0,730.0,40.0,0.0,560.0,30.0,0.0,560.0,30.0,0.0,560.0,30.0,0.0,560.0,30.0,0.0,560.0,30.0,0.0,460.0,20.0,0.0,460.0,20.0,0.0,460.0,20.0,0.0,460.0,20.0,0.0,460.0,20.0,0.0,1040.0,1040.0,1040.0,1040.0,1040.0,1000.0,1000.0,1000.0,1000.0,1000.0,780.0,780.0,780.0,780.0,780.0,590.0,590.0,590.0,590.0,590.0,480.0,480.0,480.0,480.0,480.0
35010.0,Moreton Bay,44080.0,8080.0,10.0,44080.0,8080.0,10.0,44080.0,8080.0,10.0,44080.0,8080.0,10.0,44080.0,8080.0,10.0,40790.0,7480.0,0.0,40790.0,7480.0,0.0,40790.0,7480.0,0.0,40790.0,7480.0,0.0,40790.0,7480.0,0.0,36830.0,6750.0,0.0,36830.0,6750.0,0.0,36830.0,6750.0,0.0,36830.0,6750.0,0.0,36830.0,6750.0,0.0,35710.0,6540.0,0.0,35710.0,6540.0,0.0,35710.0,6540.0,0.0,35710.0,6540.0,0.0,35710.0,6540.0,0.0,35690.0,6540.0,0.0,35690.0,6540.0,0.0,35690.0,6540.0,0.0,35690.0,6540.0,0.0,35690.0,6540.0,0.0,52160.0,52160.0,52160.0,52160.0,52160.0,48270.0,48270.0,48270.0,48270.0,48270.0,43590.0,43590.0,43590.0,43590.0,43590.0,42260.0,42260.0,42260.0,42260.0,42260.0,42230.0,42230.0,42230.0,42230.0,42230.0
35250.0,Mornington,10.0,0.0,0.0,10.0,0.0,0.0,10.0,0.0,0.0,10.0,0.0,0.0,10.0,0.0,0.0,0.0,0.0,0.0,0.0,0.0,0.0,0.0,0.0,0.0,0.0,0.0,0.0,0.0,0.0,0.0,0.0,0.0,0.0,0.0,0.0,0.0,0.0,0.0,0.0,0.0,0.0,0.0,0.0,0.0,0.0,0.0,0.0,0.0,0.0,0.0,0.0,0.0,0.0,0.0,0.0,0.0,0.0,0.0,0.0,0.0,0.0,0.0,0.0,0.0,0.0,0.0,0.0,0.0,0.0,0.0,0.0,0.0,0.0,0.0,0.0,10.0,10.0,10.0,10.0,10.0,0.0,0.0,0.0,0.0,0.0,0.0,0.0,0.0,0.0,0.0,0.0,0.0,0.0,0.0,0.0,0.0,0.0,0.0,0.0,0.0
35300.0,Mount Isa,180.0,60.0,0.0,180.0,60.0,0.0,180.0,60.0,0.0,180.0,60.0,0.0,180.0,60.0,0.0,70.0,20.0,0.0,70.0,20.0,0.0,70.0,20.0,0.0,70.0,20.0,0.0,70.0,20.0,0.0,50.0,10.0,0.0,50.0,10.0,0.0,50.0,10.0,0.0,50.0,10.0,0.0,50.0,10.0,0.0,0.0,0.0,0.0,0.0,0.0,0.0,0.0,0.0,0.0,0.0,0.0,0.0,0.0,0.0,0.0,0.0,0.0,0.0,0.0,0.0,0.0,0.0,0.0,0.0,0.0,0.0,0.0,0.0,0.0,0.0,240.0,240.0,240.0,240.0,240.0,80.0,80.0,80.0,80.0,80.0,60.0,60.0,60.0,60.0,60.0,0.0,0.0,0.0,0.0,0.0,0.0,0.0,0.0,0.0,0.0
35600.0,Murweh,0.0,0.0,0.0,0.0,0.0,0.0,0.0,0.0,0.0,0.0,0.0,0.0,0.0,0.0,0.0,0.0,0.0,0.0,0.0,0.0,0.0,0.0,0.0,0.0,0.0,0.0,0.0,0.0,0.0,0.0,0.0,0.0,0.0,0.0,0.0,0.0,0.0,0.0,0.0,0.0,0.0,0.0,0.0,0.0,0.0,0.0,0.0,0.0,0.0,0.0,0.0,0.0,0.0,0.0,0.0,0.0,0.0,0.0,0.0,0.0,0.0,0.0,0.0,0.0,0.0,0.0,0.0,0.0,0.0,0.0,0.0,0.0,0.0,0.0,0.0,0.0,0.0,0.0,0.0,0.0,0.0,0.0,0.0,0.0,0.0,0.0,0.0,0.0,0.0,0.0,0.0,0.0,0.0,0.0,0.0,0.0,0.0,0.0,0.0,0.0
35670.0,Napranum,20.0,0.0,0.0,20.0,0.0,0.0,20.0,0.0,0.0,20.0,0.0,0.0,20.0,0.0,0.0,10.0,0.0,0.0,10.0,0.0,0.0,10.0,0.0,0.0,10.0,0.0,0.0,10.0,0.0,0.0,10.0,0.0,0.0,10.0,0.0,0.0,10.0,0.0,0.0,10.0,0.0,0.0,10.0,0.0,0.0,10.0,0.0,0.0,10.0,0.0,0.0,10.0,0.0,0.0,10.0,0.0,0.0,10.0,0.0,0.0,10.0,0.0,0.0,10.0,0.0,0.0,10.0,0.0,0.0,10.0,0.0,0.0,10.0,0.0,0.0,20.0,20.0,20.0,20.0,20.0,10.0,10.0,10.0,10.0,10.0,10.0,10.0,10.0,10.0,10.0,10.0,10.0,10.0,10.0,10.0,10.0,10.0,10.0,10.0,10.0
35740.0,Noosa,1960.0,720.0,0.0,1960.0,720.0,0.0,1960.0,720.0,0.0,1960.0,720.0,0.0,1960.0,720.0,0.0,1080.0,400.0,0.0,1080.0,400.0,0.0,1080.0,400.0,0.0,1080.0,400.0,0.0,1080.0,400.0,0.0,900.0,330.0,0.0,900.0,330.0,0.0,900.0,330.0,0.0,900.0,330.0,0.0,900.0,330.0,0.0,820.0,300.0,0.0,820.0,300.0,0.0,820.0,300.0,0.0,820.0,300.0,0.0,820.0,300.0,0.0,740.0,270.0,0.0,740.0,270.0,0.0,740.0,270.0,0.0,740.0,270.0,0.0,740.0,270.0,0.0,2680.0,2680.0,2680.0,2680.0,2680.0,1470.0,1470.0,1470.0,1470.0,1470.0,1230.0,1230.0,1230.0,1230.0,1230.0,1130.0,1130.0,1130.0,1130.0,1130.0,1010.0,1010.0,1010.0,1010.0,1010.0
35760.0,North Burnett,170.0,0.0,0.0,170.0,0.0,0.0,170.0,0.0,0.0,170.0,0.0,0.0,170.0,0.0,0.0,80.0,0.0,0.0,80.0,0.0,0.0,80.0,0.0,0.0,80.0,0.0,0.0,80.0,0.0,0.0,110.0,0.0,0.0,110.0,0.0,0.0,110.0,0.0,0.0,110.0,0.0,0.0,110.0,0.0,0.0,80.0,0.0,0.0,80.0,0.0,0.0,80.0,0.0,0.0,80.0,0.0,0.0,80.0,0.0,0.0,70.0,0.0,0.0,70.0,0.0,0.0,70.0,0.0,0.0,70.0,0.0,0.0,70.0,0.0,0.0,170.0,170.0,170.0,170.0,170.0,80.0,80.0,80.0,80.0,80.0,110.0,110.0,110.0,110.0,110.0,80.0,80.0,80.0,80.0,80.0,70.0,70.0,70.0,70.0,70.0
35780.0,Northern Peninsula Area,70.0,0.0,0.0,70.0,0.0,0.0,70.0,0.0,0.0,70.0,0.0,0.0,70.0,0.0,0.0,40.0,0.0,0.0,40.0,0.0,0.0,40.0,0.0,0.0,40.0,0.0,0.0,40.0,0.0,0.0,40.0,0.0,0.0,40.0,0.0,0.0,40.0,0.0,0.0,40.0,0.0,0.0,40.0,0.0,0.0,60.0,0.0,0.0,60.0,0.0,0.0,60.0,0.0,0.0,60.0,0.0,0.0,60.0,0.0,0.0,30.0,0.0,0.0,30.0,0.0,0.0,30.0,0.0,0.0,30.0,0.0,0.0,30.0,0.0,0.0,70.0,70.0,70.0,70.0,70.0,40.0,40.0,40.0,40.0,40.0,40.0,40.0,40.0,40.0,40.0,60.0,60.0,60.0,60.0,60.0,30.0,30.0,30.0,30.0,30.0
35790.0,Palm Island,70.0,0.0,0.0,70.0,0.0,0.0,70.0,0.0,0.0,70.0,0.0,0.0,70.0,0.0,0.0,80.0,0.0,0.0,80.0,0.0,0.0,80.0,0.0,0.0,80.0,0.0,0.0,80.0,0.0,0.0,140.0,0.0,0.0,140.0,0.0,0.0,140.0,0.0,0.0,140.0,0.0,0.0,140.0,0.0,0.0,210.0,0.0,0.0,210.0,0.0,0.0,210.0,0.0,0.0,210.0,0.0,0.0,210.0,0.0,0.0,280.0,0.0,0.0,280.0,0.0,0.0,280.0,0.0,0.0,280.0,0.0,0.0,280.0,0.0,0.0,70.0,70.0,70.0,70.0,70.0,80.0,80.0,80.0,80.0,80.0,140.0,140.0,140.0,140.0,140.0,210.0,210.0,210.0,210.0,210.0,280.0,280.0,280.0,280.0,280.0
35800.0,Paroo,0.0,0.0,0.0,0.0,0.0,0.0,0.0,0.0,0.0,0.0,0.0,0.0,0.0,0.0,0.0,0.0,0.0,0.0,0.0,0.0,0.0,0.0,0.0,0.0,0.0,0.0,0.0,0.0,0.0,0.0,0.0,0.0,0.0,0.0,0.0,0.0,0.0,0.0,0.0,0.0,0.0,0.0,0.0,0.0,0.0,0.0,0.0,0.0,0.0,0.0,0.0,0.0,0.0,0.0,0.0,0.0,0.0,0.0,0.0,0.0,0.0,0.0,0.0,0.0,0.0,0.0,0.0,0.0,0.0,0.0,0.0,0.0,0.0,0.0,0.0,0.0,0.0,0.0,0.0,0.0,0.0,0.0,0.0,0.0,0.0,0.0,0.0,0.0,0.0,0.0,0.0,0.0,0.0,0.0,0.0,0.0,0.0,0.0,0.0,0.0
36070.0,Pormpuraaw,20.0,0.0,0.0,20.0,0.0,0.0,20.0,0.0,0.0,20.0,0.0,0.0,20.0,0.0,0.0,20.0,0.0,0.0,20.0,0.0,0.0,20.0,0.0,0.0,20.0,0.0,0.0,20.0,0.0,0.0,20.0,0.0,0.0,20.0,0.0,0.0,20.0,0.0,0.0,20.0,0.0,0.0,20.0,0.0,0.0,10.0,0.0,0.0,10.0,0.0,0.0,10.0,0.0,0.0,10.0,0.0,0.0,10.0,0.0,0.0,10.0,0.0,0.0,10.0,0.0,0.0,10.0,0.0,0.0,10.0,0.0,0.0,10.0,0.0,0.0,20.0,20.0,20.0,20.0,20.0,20.0,20.0,20.0,20.0,20.0,20.0,20.0,20.0,20.0,20.0,10.0,10.0,10.0,10.0,10.0,10.0,10.0,10.0,10.0,10.0
36150.0,Quilpie,0.0,0.0,0.0,0.0,0.0,0.0,0.0,0.0,0.0,0.0,0.0,0.0,0.0,0.0,0.0,0.0,0.0,0.0,0.0,0.0,0.0,0.0,0.0,0.0,0.0,0.0,0.0,0.0,0.0,0.0,0.0,0.0,0.0,0.0,0.0,0.0,0.0,0.0,0.0,0.0,0.0,0.0,0.0,0.0,0.0,0.0,0.0,0.0,0.0,0.0,0.0,0.0,0.0,0.0,0.0,0.0,0.0,0.0,0.0,0.0,0.0,0.0,0.0,0.0,0.0,0.0,0.0,0.0,0.0,0.0,0.0,0.0,0.0,0.0,0.0,0.0,0.0,0.0,0.0,0.0,0.0,0.0,0.0,0.0,0.0,0.0,0.0,0.0,0.0,0.0,0.0,0.0,0.0,0.0,0.0,0.0,0.0,0.0,0.0,0.0
36250.0,Redland,8510.0,880.0,0.0,8510.0,880.0,0.0,8510.0,880.0,0.0,8510.0,880.0,0.0,8510.0,880.0,0.0,6110.0,630.0,0.0,6110.0,630.0,0.0,6110.0,630.0,0.0,6110.0,630.0,0.0,6110.0,630.0,0.0,4650.0,480.0,0.0,4650.0,480.0,0.0,4650.0,480.0,0.0,4650.0,480.0,0.0,4650.0,480.0,0.0,3530.0,360.0,0.0,3530.0,360.0,0.0,3530.0,360.0,0.0,3530.0,360.0,0.0,3530.0,360.0,0.0,1630.0,170.0,0.0,1630.0,170.0,0.0,1630.0,170.0,0.0,1630.0,170.0,0.0,1630.0,170.0,0.0,9390.0,9390.0,9390.0,9390.0,9390.0,6750.0,6750.0,6750.0,6750.0,6750.0,5130.0,5130.0,5130.0,5130.0,5130.0,3900.0,3900.0,3900.0,3900.0,3900.0,1800.0,1800.0,1800.0,1800.0,1800.0
36300.0,Richmond,10.0,10.0,0.0,10.0,10.0,0.0,10.0,10.0,0.0,10.0,10.0,0.0,10.0,10.0,0.0,10.0,10.0,0.0,10.0,10.0,0.0,10.0,10.0,0.0,10.0,10.0,0.0,10.0,10.0,0.0,0.0,0.0,0.0,0.0,0.0,0.0,0.0,0.0,0.0,0.0,0.0,0.0,0.0,0.0,0.0,0.0,0.0,0.0,0.0,0.0,0.0,0.0,0.0,0.0,0.0,0.0,0.0,0.0,0.0,0.0,0.0,0.0,0.0,0.0,0.0,0.0,0.0,0.0,0.0,0.0,0.0,0.0,0.0,0.0,0.0,20.0,20.0,20.0,20.0,20.0,20.0,20.0,20.0,20.0,20.0,0.0,0.0,0.0,0.0,0.0,0.0,0.0,0.0,0.0,0.0,0.0,0.0,0.0,0.0,0.0
36370.0,Rockhampton,1870.0,180.0,0.0,1870.0,180.0,0.0,1870.0,180.0,0.0,1870.0,180.0,0.0,1870.0,180.0,0.0,2090.0,210.0,0.0,2090.0,210.0,0.0,2090.0,210.0,0.0,2090.0,210.0,0.0,2090.0,210.0,0.0,1980.0,200.0,0.0,1980.0,200.0,0.0,1980.0,200.0,0.0,1980.0,200.0,0.0,1980.0,200.0,0.0,1640.0,160.0,0.0,1640.0,160.0,0.0,1640.0,160.0,0.0,1640.0,160.0,0.0,1640.0,160.0,0.0,1790.0,180.0,0.0,1790.0,180.0,0.0,1790.0,180.0,0.0,1790.0,180.0,0.0,1790.0,180.0,0.0,2050.0,2050.0,2050.0,2050.0,2050.0,2300.0,2300.0,2300.0,2300.0,2300.0,2170.0,2170.0,2170.0,2170.0,2170.0,1800.0,1800.0,1800.0,1800.0,1800.0,1970.0,1970.0,1970.0,1970.0,1970.0
36510.0,Scenic Rim,3060.0,190.0,0.0,3060.0,190.0,0.0,3060.0,190.0,0.0,3060.0,190.0,0.0,3060.0,190.0,0.0,2790.0,180.0,0.0,2790.0,180.0,0.0,2790.0,180.0,0.0,2790.0,180.0,0.0,2790.0,180.0,0.0,1910.0,120.0,0.0,1910.0,120.0,0.0,1910.0,120.0,0.0,1910.0,120.0,0.0,1910.0,120.0,0.0,1400.0,90.0,0.0,1400.0,90.0,0.0,1400.0,90.0,0.0,1400.0,90.0,0.0,1400.0,90.0,0.0,1080.0,70.0,0.0,1080.0,70.0,0.0,1080.0,70.0,0.0,1080.0,70.0,0.0,1080.0,70.0,0.0,3240.0,3240.0,3240.0,3240.0,3240.0,2970.0,2970.0,2970.0,2970.0,2970.0,2030.0,2030.0,2030.0,2030.0,2030.0,1480.0,1480.0,1480.0,1480.0,1480.0,1150.0,1150.0,1150.0,1150.0,1150.0
36580.0,Somerset,1310.0,10.0,0.0,1310.0,10.0,0.0,1310.0,10.0,0.0,1310.0,10.0,0.0,1310.0,10.0,0.0,1630.0,10.0,0.0,1630.0,10.0,0.0,1630.0,10.0,0.0,1630.0,10.0,0.0,1630.0,10.0,0.0,1640.0,10.0,0.0,1640.0,10.0,0.0,1640.0,10.0,0.0,1640.0,10.0,0.0,1640.0,10.0,0.0,1680.0,10.0,0.0,1680.0,10.0,0.0,1680.0,10.0,0.0,1680.0,10.0,0.0,1680.0,10.0,0.0,1700.0,10.0,0.0,1700.0,10.0,0.0,1700.0,10.0,0.0,1700.0,10.0,0.0,1700.0,10.0,0.0,1320.0,1320.0,1320.0,1320.0,1320.0,1640.0,1640.0,1640.0,1640.0,1640.0,1650.0,1650.0,1650.0,1650.0,1650.0,1680.0,1680.0,1680.0,1680.0,1680.0,1700.0,1700.0,1700.0,1700.0,1700.0
36630.0,South Burnett,1130.0,30.0,0.0,1130.0,30.0,0.0,1130.0,30.0,0.0,1130.0,30.0,0.0,1130.0,30.0,0.0,1280.0,40.0,0.0,1280.0,40.0,0.0,1280.0,40.0,0.0,1280.0,40.0,0.0,1280.0,40.0,0.0,1290.0,40.0,0.0,1290.0,40.0,0.0,1290.0,40.0,0.0,1290.0,40.0,0.0,1290.0,40.0,0.0,1230.0,30.0,0.0,1230.0,30.0,0.0,1230.0,30.0,0.0,1230.0,30.0,0.0,1230.0,30.0,0.0,1200.0,30.0,0.0,1200.0,30.0,0.0,1200.0,30.0,0.0,1200.0,30.0,0.0,1200.0,30.0,0.0,1170.0,1170.0,1170.0,1170.0,1170.0,1320.0,1320.0,1320.0,1320.0,1320.0,1330.0,1330.0,1330.0,1330.0,1330.0,1260.0,1260.0,1260.0,1260.0,1260.0,1230.0,1230.0,1230.0,1230.0,1230.0
36660.0,Southern Downs,670.0,80.0,0.0,670.0,80.0,0.0,670.0,80.0,0.0,670.0,80.0,0.0,670.0,80.0,0.0,860.0,90.0,0.0,860.0,90.0,0.0,860.0,90.0,0.0,860.0,90.0,0.0,860.0,90.0,0.0,680.0,80.0,0.0,680.0,80.0,0.0,680.0,80.0,0.0,680.0,80.0,0.0,680.0,80.0,0.0,330.0,40.0,0.0,330.0,40.0,0.0,330.0,40.0,0.0,330.0,40.0,0.0,330.0,40.0,0.0,120.0,10.0,0.0,120.0,10.0,0.0,120.0,10.0,0.0,120.0,10.0,0.0,120.0,10.0,0.0,740.0,740.0,740.0,740.0,740.0,960.0,960.0,960.0,960.0,960.0,750.0,750.0,750.0,750.0,750.0,370.0,370.0,370.0,370.0,370.0,130.0,130.0,130.0,130.0,130.0
36720.0,Sunshine Coast,27290.0,3060.0,10.0,27290.0,3060.0,10.0,27290.0,3060.0,10.0,27290.0,3060.0,10.0,27290.0,3060.0,10.0,24930.0,2790.0,10.0,24930.0,2790.0,10.0,24930.0,2790.0,10.0,24930.0,2790.0,10.0,24930.0,2790.0,10.0,24680.0,2760.0,10.0,24680.0,2760.0,10.0,24680.0,2760.0,10.0,24680.0,2760.0,10.0,24680.0,2760.0,10.0,22880.0,2560.0,10.0,22880.0,2560.0,10.0,22880.0,2560.0,10.0,22880.0,2560.0,10.0,22880.0,2560.0,10.0,21720.0,2430.0,10.0,21720.0,2430.0,10.0,21720.0,2430.0,10.0,21720.0,2430.0,10.0,21720.0,2430.0,10.0,30360.0,30360.0,30360.0,30360.0,30360.0,27720.0,27720.0,27720.0,27720.0,27720.0,27440.0,27440.0,27440.0,27440.0,27440.0,25450.0,25450.0,25450.0,25450.0,25450.0,24160.0,24160.0,24160.0,24160.0,24160.0
36820.0,Tablelands,1390.0,20.0,0.0,1390.0,20.0,0.0,1390.0,20.0,0.0,1390.0,20.0,0.0,1390.0,20.0,0.0,1250.0,20.0,0.0,1250.0,20.0,0.0,1250.0,20.0,0.0,1250.0,20.0,0.0,1250.0,20.0,0.0,1150.0,20.0,0.0,1150.0,20.0,0.0,1150.0,20.0,0.0,1150.0,20.0,0.0,1150.0,20.0,0.0,1040.0,10.0,0.0,1040.0,10.0,0.0,1040.0,10.0,0.0,1040.0,10.0,0.0,1040.0,10.0,0.0,960.0,10.0,0.0,960.0,10.0,0.0,960.0,10.0,0.0,960.0,10.0,0.0,960.0,10.0,0.0,1410.0,1410.0,1410.0,1410.0,1410.0,1270.0,1270.0,1270.0,1270.0,1270.0,1170.0,1170.0,1170.0,1170.0,1170.0,1050.0,1050.0,1050.0,1050.0,1050.0,970.0,970.0,970.0,970.0,970.0
36910.0,Toowoomba,6380.0,360.0,0.0,6380.0,360.0,0.0,6380.0,360.0,0.0,6380.0,360.0,0.0,6380.0,360.0,0.0,7030.0,390.0,0.0,7030.0,390.0,0.0,7030.0,390.0,0.0,7030.0,390.0,0.0,7030.0,390.0,0.0,6340.0,350.0,0.0,6340.0,350.0,0.0,6340.0,350.0,0.0,6340.0,350.0,0.0,6340.0,350.0,0.0,5210.0,290.0,0.0,5210.0,290.0,0.0,5210.0,290.0,0.0,5210.0,290.0,0.0,5210.0,290.0,0.0,4580.0,260.0,0.0,4580.0,260.0,0.0,4580.0,260.0,0.0,4580.0,260.0,0.0,4580.0,260.0,0.0,6740.0,6740.0,6740.0,6740.0,6740.0,7420.0,7420.0,7420.0,7420.0,7420.0,6690.0,6690.0,6690.0,6690.0,6690.0,5500.0,5500.0,5500.0,5500.0,5500.0,4830.0,4830.0,4830.0,4830.0,4830.0
36950.0,Torres,0.0,60.0,0.0,0.0,60.0,0.0,0.0,60.0,0.0,0.0,60.0,0.0,0.0,60.0,0.0,0.0,40.0,0.0,0.0,40.0,0.0,0.0,40.0,0.0,0.0,40.0,0.0,0.0,40.0,0.0,0.0,40.0,0.0,0.0,40.0,0.0,0.0,40.0,0.0,0.0,40.0,0.0,0.0,40.0,0.0,0.0,10.0,0.0,0.0,10.0,0.0,0.0,10.0,0.0,0.0,10.0,0.0,0.0,10.0,0.0,0.0,0.0,0.0,0.0,0.0,0.0,0.0,0.0,0.0,0.0,0.0,0.0,0.0,0.0,0.0,60.0,60.0,60.0,60.0,60.0,40.0,40.0,40.0,40.0,40.0,40.0,40.0,40.0,40.0,40.0,10.0,10.0,10.0,10.0,10.0,0.0,0.0,0.0,0.0,0.0
36960.0,Torres Strait Island,70.0,0.0,0.0,70.0,0.0,0.0,70.0,0.0,0.0,70.0,0.0,0.0,70.0,0.0,0.0,0.0,0.0,0.0,0.0,0.0,0.0,0.0,0.0,0.0,0.0,0.0,0.0,0.0,0.0,0.0,0.0,0.0,0.0,0.0,0.0,0.0,0.0,0.0,0.0,0.0,0.0,0.0,0.0,0.0,0.0,0.0,0.0,0.0,0.0,0.0,0.0,0.0,0.0,0.0,0.0,0.0,0.0,0.0,0.0,0.0,0.0,0.0,0.0,0.0,0.0,0.0,0.0,0.0,0.0,0.0,0.0,0.0,0.0,0.0,0.0,70.0,70.0,70.0,70.0,70.0,0.0,0.0,0.0,0.0,0.0,0.0,0.0,0.0,0.0,0.0,0.0,0.0,0.0,0.0,0.0,0.0,0.0,0.0,0.0,0.0
37010.0,Townsville,8300.0,570.0,0.0,8300.0,570.0,0.0,8300.0,570.0,0.0,8300.0,570.0,0.0,8300.0,570.0,0.0,10190.0,700.0,0.0,10190.0,700.0,0.0,10190.0,700.0,0.0,10190.0,700.0,0.0,10190.0,700.0,0.0,10050.0,690.0,0.0,10050.0,690.0,0.0,10050.0,690.0,0.0,10050.0,690.0,0.0,10050.0,690.0,0.0,9220.0,630.0,0.0,9220.0,630.0,0.0,9220.0,630.0,0.0,9220.0,630.0,0.0,9220.0,630.0,0.0,8120.0,560.0,0.0,8120.0,560.0,0.0,8120.0,560.0,0.0,8120.0,560.0,0.0,8120.0,560.0,0.0,8870.0,8870.0,8870.0,8870.0,8870.0,10900.0,10900.0,10900.0,10900.0,10900.0,10740.0,10740.0,10740.0,10740.0,10740.0,9860.0,9860.0,9860.0,9860.0,9860.0,8680.0,8680.0,8680.0,8680.0,8680.0
37300.0,Weipa,40.0,0.0,0.0,40.0,0.0,0.0,40.0,0.0,0.0,40.0,0.0,0.0,40.0,0.0,0.0,10.0,0.0,0.0,10.0,0.0,0.0,10.0,0.0,0.0,10.0,0.0,0.0,10.0,0.0,0.0,20.0,0.0,0.0,20.0,0.0,0.0,20.0,0.0,0.0,20.0,0.0,0.0,20.0,0.0,0.0,0.0,0.0,0.0,0.0,0.0,0.0,0.0,0.0,0.0,0.0,0.0,0.0,0.0,0.0,0.0,0.0,0.0,0.0,0.0,0.0,0.0,0.0,0.0,0.0,0.0,0.0,0.0,0.0,0.0,0.0,40.0,40.0,40.0,40.0,40.0,10.0,10.0,10.0,10.0,10.0,20.0,20.0,20.0,20.0,20.0,0.0,0.0,0.0,0.0,0.0,0.0,0.0,0.0,0.0,0.0
37310.0,Western Downs,940.0,10.0,0.0,940.0,10.0,0.0,940.0,10.0,0.0,940.0,10.0,0.0,940.0,10.0,0.0,970.0,10.0,0.0,970.0,10.0,0.0,970.0,10.0,0.0,970.0,10.0,0.0,970.0,10.0,0.0,550.0,10.0,0.0,550.0,10.0,0.0,550.0,10.0,0.0,550.0,10.0,0.0,550.0,10.0,0.0,220.0,10.0,0.0,220.0,10.0,0.0,220.0,10.0,0.0,220.0,10.0,0.0,220.0,10.0,0.0,0.0,0.0,0.0,0.0,0.0,0.0,0.0,0.0,0.0,0.0,0.0,0.0,0.0,0.0,0.0,950.0,950.0,950.0,950.0,950.0,980.0,980.0,980.0,980.0,980.0,560.0,560.0,560.0,560.0,560.0,230.0,230.0,230.0,230.0,230.0,0.0,0.0,0.0,0.0,0.0
37340.0,Whitsunday,1590.0,260.0,0.0,1590.0,260.0,0.0,1590.0,260.0,0.0,1590.0,260.0,0.0,1590.0,260.0,0.0,1580.0,260.0,0.0,1580.0,260.0,0.0,1580.0,260.0,0.0,1580.0,260.0,0.0,1580.0,260.0,0.0,1580.0,260.0,0.0,1580.0,260.0,0.0,1580.0,260.0,0.0,1580.0,260.0,0.0,1580.0,260.0,0.0,1540.0,250.0,0.0,1540.0,250.0,0.0,1540.0,250.0,0.0,1540.0,250.0,0.0,1540.0,250.0,0.0,1540.0,250.0,0.0,1540.0,250.0,0.0,1540.0,250.0,0.0,1540.0,250.0,0.0,1540.0,250.0,0.0,1860.0,1860.0,1860.0,1860.0,1860.0,1840.0,1840.0,1840.0,1840.0,1840.0,1830.0,1830.0,1830.0,1830.0,1830.0,1790.0,1790.0,1790.0,1790.0,1790.0,1790.0,1790.0,1790.0,1790.0,1790.0
37400.0,Winton,20.0,0.0,0.0,20.0,0.0,0.0,20.0,0.0,0.0,20.0,0.0,0.0,20.0,0.0,0.0,0.0,0.0,0.0,0.0,0.0,0.0,0.0,0.0,0.0,0.0,0.0,0.0,0.0,0.0,0.0,0.0,0.0,0.0,0.0,0.0,0.0,0.0,0.0,0.0,0.0,0.0,0.0,0.0,0.0,0.0,0.0,0.0,0.0,0.0,0.0,0.0,0.0,0.0,0.0,0.0,0.0,0.0,0.0,0.0,0.0,0.0,0.0,0.0,0.0,0.0,0.0,0.0,0.0,0.0,0.0,0.0,0.0,0.0,0.0,0.0,20.0,20.0,20.0,20.0,20.0,0.0,0.0,0.0,0.0,0.0,0.0,0.0,0.0,0.0,0.0,0.0,0.0,0.0,0.0,0.0,0.0,0.0,0.0,0.0,0.0
37550.0,Woorabinda,40.0,0.0,0.0,40.0,0.0,0.0,40.0,0.0,0.0,40.0,0.0,0.0,40.0,0.0,0.0,20.0,0.0,0.0,20.0,0.0,0.0,20.0,0.0,0.0,20.0,0.0,0.0,20.0,0.0,0.0,20.0,0.0,0.0,20.0,0.0,0.0,20.0,0.0,0.0,20.0,0.0,0.0,20.0,0.0,0.0,20.0,0.0,0.0,20.0,0.0,0.0,20.0,0.0,0.0,20.0,0.0,0.0,20.0,0.0,0.0,20.0,0.0,0.0,20.0,0.0,0.0,20.0,0.0,0.0,20.0,0.0,0.0,20.0,0.0,0.0,40.0,40.0,40.0,40.0,40.0,20.0,20.0,20.0,20.0,20.0,20.0,20.0,20.0,20.0,20.0,20.0,20.0,20.0,20.0,20.0,20.0,20.0,20.0,20.0,20.0
37570.0,Wujal Wujal,30.0,0.0,0.0,30.0,0.0,0.0,30.0,0.0,0.0,30.0,0.0,0.0,30.0,0.0,0.0,10.0,0.0,0.0,10.0,0.0,0.0,10.0,0.0,0.0,10.0,0.0,0.0,10.0,0.0,0.0,0.0,0.0,0.0,0.0,0.0,0.0,0.0,0.0,0.0,0.0,0.0,0.0,0.0,0.0,0.0,0.0,0.0,0.0,0.0,0.0,0.0,0.0,0.0,0.0,0.0,0.0,0.0,0.0,0.0,0.0,0.0,0.0,0.0,0.0,0.0,0.0,0.0,0.0,0.0,0.0,0.0,0.0,0.0,0.0,0.0,30.0,30.0,30.0,30.0,30.0,10.0,10.0,10.0,10.0,10.0,0.0,0.0,0.0,0.0,0.0,0.0,0.0,0.0,0.0,0.0,0.0,0.0,0.0,0.0,0.0
37600.0,Yarrabah,90.0,0.0,0.0,90.0,0.0,0.0,90.0,0.0,0.0,90.0,0.0,0.0,90.0,0.0,0.0,90.0,0.0,0.0,90.0,0.0,0.0,90.0,0.0,0.0,90.0,0.0,0.0,90.0,0.0,0.0,110.0,0.0,0.0,110.0,0.0,0.0,110.0,0.0,0.0,110.0,0.0,0.0,110.0,0.0,0.0,130.0,0.0,0.0,130.0,0.0,0.0,130.0,0.0,0.0,130.0,0.0,0.0,130.0,0.0,0.0,140.0,0.0,0.0,140.0,0.0,0.0,140.0,0.0,0.0,140.0,0.0,0.0,140.0,0.0,0.0,90.0,90.0,90.0,90.0,90.0,90.0,90.0,90.0,90.0,90.0,110.0,110.0,110.0,110.0,110.0,130.0,130.0,130.0,130.0,130.0,140.0,140.0,140.0,140.0,140.0
,,,,,,,,,,,,,,,,,,,,,,,,,,,,,,,,,,,,,,,,,,,,,,,,,,,,,,,,,,,,,,,,,,,,,,,,,,,,,0.0,0.0,0.0,0.0,0.0,0.0,0.0,0.0,0.0,0.0,0.0,0.0,0.0,0.0,0.0,0.0,0.0,0.0,0.0,0.0,0.0,0.0,0.0,0.0,0.0
,,,,,,,,,,,,,,,,,,,,,,,,,,,,,,,,,,,,,,,,,,,,,,,,,,,,,,,,,,,,,,,,,,,,,,,,,,,,,0.0,0.0,0.0,0.0,0.0,0.0,0.0,0.0,0.0,0.0,0.0,0.0,0.0,0.0,0.0,0.0,0.0,0.0,0.0,0.0,0.0,0.0,0.0,0.0,0.0
