lga_code,lga_name,2021_incr_det_vs,2021_incr_med_vs,2021_incr_high_vs,2022_incr_det_vs,2022_incr_med_vs,2022_incr_high_vs,2023_incr_det_vs,2023_incr_med_vs,2023_incr_high_vs,2024_incr_det_vs,2024_incr_med_vs,2024_incr_high_vs,2025_incr_det_vs,2025_incr_med_vs,2025_incr_high_vs,2026_incr_det_vs,2026_incr_med_vs,2026_incr_high_vs,2027_incr_det_vs,2027_incr_med_vs,2027_incr_high_vs,2028_incr_det_vs,2028_incr_med_vs,2028_incr_high_vs,2029_incr_det_vs,2029_incr_med_vs,2029_incr_high_vs,2030_incr_det_vs,2030_incr_med_vs,2030_incr_high_vs,2031_incr_det_vs,2031_incr_med_vs,2031_incr_high_vs,2032_incr_det_vs,2032_incr_med_vs,2032_incr_high_vs,2033_incr_det_vs,2033_incr_med_vs,2033_incr_high_vs,2034_incr_det_vs,2034_incr_med_vs,2034_incr_high_vs,2035_incr_det_vs,2035_incr_med_vs,2035_incr_high_vs,2021_total_intensity,2022_total_intensity,2023_total_intensity,2024_total_intensity,2025_total_intensity,2026_total_intensity,2027_total_intensity,2028_total_intensity,2029_total_intensity,2030_total_intensity,2031_total_intensity,2032_total_intensity,2033_total_intensity,2034_total_intensity,2035_total_intensity
30250,Aurukun,90.0,0.0,0.0,90.0,0.0,0.0,90.0,0.0,0.0,90.0,0.0,0.0,90.0,0.0,0.0,20.0,0.0,0.0,20.0,0.0,0.0,20.0,0.0,0.0,20.0,0.0,0.0,20.0,0.0,0.0,20.0,0.0,0.0,20.0,0.0,0.0,20.0,0.0,0.0,20.0,0.0,0.0,20.0,0.0,0.0,90.0,90.0,90.0,90.0,90.0,20.0,20.0,20.0,20.0,20.0,20.0,20.0,20.0,20.0,20.0
30300,Balonne,30.0,0.0,0.0,30.0,0.0,0.0,30.0,0.0,0.0,30.0,0.0,0.0,30.0,0.0,0.0,10.0,0.0,0.0,10.0,0.0,0.0,10.0,0.0,0.0,10.0,0.0,0.0,10.0,0.0,0.0,0.0,0.0,0.0,0.0,0.0,0.0,0.0,0.0,0.0,0.0,0.0,0.0,0.0,0.0,0.0,30.0,30.0,30.0,30.0,30.0,10.0,10.0,10.0,10.0,10.0,0.0,0.0,0.0,0.0,0.0
30370,Banana,220.0,0.0,0.0,220.0,0.0,0.0,220.0,0.0,0.0,220.0,0.0,0.0,220.0,0.0,0.0,90.0,0.0,0.0,90.0,0.0,0.0,90.0,0.0,0.0,90.0,0.0,0.0,90.0,0.0,0.0,0.0,0.0,0.0,0.0,0.0,0.0,0.0,0.0,0.0,0.0,0.0,0.0,0.0,0.0,0.0,220.0,220.0,220.0,220.0,220.0,90.0,90.0,90.0,90.0,90.0,0.0,0.0,0.0,0.0,0.0
30410,Barcaldine,0.0,0.0,0.0,0.0,0.0,0.0,0.0,0.0,0.0,0.0,0.0,0.0,0.0,0.0,0.0,0.0,0.0,0.0,0.0,0.0,0.0,0.0,0.0,0.0,0.0,0.0,0.0,0.0,0.0,0.0,0.0,0.0,0.0,0.0,0.0,0.0,0.0,0.0,0.0,0.0,0.0,0.0,0.0,0.0,0.0,0.0,0.0,0.0,0.0,0.0,0.0,0.0,0.0,0.0,0.0,0.0,0.0,0.0,0.0,0.0
30450,Barcoo,0.0,0.0,0.0,0.0,0.0,0.0,0.0,0.0,0.0,0.0,0.0,0.0,0.0,0.0,0.0,0.0,0.0,0.0,0.0,0.0,0.0,0.0,0.0,0.0,0.0,0.0,0.0,0.0,0.0,0.0,0.0,0.0,0.0,0.0,0.0,0.0,0.0,0.0,0.0,0.0,0.0,0.0,0.0,0.0,0.0,0.0,0.0,0.0,0.0,0.0,0.0,0.0,0.0,0.0,0.0,0.0,0.0,0.0,0.0,0.0
30760,Blackall Tambo,0.0,0.0,0.0,0.0,0.0,0.0,0.0,0.0,0.0,0.0,0.0,0.0,0.0,0.0,0.0,0.0,0.0,0.0,0.0,0.0,0.0,0.0,0.0,0.0,0.0,0.0,0.0,0.0,0.0,0.0,0.0,0.0,0.0,0.0,0.0,0.0,0.0,0.0,0.0,0.0,0.0,0.0,0.0,0.0,0.0,0.0,0.0,0.0,0.0,0.0,0.0,0.0,0.0,0.0,0.0,0.0,0.0,0.0,0.0,0.0
30900,Boulia,10.0,0.0,0.0,10.0,0.0,0.0,10.0,0.0,0.0,10.0,0.0,0.0,10.0,0.0,0.0,0.0,0.0,0.0,0.0,0.0,0.0,0.0,0.0,0.0,0.0,0.0,0.0,0.0,0.0,0.0,0.0,0.0,0.0,0.0,0.0,0.0,0.0,0.0,0.0,0.0,0.0,0.0,0.0,0.0,0.0,10.0,10.0,10.0,10.0,10.0,0.0,0.0,0.0,0.0,0.0,0.0,0.0,0.0,0.0,0.0
31000,Brisbane,22760.0,6510.0,40.0,22760.0,6510.0,40.0,22760.0,6510.0,40.0,22760.0,6510.0,40.0,22760.0,6510.0,40.0,18890.0,5400.0,30.0,18890.0,5400.0,30.0,18890.0,5400.0,30.0,18890.0,5400.0,30.0,18890.0,5400.0,30.0,19580.0,5600.0,30.0,19580.0,5600.0,30.0,19580.0,5600.0,30.0,19580.0,5600.0,30.0,19580.0,5600.0,30.0,29310.0,29310.0,29310.0,29310.0,29310.0,24320.0,24320.0,24320.0,24320.0,24320.0,25210.0,25210.0,25210.0,25210.0,25210.0
31750,Bulloo,0.0,0.0,0.0,0.0,0.0,0.0,0.0,0.0,0.0,0.0,0.0,0.0,0.0,0.0,0.0,0.0,0.0,0.0,0.0,0.0,0.0,0.0,0.0,0.0,0.0,0.0,0.0,0.0,0.0,0.0,0.0,0.0,0.0,0.0,0.0,0.0,0.0,0.0,0.0,0.0,0.0,0.0,0.0,0.0,0.0,0.0,0.0,0.0,0.0,0.0,0.0,0.0,0.0,0.0,0.0,0.0,0.0,0.0,0.0,0.0
31820,Bundaberg,3720.0,60.0,0.0,3720.0,60.0,0.0,3720.0,60.0,0.0,3720.0,60.0,0.0,3720.0,60.0,0.0,3320.0,60.0,0.0,3320.0,60.0,0.0,3320.0,60.0,0.0,3320.0,60.0,0.0,3320.0,60.0,0.0,2740.0,40.0,0.0,2740.0,40.0,0.0,2740.0,40.0,0.0,2740.0,40.0,0.0,2740.0,40.0,0.0,3780.0,3780.0,3780.0,3780.0,3780.0,3380.0,3380.0,3380.0,3380.0,3380.0,2780.0,2780.0,2780.0,2780.0,2780.0
31900,Burdekin,180.0,10.0,0.0,180.0,10.0,0.0,180.0,10.0,0.0,180.0,10.0,0.0,180.0,10.0,0.0,220.0,10.0,0.0,220.0,10.0,0.0,220.0,10.0,0.0,220.0,10.0,0.0,220.0,10.0,0.0,200.0,10.0,0.0,200.0,10.0,0.0,200.0,10.0,0.0,200.0,10.0,0.0,200.0,10.0,0.0,190.0,190.0,190.0,190.0,190.0,230.0,230.0,230.0,230.0,230.0,210.0,210.0,210.0,210.0,210.0
31950,Burke,10.0,0.0,0.0,10.0,0.0,0.0,10.0,0.0,0.0,10.0,0.0,0.0,10.0,0.0,0.0,10.0,0.0,0.0,10.0,0.0,0.0,10.0,0.0,0.0,10.0,0.0,0.0,10.0,0.0,0.0,0.0,0.0,0.0,0.0,0.0,0.0,0.0,0.0,0.0,0.0,0.0,0.0,0.0,0.0,0.0,10.0,10.0,10.0,10.0,10.0,10.0,10.0,10.0,10.0,10.0,0.0,0.0,0.0,0.0,0.0
32080,Cairns,8180.0,300.0,0.0,8180.0,300.0,0.0,8180.0,300.0,0.0,8180.0,300.0,0.0,8180.0,300.0,0.0,8630.0,310.0,0.0,8630.0,310.0,0.0,8630.0,310.0,0.0,8630.0,310.0,0.0,8630.0,310.0,0.0,8130.0,300.0,0.0,8130.0,300.0,0.0,8130.0,300.0,0.0,8130.0,300.0,0.0,8130.0,300.0,0.0,8480.0,8480.0,8480.0,8480.0,8480.0,8950.0,8950.0,8950.0,8950.0,8950.0,8420.0,8420.0,8420.0,8420.0,8420.0
32250,Carpentaria,60.0,0.0,0.0,60.0,0.0,0.0,60.0,0.0,0.0,60.0,0.0,0.0,60.0,0.0,0.0,40.0,0.0,0.0,40.0,0.0,0.0,40.0,0.0,0.0,40.0,0.0,0.0,40.0,0.0,0.0,20.0,0.0,0.0,20.0,0.0,0.0,20.0,0.0,0.0,20.0,0.0,0.0,20.0,0.0,0.0,60.0,60.0,60.0,60.0,60.0,40.0,40.0,40.0,40.0,40.0,20.0,20.0,20.0,20.0,20.0
32260,Cassowary Coast,1330.0,80.0,0.0,1330.0,80.0,0.0,1330.0,80.0,0.0,1330.0,80.0,0.0,1330.0,80.0,0.0,1120.0,60.0,0.0,1120.0,60.0,0.0,1120.0,60.0,0.0,1120.0,60.0,0.0,1120.0,60.0,0.0,1160.0,60.0,0.0,1160.0,60.0,0.0,1160.0,60.0,0.0,1160.0,60.0,0.0,1160.0,60.0,0.0,1410.0,1410.0,1410.0,1410.0,1410.0,1180.0,1180.0,1180.0,1180.0,1180.0,1220.0,1220.0,1220.0,1220.0,1220.0
32270,Central Highlands (Qld),1250.0,20.0,0.0,1250.0,20.0,0.0,1250.0,20.0,0.0,1250.0,20.0,0.0,1250.0,20.0,0.0,910.0,20.0,0.0,910.0,20.0,0.0,910.0,20.0,0.0,910.0,20.0,0.0,910.0,20.0,0.0,900.0,20.0,0.0,900.0,20.0,0.0,900.0,20.0,0.0,900.0,20.0,0.0,900.0,20.0,0.0,1270.0,1270.0,1270.0,1270.0,1270.0,930.0,930.0,930.0,930.0,930.0,920.0,920.0,920.0,920.0,920.0
32310,Charters Towers,110.0,40.0,0.0,110.0,40.0,0.0,110.0,40.0,0.0,110.0,40.0,0.0,110.0,40.0,0.0,110.0,40.0,0.0,110.0,40.0,0.0,110.0,40.0,0.0,110.0,40.0,0.0,110.0,40.0,0.0,100.0,40.0,0.0,100.0,40.0,0.0,100.0,40.0,0.0,100.0,40.0,0.0,100.0,40.0,0.0,160.0,160.0,160.0,160.0,160.0,160.0,160.0,160.0,160.0,160.0,140.0,140.0,140.0,140.0,140.0
32330,Cherbourg,30.0,0.0,0.0,30.0,0.0,0.0,30.0,0.0,0.0,30.0,0.0,0.0,30.0,0.0,0.0,40.0,0.0,0.0,40.0,0.0,0.0,40.0,0.0,0.0,40.0,0.0,0.0,40.0,0.0,0.0,40.0,0.0,0.0,40.0,0.0,0.0,40.0,0.0,0.0,40.0,0.0,0.0,40.0,0.0,0.0,30.0,30.0,30.0,30.0,30.0,40.0,40.0,40.0,40.0,40.0,40.0,40.0,40.0,40.0,40.0
32450,Cloncurry,80.0,30.0,0.0,80.0,30.0,0.0,80.0,30.0,0.0,80.0,30.0,0.0,80.0,30.0,0.0,80.0,30.0,0.0,80.0,30.0,0.0,80.0,30.0,0.0,80.0,30.0,0.0,80.0,30.0,0.0,0.0,0.0,0.0,0.0,0.0,0.0,0.0,0.0,0.0,0.0,0.0,0.0,0.0,0.0,0.0,120.0,120.0,120.0,120.0,120.0,120.0,120.0,120.0,120.0,120.0,0.0,0.0,0.0,0.0,0.0
32500,Cook,220.0,10.0,0.0,220.0,10.0,0.0,220.0,10.0,0.0,220.0,10.0,0.0,220.0,10.0,0.0,50.0,0.0,0.0,50.0,0.0,0.0,50.0,0.0,0.0,50.0,0.0,0.0,50.0,0.0,0.0,50.0,0.0,0.0,50.0,0.0,0.0,50.0,0.0,0.0,50.0,0.0,0.0,50.0,0.0,0.0,240.0,240.0,240.0,240.0,240.0,50.0,50.0,50.0,50.0,50.0,50.0,50.0,50.0,50.0,50.0
32600,Croydon,0.0,0.0,0.0,0.0,0.0,0.0,0.0,0.0,0.0,0.0,0.0,0.0,0.0,0.0,0.0,0.0,0.0,0.0,0.0,0.0,0.0,0.0,0.0,0.0,0.0,0.0,0.0,0.0,0.0,0.0,0.0,0.0,0.0,0.0,0.0,0.0,0.0,0.0,0.0,0.0,0.0,0.0,0.0,0.0,0.0,0.0,0.0,0.0,0.0,0.0,0.0,0.0,0.0,0.0,0.0,0.0,0.0,0.0,0.0,0.0
32750,Diamantina,0.0,0.0,0.0,0.0,0.0,0.0,0.0,0.0,0.0,0.0,0.0,0.0,0.0,0.0,0.0,0.0,0.0,0.0,0.0,0.0,0.0,0.0,0.0,0.0,0.0,0.0,0.0,0.0,0.0,0.0,0.0,0.0,0.0,0.0,0.0,0.0,0.0,0.0,0.0,0.0,0.0,0.0,0.0,0.0,0.0,0.0,0.0,0.0,0.0,0.0,0.0,0.0,0.0,0.0,0.0,0.0,0.0,0.0,0.0,0.0
32770,Doomadgee,30.0,0.0,0.0,30.0,0.0,0.0,30.0,0.0,0.0,30.0,0.0,0.0,30.0,0.0,0.0,0.0,0.0,0.0,0.0,0.0,0.0,0.0,0.0,0.0,0.0,0.0,0.0,0.0,0.0,0.0,0.0,0.0,0.0,0.0,0.0,0.0,0.0,0.0,0.0,0.0,0.0,0.0,0.0,0.0,0.0,30.0,30.0,30.0,30.0,30.0,0.0,0.0,0.0,0.0,0.0,0.0,0.0,0.0,0.0,0.0
32810,Douglas,1110.0,0.0,0.0,1110.0,0.0,0.0,1110.0,0.0,0.0,1110.0,0.0,0.0,1110.0,0.0,0.0,1020.0,0.0,0.0,1020.0,0.0,0.0,1020.0,0.0,0.0,1020.0,0.0,0.0,1020.0,0.0,0.0,940.0,0.0,0.0,940.0,0.0,0.0,940.0,0.0,0.0,940.0,0.0,0.0,940.0,0.0,0.0,1110.0,1110.0,1110.0,1110.0,1110.0,1020.0,1020.0,1020.0,1020.0,1020.0,940.0,940.0,940.0,940.0,940.0
33100,Etheridge,0.0,0.0,0.0,0.0,0.0,0.0,0.0,0.0,0.0,0.0,0.0,0.0,0.0,0.0,0.0,0.0,0.0,0.0,0.0,0.0,0.0,0.0,0.0,0.0,0.0,0.0,0.0,0.0,0.0,0.0,0.0,0.0,0.0,0.0,0.0,0.0,0.0,0.0,0.0,0.0,0.0,0.0,0.0,0.0,0.0,0.0,0.0,0.0,0.0,0.0,0.0,0.0,0.0,0.0,0.0,0.0,0.0,0.0,0.0,0.0
33200,Flinders (Qld),30.0,0.0,0.0,30.0,0.0,0.0,30.0,0.0,0.0,30.0,0.0,0.0,30.0,0.0,0.0,40.0,0.0,0.0,40.0,0.0,0.0,40.0,0.0,0.0,40.0,0.0,0.0,40.0,0.0,0.0,0.0,0.0,0.0,0.0,0.0,0.0,0.0,0.0,0.0,0.0,0.0,0.0,0.0,0.0,0.0,30.0,30.0,30.0,30.0,30.0,40.0,40.0,40.0,40.0,40.0,0.0,0.0,0.0,0.0,0.0
33220,Fraser Coast,6260.0,310.0,0.0,6260.0,310.0,0.0,6260.0,310.0,0.0,6260.0,310.0,0.0,6260.0,310.0,0.0,4950.0,250.0,0.0,4950.0,250.0,0.0,4950.0,250.0,0.0,4950.0,250.0,0.0,4950.0,250.0,0.0,3550.0,180.0,0.0,3550.0,180.0,0.0,3550.0,180.0,0.0,3550.0,180.0,0.0,3550.0,180.0,0.0,6580.0,6580.0,6580.0,6580.0,6580.0,5200.0,5200.0,5200.0,5200.0,5200.0,3730.0,3730.0,3730.0,3730.0,3730.0
33360,Gladstone,3230.0,20.0,0.0,3230.0,20.0,0.0,3230.0,20.0,0.0,3230.0,20.0,0.0,3230.0,20.0,0.0,2720.0,20.0,0.0,2720.0,20.0,0.0,2720.0,20.0,0.0,2720.0,20.0,0.0,2720.0,20.0,0.0,2630.0,20.0,0.0,2630.0,20.0,0.0,2630.0,20.0,0.0,2630.0,20.0,0.0,2630.0,20.0,0.0,3260.0,3260.0,3260.0,3260.0,3260.0,2740.0,2740.0,2740.0,2740.0,2740.0,2650.0,2650.0,2650.0,2650.0,2650.0
33430,Gold Coast,15220.0,6800.0,50.0,15220.0,6800.0,50.0,15220.0,6800.0,50.0,15220.0,6800.0,50.0,15220.0,6800.0,50.0,13580.0,6070.0,50.0,13580.0,6070.0,50.0,13580.0,6070.0,50.0,13580.0,6070.0,50.0,13580.0,6070.0,50.0,13680.0,6110.0,50.0,13680.0,6110.0,50.0,13680.0,6110.0,50.0,13680.0,6110.0,50.0,13680.0,6110.0,50.0,22070.0,22070.0,22070.0,22070.0,22070.0,19700.0,19700.0,19700.0,19700.0,19700.0,19840.0,19840.0,19840.0,19840.0,19840.0
33610,Goondiwindi,0.0,0.0,0.0,0.0,0.0,0.0,0.0,0.0,0.0,0.0,0.0,0.0,0.0,0.0,0.0,20.0,0.0,0.0,20.0,0.0,0.0,20.0,0.0,0.0,20.0,0.0,0.0,20.0,0.0,0.0,0.0,0.0,0.0,0.0,0.0,0.0,0.0,0.0,0.0,0.0,0.0,0.0,0.0,0.0,0.0,0.0,0.0,0.0,0.0,0.0,20.0,20.0,20.0,20.0,20.0,0.0,0.0,0.0,0.0,0.0
33620,Gympie,3180.0,150.0,0.0,3180.0,150.0,0.0,3180.0,150.0,0.0,3180.0,150.0,0.0,3180.0,150.0,0.0,1670.0,80.0,0.0,1670.0,80.0,0.0,1670.0,80.0,0.0,1670.0,80.0,0.0,1670.0,80.0,0.0,1270.0,60.0,0.0,1270.0,60.0,0.0,1270.0,60.0,0.0,1270.0,60.0,0.0,1270.0,60.0,0.0,3330.0,3330.0,3330.0,3330.0,3330.0,1740.0,1740.0,1740.0,1740.0,1740.0,1320.0,1320.0,1320.0,1320.0,1320.0
33800,Hinchinbrook,310.0,0.0,0.0,310.0,0.0,0.0,310.0,0.0,0.0,310.0,0.0,0.0,310.0,0.0,0.0,50.0,0.0,0.0,50.0,0.0,0.0,50.0,0.0,0.0,50.0,0.0,0.0,50.0,0.0,0.0,30.0,0.0,0.0,30.0,0.0,0.0,30.0,0.0,0.0,30.0,0.0,0.0,30.0,0.0,0.0,310.0,310.0,310.0,310.0,310.0,50.0,50.0,50.0,50.0,50.0,30.0,30.0,30.0,30.0,30.0
33830,Hope Vale,50.0,0.0,0.0,50.0,0.0,0.0,50.0,0.0,0.0,50.0,0.0,0.0,50.0,0.0,0.0,20.0,0.0,0.0,20.0,0.0,0.0,20.0,0.0,0.0,20.0,0.0,0.0,20.0,0.0,0.0,10.0,0.0,0.0,10.0,0.0,0.0,10.0,0.0,0.0,10.0,0.0,0.0,10.0,0.0,0.0,50.0,50.0,50.0,50.0,50.0,20.0,20.0,20.0,20.0,20.0,10.0,10.0,10.0,10.0,10.0
33960,Ipswich,27490.0,3100.0,0.0,27490.0,3100.0,0.0,27490.0,3100.0,0.0,27490.0,3100.0,0.0,27490.0,3100.0,0.0,35020.0,3950.0,0.0,35020.0,3950.0,0.0,35020.0,3950.0,0.0,35020.0,3950.0,0.0,35020.0,3950.0,0.0,42750.0,4820.0,0.0,42750.0,4820.0,0.0,42750.0,4820.0,0.0,42750.0,4820.0,0.0,42750.0,4820.0,0.0,30590.0,30590.0,30590.0,30590.0,30590.0,38970.0,38970.0,38970.0,38970.0,38970.0,47570.0,47570.0,47570.0,47570.0,47570.0
33980,Isaac,710.0,0.0,0.0,710.0,0.0,0.0,710.0,0.0,0.0,710.0,0.0,0.0,710.0,0.0,0.0,650.0,0.0,0.0,650.0,0.0,0.0,650.0,0.0,0.0,650.0,0.0,0.0,650.0,0.0,0.0,770.0,0.0,0.0,770.0,0.0,0.0,770.0,0.0,0.0,770.0,0.0,0.0,770.0,0.0,0.0,710.0,710.0,710.0,710.0,710.0,650.0,650.0,650.0,650.0,650.0,770.0,770.0,770.0,770.0,770.0
34420,Kowanyama,40.0,0.0,0.0,40.0,0.0,0.0,40.0,0.0,0.0,40.0,0.0,0.0,40.0,0.0,0.0,40.0,0.0,0.0,40.0,0.0,0.0,40.0,0.0,0.0,40.0,0.0,0.0,40.0,0.0,0.0,30.0,0.0,0.0,30.0,0.0,0.0,30.0,0.0,0.0,30.0,0.0,0.0,30.0,0.0,0.0,40.0,40.0,40.0,40.0,40.0,40.0,40.0,40.0,40.0,40.0,30.0,30.0,30.0,30.0,30.0
34530,Livingstone,2560.0,300.0,0.0,2560.0,300.0,0.0,2560.0,300.0,0.0,2560.0,300.0,0.0,2560.0,300.0,0.0,3750.0,450.0,0.0,3750.0,450.0,0.0,3750.0,450.0,0.0,3750.0,450.0,0.0,3750.0,450.0,0.0,3440.0,410.0,0.0,3440.0,410.0,0.0,3440.0,410.0,0.0,3440.0,410.0,0.0,3440.0,410.0,0.0,2860.0,2860.0,2860.0,2860.0,2860.0,4200.0,4200.0,4200.0,4200.0,4200.0,3850.0,3850.0,3850.0,3850.0,3850.0
34570,Lockhart River,0.0,0.0,0.0,0.0,0.0,0.0,0.0,0.0,0.0,0.0,0.0,0.0,0.0,0.0,0.0,0.0,0.0,0.0,0.0,0.0,0.0,0.0,0.0,0.0,0.0,0.0,0.0,0.0,0.0,0.0,0.0,0.0,0.0,0.0,0.0,0.0,0.0,0.0,0.0,0.0,0.0,0.0,0.0,0.0,0.0,0.0,0.0,0.0,0.0,0.0,0.0,0.0,0.0,0.0,0.0,0.0,0.0,0.0,0.0,0.0
34580,Lockyer Valley,2500.0,80.0,0.0,2500.0,80.0,0.0,2500.0,80.0,0.0,2500.0,80.0,0.0,2500.0,80.0,0.0,2340.0,70.0,0.0,2340.0,70.0,0.0,2340.0,70.0,0.0,2340.0,70.0,0.0,2340.0,70.0,0.0,2430.0,80.0,0.0,2430.0,80.0,0.0,2430.0,80.0,0.0,2430.0,80.0,0.0,2430.0,80.0,0.0,2580.0,2580.0,2580.0,2580.0,2580.0,2410.0,2410.0,2410.0,2410.0,2410.0,2500.0,2500.0,2500.0,2500.0,2500.0
34590,Logan,28160.0,3780.0,0.0,28160.0,3780.0,0.0,28160.0,3780.0,0.0,28160.0,3780.0,0.0,28160.0,3780.0,0.0,27530.0,3690.0,0.0,27530.0,3690.0,0.0,27530.0,3690.0,0.0,27530.0,3690.0,0.0,27530.0,3690.0,0.0,25680.0,3440.0,0.0,25680.0,3440.0,0.0,25680.0,3440.0,0.0,25680.0,3440.0,0.0,25680.0,3440.0,0.0,31940.0,31940.0,31940.0,31940.0,31940.0,31220.0,31220.0,31220.0,31220.0,31220.0,29120.0,29120.0,29120.0,29120.0,29120.0
34710,Longreach,20.0,20.0,0.0,20.0,20.0,0.0,20.0,20.0,0.0,20.0,20.0,0.0,20.0,20.0,0.0,0.0,10.0,0.0,0.0,10.0,0.0,0.0,10.0,0.0,0.0,10.0,0.0,0.0,10.0,0.0,0.0,0.0,0.0,0.0,0.0,0.0,0.0,0.0,0.0,0.0,0.0,0.0,0.0,0.0,0.0,40.0,40.0,40.0,40.0,40.0,10.0,10.0,10.0,10.0,10.0,0.0,0.0,0.0,0.0,0.0
34770,Mackay,6330.0,200.0,0.0,6330.0,200.0,0.0,6330.0,200.0,0.0,6330.0,200.0,0.0,6330.0,200.0,0.0,6190.0,200.0,0.0,6190.0,200.0,0.0,6190.0,200.0,0.0,6190.0,200.0,0.0,6190.0,200.0,0.0,6080.0,200.0,0.0,6080.0,200.0,0.0,6080.0,200.0,0.0,6080.0,200.0,0.0,6080.0,200.0,0.0,6530.0,6530.0,6530.0,6530.0,6530.0,6390.0,6390.0,6390.0,6390.0,6390.0,6270.0,6270.0,6270.0,6270.0,6270.0
34800,McKinlay,30.0,0.0,0.0,30.0,0.0,0.0,30.0,0.0,0.0,30.0,0.0,0.0,30.0,0.0,0.0,20.0,0.0,0.0,20.0,0.0,0.0,20.0,0.0,0.0,20.0,0.0,0.0,20.0,0.0,0.0,0.0,0.0,0.0,0.0,0.0,0.0,0.0,0.0,0.0,0.0,0.0,0.0,0.0,0.0,0.0,30.0,30.0,30.0,30.0,30.0,20.0,20.0,20.0,20.0,20.0,0.0,0.0,0.0,0.0,0.0
34830,Mapoon,10.0,0.0,0.0,10.0,0.0,0.0,10.0,0.0,0.0,10.0,0.0,0.0,10.0,0.0,0.0,10.0,0.0,0.0,10.0,0.0,0.0,10.0,0.0,0.0,10.0,0.0,0.0,10.0,0.0,0.0,0.0,0.0,0.0,0.0,0.0,0.0,0.0,0.0,0.0,0.0,0.0,0.0,0.0,0.0,0.0,10.0,10.0,10.0,10.0,10.0,10.0,10.0,10.0,10.0,10.0,0.0,0.0,0.0,0.0,0.0
34860,Maranoa,150.0,10.0,0.0,150.0,10.0,0.0,150.0,10.0,0.0,150.0,10.0,0.0,150.0,10.0,0.0,30.0,0.0,0.0,30.0,0.0,0.0,30.0,0.0,0.0,30.0,0.0,0.0,30.0,0.0,0.0,0.0,0.0,0.0,0.0,0.0,0.0,0.0,0.0,0.0,0.0,0.0,0.0,0.0,0.0,0.0,160.0,160.0,160.0,160.0,160.0,30.0,30.0,30.0,30.0,30.0,0.0,0.0,0.0,0.0,0.0
34880,Mareeba,980.0,60.0,0.0,980.0,60.0,0.0,980.0,60.0,0.0,980.0,60.0,0.0,980.0,60.0,0.0,950.0,60.0,0.0,950.0,60.0,0.0,950.0,60.0,0.0,950.0,60.0,0.0,950.0,60.0,0.0,730.0,40.0,0.0,730.0,40.0,0.0,730.0,40.0,0.0,730.0,40.0,0.0,730.0,40.0,0.0,1040.0,1040.0,1040.0,1040.0,1040.0,1000.0,1000.0,1000.0,1000.0,1000.0,780.0,780.0,780.0,780.0,780.0
35010,Moreton Bay,44080.0,8080.0,10.0,44080.0,8080.0,10.0,44080.0,8080.0,10.0,44080.0,8080.0,10.0,44080.0,8080.0,10.0,40790.0,7480.0,0.0,40790.0,7480.0,0.0,40790.0,7480.0,0.0,40790.0,7480.0,0.0,40790.0,7480.0,0.0,36830.0,6750.0,0.0,36830.0,6750.0,0.0,36830.0,6750.0,0.0,36830.0,6750.0,0.0,36830.0,6750.0,0.0,52160.0,52160.0,52160.0,52160.0,52160.0,48270.0,48270.0,48270.0,48270.0,48270.0,43590.0,43590.0,43590.0,43590.0,43590.0
35250,Mornington,10.0,0.0,0.0,10.0,0.0,0.0,10.0,0.0,0.0,10.0,0.0,0.0,10.0,0.0,0.0,0.0,0.0,0.0,0.0,0.0,0.0,0.0,0.0,0.0,0.0,0.0,0.0,0.0,0.0,0.0,0.0,0.0,0.0,0.0,0.0,0.0,0.0,0.0,0.0,0.0,0.0,0.0,0.0,0.0,0.0,10.0,10.0,10.0,10.0,10.0,0.0,0.0,0.0,0.0,0.0,0.0,0.0,0.0,0.0,0.0
35300,Mount Isa,180.0,60.0,0.0,180.0,60.0,0.0,180.0,60.0,0.0,180.0,60.0,0.0,180.0,60.0,0.0,70.0,20.0,0.0,70.0,20.0,0.0,70.0,20.0,0.0,70.0,20.0,0.0,70.0,20.0,0.0,50.0,10.0,0.0,50.0,10.0,0.0,50.0,10.0,0.0,50.0,10.0,0.0,50.0,10.0,0.0,240.0,240.0,240.0,240.0,240.0,80.0,80.0,80.0,80.0,80.0,60.0,60.0,60.0,60.0,60.0
35600,Murweh,0.0,0.0,0.0,0.0,0.0,0.0,0.0,0.0,0.0,0.0,0.0,0.0,0.0,0.0,0.0,0.0,0.0,0.0,0.0,0.0,0.0,0.0,0.0,0.0,0.0,0.0,0.0,0.0,0.0,0.0,0.0,0.0,0.0,0.0,0.0,0.0,0.0,0.0,0.0,0.0,0.0,0.0,0.0,0.0,0.0,0.0,0.0,0.0,0.0,0.0,0.0,0.0,0.0,0.0,0.0,0.0,0.0,0.0,0.0,0.0
35670,Napranum,20.0,0.0,0.0,20.0,0.0,0.0,20.0,0.0,0.0,20.0,0.0,0.0,20.0,0.0,0.0,10.0,0.0,0.0,10.0,0.0,0.0,10.0,0.0,0.0,10.0,0.0,0.0,10.0,0.0,0.0,10.0,0.0,0.0,10.0,0.0,0.0,10.0,0.0,0.0,10.0,0.0,0.0,10.0,0.0,0.0,20.0,20.0,20.0,20.0,20.0,10.0,10.0,10.0,10.0,10.0,10.0,10.0,10.0,10.0,10.0
35740,Noosa,1960.0,720.0,0.0,1960.0,720.0,0.0,1960.0,720.0,0.0,1960.0,720.0,0.0,1960.0,720.0,0.0,1080.0,400.0,0.0,1080.0,400.0,0.0,1080.0,400.0,0.0,1080.0,400.0,0.0,1080.0,400.0,0.0,900.0,330.0,0.0,900.0,330.0,0.0,900.0,330.0,0.0,900.0,330.0,0.0,900.0,330.0,0.0,2680.0,2680.0,2680.0,2680.0,2680.0,1470.0,1470.0,1470.0,1470.0,1470.0,1230.0,1230.0,1230.0,1230.0,1230.0
35760,North Burnett,170.0,0.0,0.0,170.0,0.0,0.0,170.0,0.0,0.0,170.0,0.0,0.0,170.0,0.0,0.0,80.0,0.0,0.0,80.0,0.0,0.0,80.0,0.0,0.0,80.0,0.0,0.0,80.0,0.0,0.0,110.0,0.0,0.0,110.0,0.0,0.0,110.0,0.0,0.0,110.0,0.0,0.0,110.0,0.0,0.0,170.0,170.0,170.0,170.0,170.0,80.0,80.0,80.0,80.0,80.0,110.0,110.0,110.0,110.0,110.0
35780,Northern Peninsula Area,70.0,0.0,0.0,70.0,0.0,0.0,70.0,0.0,0.0,70.0,0.0,0.0,70.0,0.0,0.0,40.0,0.0,0.0,40.0,0.0,0.0,40.0,0.0,0.0,40.0,0.0,0.0,40.0,0.0,0.0,40.0,0.0,0.0,40.0,0.0,0.0,40.0,0.0,0.0,40.0,0.0,0.0,40.0,0.0,0.0,70.0,70.0,70.0,70.0,70.0,40.0,40.0,40.0,40.0,40.0,40.0,40.0,40.0,40.0,40.0
35790,Palm Island,70.0,0.0,0.0,70.0,0.0,0.0,70.0,0.0,0.0,70.0,0.0,0.0,70.0,0.0,0.0,80.0,0.0,0.0,80.0,0.0,0.0,80.0,0.0,0.0,80.0,0.0,0.0,80.0,0.0,0.0,140.0,0.0,0.0,140.0,0.0,0.0,140.0,0.0,0.0,140.0,0.0,0.0,140.0,0.0,0.0,70.0,70.0,70.0,70.0,70.0,80.0,80.0,80.0,80.0,80.0,140.0,140.0,140.0,140.0,140.0
35800,Paroo,0.0,0.0,0.0,0.0,0.0,0.0,0.0,0.0,0.0,0.0,0.0,0.0,0.0,0.0,0.0,0.0,0.0,0.0,0.0,0.0,0.0,0.0,0.0,0.0,0.0,0.0,0.0,0.0,0.0,0.0,0.0,0.0,0.0,0.0,0.0,0.0,0.0,0.0,0.0,0.0,0.0,0.0,0.0,0.0,0.0,0.0,0.0,0.0,0.0,0.0,0.0,0.0,0.0,0.0,0.0,0.0,0.0,0.0,0.0,0.0
36070,Pormpuraaw,20.0,0.0,0.0,20.0,0.0,0.0,20.0,0.0,0.0,20.0,0.0,0.0,20.0,0.0,0.0,20.0,0.0,0.0,20.0,0.0,0.0,20.0,0.0,0.0,20.0,0.0,0.0,20.0,0.0,0.0,20.0,0.0,0.0,20.0,0.0,0.0,20.0,0.0,0.0,20.0,0.0,0.0,20.0,0.0,0.0,20.0,20.0,20.0,20.0,20.0,20.0,20.0,20.0,20.0,20.0,20.0,20.0,20.0,20.0,20.0
36150,Quilpie,0.0,0.0,0.0,0.0,0.0,0.0,0.0,0.0,0.0,0.0,0.0,0.0,0.0,0.0,0.0,0.0,0.0,0.0,0.0,0.0,0.0,0.0,0.0,0.0,0.0,0.0,0.0,0.0,0.0,0.0,0.0,0.0,0.0,0.0,0.0,0.0,0.0,0.0,0.0,0.0,0.0,0.0,0.0,0.0,0.0,0.0,0.0,0.0,0.0,0.0,0.0,0.0,0.0,0.0,0.0,0.0,0.0,0.0,0.0,0.0
36250,Redland,8510.0,880.0,0.0,8510.0,880.0,0.0,8510.0,880.0,0.0,8510.0,880.0,0.0,8510.0,880.0,0.0,6110.0,630.0,0.0,6110.0,630.0,0.0,6110.0,630.0,0.0,6110.0,630.0,0.0,6110.0,630.0,0.0,4650.0,480.0,0.0,4650.0,480.0,0.0,4650.0,480.0,0.0,4650.0,480.0,0.0,4650.0,480.0,0.0,9390.0,9390.0,9390.0,9390.0,9390.0,6750.0,6750.0,6750.0,6750.0,6750.0,5130.0,5130.0,5130.0,5130.0,5130.0
36300,Richmond,10.0,10.0,0.0,10.0,10.0,0.0,10.0,10.0,0.0,10.0,10.0,0.0,10.0,10.0,0.0,10.0,10.0,0.0,10.0,10.0,0.0,10.0,10.0,0.0,10.0,10.0,0.0,10.0,10.0,0.0,0.0,0.0,0.0,0.0,0.0,0.0,0.0,0.0,0.0,0.0,0.0,0.0,0.0,0.0,0.0,20.0,20.0,20.0,20.0,20.0,20.0,20.0,20.0,20.0,20.0,0.0,0.0,0.0,0.0,0.0
36370,Rockhampton,1870.0,180.0,0.0,1870.0,180.0,0.0,1870.0,180.0,0.0,1870.0,180.0,0.0,1870.0,180.0,0.0,2090.0,210.0,0.0,2090.0,210.0,0.0,2090.0,210.0,0.0,2090.0,210.0,0.0,2090.0,210.0,0.0,1980.0,200.0,0.0,1980.0,200.0,0.0,1980.0,200.0,0.0,1980.0,200.0,0.0,1980.0,200.0,0.0,2050.0,2050.0,2050.0,2050.0,2050.0,2300.0,2300.0,2300.0,2300.0,2300.0,2170.0,2170.0,2170.0,2170.0,2170.0
36510,Scenic Rim,3060.0,190.0,0.0,3060.0,190.0,0.0,3060.0,190.0,0.0,3060.0,190.0,0.0,3060.0,190.0,0.0,2790.0,180.0,0.0,2790.0,180.0,0.0,2790.0,180.0,0.0,2790.0,180.0,0.0,2790.0,180.0,0.0,1910.0,120.0,0.0,1910.0,120.0,0.0,1910.0,120.0,0.0,1910.0,120.0,0.0,1910.0,120.0,0.0,3240.0,3240.0,3240.0,3240.0,3240.0,2970.0,2970.0,2970.0,2970.0,2970.0,2030.0,2030.0,2030.0,2030.0,2030.0
36580,Somerset,1310.0,10.0,0.0,1310.0,10.0,0.0,1310.0,10.0,0.0,1310.0,10.0,0.0,1310.0,10.0,0.0,1630.0,10.0,0.0,1630.0,10.0,0.0,1630.0,10.0,0.0,1630.0,10.0,0.0,1630.0,10.0,0.0,1640.0,10.0,0.0,1640.0,10.0,0.0,1640.0,10.0,0.0,1640.0,10.0,0.0,1640.0,10.0,0.0,1320.0,1320.0,1320.0,1320.0,1320.0,1640.0,1640.0,1640.0,1640.0,1640.0,1650.0,1650.0,1650.0,1650.0,1650.0
36630,South Burnett,1130.0,30.0,0.0,1130.0,30.0,0.0,1130.0,30.0,0.0,1130.0,30.0,0.0,1130.0,30.0,0.0,1280.0,40.0,0.0,1280.0,40.0,0.0,1280.0,40.0,0.0,1280.0,40.0,0.0,1280.0,40.0,0.0,1290.0,40.0,0.0,1290.0,40.0,0.0,1290.0,40.0,0.0,1290.0,40.0,0.0,1290.0,40.0,0.0,1170.0,1170.0,1170.0,1170.0,1170.0,1320.0,1320.0,1320.0,1320.0,1320.0,1330.0,1330.0,1330.0,1330.0,1330.0
36660,Southern Downs,670.0,80.0,0.0,670.0,80.0,0.0,670.0,80.0,0.0,670.0,80.0,0.0,670.0,80.0,0.0,860.0,90.0,0.0,860.0,90.0,0.0,860.0,90.0,0.0,860.0,90.0,0.0,860.0,90.0,0.0,680.0,80.0,0.0,680.0,80.0,0.0,680.0,80.0,0.0,680.0,80.0,0.0,680.0,80.0,0.0,740.0,740.0,740.0,740.0,740.0,960.0,960.0,960.0,960.0,960.0,750.0,750.0,750.0,750.0,750.0
36720,Sunshine Coast,27290.0,3060.0,10.0,27290.0,3060.0,10.0,27290.0,3060.0,10.0,27290.0,3060.0,10.0,27290.0,3060.0,10.0,24930.0,2790.0,10.0,24930.0,2790.0,10.0,24930.0,2790.0,10.0,24930.0,2790.0,10.0,24930.0,2790.0,10.0,24680.0,2760.0,10.0,24680.0,2760.0,10.0,24680.0,2760.0,10.0,24680.0,2760.0,10.0,24680.0,2760.0,10.0,30360.0,30360.0,30360.0,30360.0,30360.0,27720.0,27720.0,27720.0,27720.0,27720.0,27440.0,27440.0,27440.0,27440.0,27440.0
36820,Tablelands,1390.0,20.0,0.0,1390.0,20.0,0.0,1390.0,20.0,0.0,1390.0,20.0,0.0,1390.0,20.0,0.0,1250.0,20.0,0.0,1250.0,20.0,0.0,1250.0,20.0,0.0,1250.0,20.0,0.0,1250.0,20.0,0.0,1150.0,20.0,0.0,1150.0,20.0,0.0,1150.0,20.0,0.0,1150.0,20.0,0.0,1150.0,20.0,0.0,1410.0,1410.0,1410.0,1410.0,1410.0,1270.0,1270.0,1270.0,1270.0,1270.0,1170.0,1170.0,1170.0,1170.0,1170.0
36910,Toowoomba,6380.0,360.0,0.0,6380.0,360.0,0.0,6380.0,360.0,0.0,6380.0,360.0,0.0,6380.0,360.0,0.0,7030.0,390.0,0.0,7030.0,390.0,0.0,7030.0,390.0,0.0,7030.0,390.0,0.0,7030.0,390.0,0.0,6340.0,350.0,0.0,6340.0,350.0,0.0,6340.0,350.0,0.0,6340.0,350.0,0.0,6340.0,350.0,0.0,6740.0,6740.0,6740.0,6740.0,6740.0,7420.0,7420.0,7420.0,7420.0,7420.0,6690.0,6690.0,6690.0,6690.0,6690.0
36950,Torres,0.0,60.0,0.0,0.0,60.0,0.0,0.0,60.0,0.0,0.0,60.0,0.0,0.0,60.0,0.0,0.0,40.0,0.0,0.0,40.0,0.0,0.0,40.0,0.0,0.0,40.0,0.0,0.0,40.0,0.0,0.0,40.0,0.0,0.0,40.0,0.0,0.0,40.0,0.0,0.0,40.0,0.0,0.0,40.0,0.0,60.0,60.0,60.0,60.0,60.0,40.0,40.0,40.0,40.0,40.0,40.0,40.0,40.0,40.0,40.0
36960,Torres Strait Island,70.0,0.0,0.0,70.0,0.0,0.0,70.0,0.0,0.0,70.0,0.0,0.0,70.0,0.0,0.0,0.0,0.0,0.0,0.0,0.0,0.0,0.0,0.0,0.0,0.0,0.0,0.0,0.0,0.0,0.0,0.0,0.0,0.0,0.0,0.0,0.0,0.0,0.0,0.0,0.0,0.0,0.0,0.0,0.0,0.0,70.0,70.0,70.0,70.0,70.0,0.0,0.0,0.0,0.0,0.0,0.0,0.0,0.0,0.0,0.0
37010,Townsville,8300.0,570.0,0.0,8300.0,570.0,0.0,8300.0,570.0,0.0,8300.0,570.0,0.0,8300.0,570.0,0.0,10190.0,700.0,0.0,10190.0,700.0,0.0,10190.0,700.0,0.0,10190.0,700.0,0.0,10190.0,700.0,0.0,10050.0,690.0,0.0,10050.0,690.0,0.0,10050.0,690.0,0.0,10050.0,690.0,0.0,10050.0,690.0,0.0,8870.0,8870.0,8870.0,8870.0,8870.0,10900.0,10900.0,10900.0,10900.0,10900.0,10740.0,10740.0,10740.0,10740.0,10740.0
37300,Weipa,40.0,0.0,0.0,40.0,0.0,0.0,40.0,0.0,0.0,40.0,0.0,0.0,40.0,0.0,0.0,10.0,0.0,0.0,10.0,0.0,0.0,10.0,0.0,0.0,10.0,0.0,0.0,10.0,0.0,0.0,20.0,0.0,0.0,20.0,0.0,0.0,20.0,0.0,0.0,20.0,0.0,0.0,20.0,0.0,0.0,40.0,40.0,40.0,40.0,40.0,10.0,10.0,10.0,10.0,10.0,20.0,20.0,20.0,20.0,20.0
37310,Western Downs,940.0,10.0,0.0,940.0,10.0,0.0,940.0,10.0,0.0,940.0,10.0,0.0,940.0,10.0,0.0,970.0,10.0,0.0,970.0,10.0,0.0,970.0,10.0,0.0,970.0,10.0,0.0,970.0,10.0,0.0,550.0,10.0,0.0,550.0,10.0,0.0,550.0,10.0,0.0,550.0,10.0,0.0,550.0,10.0,0.0,950.0,950.0,950.0,950.0,950.0,980.0,980.0,980.0,980.0,980.0,560.0,560.0,560.0,560.0,560.0
37340,Whitsunday,1590.0,260.0,0.0,1590.0,260.0,0.0,1590.0,260.0,0.0,1590.0,260.0,0.0,1590.0,260.0,0.0,1580.0,260.0,0.0,1580.0,260.0,0.0,1580.0,260.0,0.0,1580.0,260.0,0.0,1580.0,260.0,0.0,1580.0,260.0,0.0,1580.0,260.0,0.0,1580.0,260.0,0.0,1580.0,260.0,0.0,1580.0,260.0,0.0,1860.0,1860.0,1860.0,1860.0,1860.0,1840.0,1840.0,1840.0,1840.0,1840.0,1830.0,1830.0,1830.0,1830.0,1830.0
37400,Winton,20.0,0.0,0.0,20.0,0.0,0.0,20.0,0.0,0.0,20.0,0.0,0.0,20.0,0.0,0.0,0.0,0.0,0.0,0.0,0.0,0.0,0.0,0.0,0.0,0.0,0.0,0.0,0.0,0.0,0.0,0.0,0.0,0.0,0.0,0.0,0.0,0.0,0.0,0.0,0.0,0.0,0.0,0.0,0.0,0.0,20.0,20.0,20.0,20.0,20.0,0.0,0.0,0.0,0.0,0.0,0.0,0.0,0.0,0.0,0.0
37550,Woorabinda,40.0,0.0,0.0,40.0,0.0,0.0,40.0,0.0,0.0,40.0,0.0,0.0,40.0,0.0,0.0,20.0,0.0,0.0,20.0,0.0,0.0,20.0,0.0,0.0,20.0,0.0,0.0,20.0,0.0,0.0,20.0,0.0,0.0,20.0,0.0,0.0,20.0,0.0,0.0,20.0,0.0,0.0,20.0,0.0,0.0,40.0,40.0,40.0,40.0,40.0,20.0,20.0,20.0,20.0,20.0,20.0,20.0,20.0,20.0,20.0
37570,Wujal Wujal,30.0,0.0,0.0,30.0,0.0,0.0,30.0,0.0,0.0,30.0,0.0,0.0,30.0,0.0,0.0,10.0,0.0,0.0,10.0,0.0,0.0,10.0,0.0,0.0,10.0,0.0,0.0,10.0,0.0,0.0,0.0,0.0,0.0,0.0,0.0,0.0,0.0,0.0,0.0,0.0,0.0,0.0,0.0,0.0,0.0,30.0,30.0,30.0,30.0,30.0,10.0,10.0,10.0,10.0,10.0,0.0,0.0,0.0,0.0,0.0
37600,Yarrabah,90.0,0.0,0.0,90.0,0.0,0.0,90.0,0.0,0.0,90.0,0.0,0.0,90.0,0.0,0.0,90.0,0.0,0.0,90.0,0.0,0.0,90.0,0.0,0.0,90.0,0.0,0.0,90.0,0.0,0.0,110.0,0.0,0.0,110.0,0.0,0.0,110.0,0.0,0.0,110.0,0.0,0.0,110.0,0.0,0.0,90.0,90.0,90.0,90.0,90.0,90.0,90.0,90.0,90.0,90.0,110.0,110.0,110.0,110.0,110.0
10050,Albury (C),3840.0,230.0,0.0,3840.0,230.0,0.0,3840.0,230.0,0.0,3840.0,230.0,0.0,3840.0,230.0,0.0,4780.0,280.0,0.0,4780.0,280.0,0.0,4780.0,280.0,0.0,4780.0,280.0,0.0,4780.0,280.0,0.0,5010.0,300.0,0.0,5010.0,300.0,0.0,5010.0,300.0,0.0,5010.0,300.0,0.0,5010.0,300.0,0.0,4070.0,4070.0,4070.0,4070.0,4070.0,5060.0,5060.0,5060.0,5060.0,5060.0,5300.0,5300.0,5300.0,5300.0,5300.0
10180,Armidale Regional (A),0.0,0.0,0.0,0.0,0.0,0.0,0.0,0.0,0.0,0.0,0.0,0.0,0.0,0.0,0.0,390.0,50.0,0.0,390.0,50.0,0.0,390.0,50.0,0.0,390.0,50.0,0.0,390.0,50.0,0.0,540.0,60.0,0.0,540.0,60.0,0.0,540.0,60.0,0.0,540.0,60.0,0.0,540.0,60.0,0.0,0.0,0.0,0.0,0.0,0.0,440.0,440.0,440.0,440.0,440.0,610.0,610.0,610.0,610.0,610.0
10250,Ballina (A),1950.0,500.0,0.0,1950.0,500.0,0.0,1950.0,500.0,0.0,1950.0,500.0,0.0,1950.0,500.0,0.0,2000.0,520.0,0.0,2000.0,520.0,0.0,2000.0,520.0,0.0,2000.0,520.0,0.0,2000.0,520.0,0.0,1780.0,460.0,0.0,1780.0,460.0,0.0,1780.0,460.0,0.0,1780.0,460.0,0.0,1780.0,460.0,0.0,2450.0,2450.0,2450.0,2450.0,2450.0,2510.0,2510.0,2510.0,2510.0,2510.0,2240.0,2240.0,2240.0,2240.0,2240.0
10300,Balranald (A),0.0,0.0,0.0,0.0,0.0,0.0,0.0,0.0,0.0,0.0,0.0,0.0,0.0,0.0,0.0,0.0,0.0,0.0,0.0,0.0,0.0,0.0,0.0,0.0,0.0,0.0,0.0,0.0,0.0,0.0,0.0,0.0,0.0,0.0,0.0,0.0,0.0,0.0,0.0,0.0,0.0,0.0,0.0,0.0,0.0,0.0,0.0,0.0,0.0,0.0,0.0,0.0,0.0,0.0,0.0,0.0,0.0,0.0,0.0,0.0
10470,Bathurst Regional (A),1960.0,360.0,0.0,1960.0,360.0,0.0,1960.0,360.0,0.0,1960.0,360.0,0.0,1960.0,360.0,0.0,2280.0,420.0,0.0,2280.0,420.0,0.0,2280.0,420.0,0.0,2280.0,420.0,0.0,2280.0,420.0,0.0,2380.0,440.0,0.0,2380.0,440.0,0.0,2380.0,440.0,0.0,2380.0,440.0,0.0,2380.0,440.0,0.0,2320.0,2320.0,2320.0,2320.0,2320.0,2700.0,2700.0,2700.0,2700.0,2700.0,2820.0,2820.0,2820.0,2820.0,2820.0
10500,Bayside (A),160.0,130.0,0.0,160.0,130.0,0.0,160.0,130.0,0.0,160.0,130.0,0.0,160.0,130.0,0.0,1930.0,1530.0,10.0,1930.0,1530.0,10.0,1930.0,1530.0,10.0,1930.0,1530.0,10.0,1930.0,1530.0,10.0,1180.0,930.0,0.0,1180.0,930.0,0.0,1180.0,930.0,0.0,1180.0,930.0,0.0,1180.0,930.0,0.0,290.0,290.0,290.0,290.0,290.0,3460.0,3460.0,3460.0,3460.0,3460.0,2120.0,2120.0,2120.0,2120.0,2120.0
10550,Bega Valley (A),950.0,310.0,0.0,950.0,310.0,0.0,950.0,310.0,0.0,950.0,310.0,0.0,950.0,310.0,0.0,820.0,270.0,0.0,820.0,270.0,0.0,820.0,270.0,0.0,820.0,270.0,0.0,820.0,270.0,0.0,600.0,200.0,0.0,600.0,200.0,0.0,600.0,200.0,0.0,600.0,200.0,0.0,600.0,200.0,0.0,1260.0,1260.0,1260.0,1260.0,1260.0,1100.0,1100.0,1100.0,1100.0,1100.0,800.0,800.0,800.0,800.0,800.0
10600,Bellingen (A),260.0,0.0,0.0,260.0,0.0,0.0,260.0,0.0,0.0,260.0,0.0,0.0,260.0,0.0,0.0,250.0,0.0,0.0,250.0,0.0,0.0,250.0,0.0,0.0,250.0,0.0,0.0,250.0,0.0,0.0,200.0,0.0,0.0,200.0,0.0,0.0,200.0,0.0,0.0,200.0,0.0,0.0,200.0,0.0,0.0,260.0,260.0,260.0,260.0,260.0,250.0,250.0,250.0,250.0,250.0,200.0,200.0,200.0,200.0,200.0
10650,Berrigan (A),270.0,10.0,0.0,270.0,10.0,0.0,270.0,10.0,0.0,270.0,10.0,0.0,270.0,10.0,0.0,430.0,10.0,0.0,430.0,10.0,0.0,430.0,10.0,0.0,430.0,10.0,0.0,430.0,10.0,0.0,400.0,10.0,0.0,400.0,10.0,0.0,400.0,10.0,0.0,400.0,10.0,0.0,400.0,10.0,0.0,280.0,280.0,280.0,280.0,280.0,440.0,440.0,440.0,440.0,440.0,410.0,410.0,410.0,410.0,410.0
10750,Blacktown (C),8330.0,1660.0,10.0,8330.0,1660.0,10.0,8330.0,1660.0,10.0,8330.0,1660.0,10.0,8330.0,1660.0,10.0,11920.0,2370.0,10.0,11920.0,2370.0,10.0,11920.0,2370.0,10.0,11920.0,2370.0,10.0,11920.0,2370.0,10.0,12690.0,2520.0,10.0,12690.0,2520.0,10.0,12690.0,2520.0,10.0,12690.0,2520.0,10.0,12690.0,2520.0,10.0,10000.0,10000.0,10000.0,10000.0,10000.0,14300.0,14300.0,14300.0,14300.0,14300.0,15220.0,15220.0,15220.0,15220.0,15220.0
10800,Bland (A),120.0,30.0,0.0,120.0,30.0,0.0,120.0,30.0,0.0,120.0,30.0,0.0,120.0,30.0,0.0,100.0,20.0,0.0,100.0,20.0,0.0,100.0,20.0,0.0,100.0,20.0,0.0,100.0,20.0,0.0,60.0,10.0,0.0,60.0,10.0,0.0,60.0,10.0,0.0,60.0,10.0,0.0,60.0,10.0,0.0,150.0,150.0,150.0,150.0,150.0,130.0,130.0,130.0,130.0,130.0,70.0,70.0,70.0,70.0,70.0
10850,Blayney (A),80.0,0.0,0.0,80.0,0.0,0.0,80.0,0.0,0.0,80.0,0.0,0.0,80.0,0.0,0.0,140.0,0.0,0.0,140.0,0.0,0.0,140.0,0.0,0.0,140.0,0.0,0.0,140.0,0.0,0.0,150.0,0.0,0.0,150.0,0.0,0.0,150.0,0.0,0.0,150.0,0.0,0.0,150.0,0.0,0.0,80.0,80.0,80.0,80.0,80.0,140.0,140.0,140.0,140.0,140.0,150.0,150.0,150.0,150.0,150.0
10900,Blue Mountains (C),2170.0,370.0,0.0,2170.0,370.0,0.0,2170.0,370.0,0.0,2170.0,370.0,0.0,2170.0,370.0,0.0,2160.0,370.0,0.0,2160.0,370.0,0.0,2160.0,370.0,0.0,2160.0,370.0,0.0,2160.0,370.0,0.0,2130.0,360.0,0.0,2130.0,360.0,0.0,2130.0,360.0,0.0,2130.0,360.0,0.0,2130.0,360.0,0.0,2540.0,2540.0,2540.0,2540.0,2540.0,2530.0,2530.0,2530.0,2530.0,2530.0,2490.0,2490.0,2490.0,2490.0,2490.0
10950,Bogan (A),0.0,0.0,0.0,0.0,0.0,0.0,0.0,0.0,0.0,0.0,0.0,0.0,0.0,0.0,0.0,0.0,0.0,0.0,0.0,0.0,0.0,0.0,0.0,0.0,0.0,0.0,0.0,0.0,0.0,0.0,0.0,0.0,0.0,0.0,0.0,0.0,0.0,0.0,0.0,0.0,0.0,0.0,0.0,0.0,0.0,0.0,0.0,0.0,0.0,0.0,0.0,0.0,0.0,0.0,0.0,0.0,0.0,0.0,0.0,0.0
11150,Bourke (A),0.0,0.0,0.0,0.0,0.0,0.0,0.0,0.0,0.0,0.0,0.0,0.0,0.0,0.0,0.0,0.0,0.0,0.0,0.0,0.0,0.0,0.0,0.0,0.0,0.0,0.0,0.0,0.0,0.0,0.0,0.0,0.0,0.0,0.0,0.0,0.0,0.0,0.0,0.0,0.0,0.0,0.0,0.0,0.0,0.0,0.0,0.0,0.0,0.0,0.0,0.0,0.0,0.0,0.0,0.0,0.0,0.0,0.0,0.0,0.0
11200,Brewarrina (A),0.0,0.0,0.0,0.0,0.0,0.0,0.0,0.0,0.0,0.0,0.0,0.0,0.0,0.0,0.0,0.0,0.0,0.0,0.0,0.0,0.0,0.0,0.0,0.0,0.0,0.0,0.0,0.0,0.0,0.0,0.0,0.0,0.0,0.0,0.0,0.0,0.0,0.0,0.0,0.0,0.0,0.0,0.0,0.0,0.0,0.0,0.0,0.0,0.0,0.0,0.0,0.0,0.0,0.0,0.0,0.0,0.0,0.0,0.0,0.0
11250,Broken Hill (C),0.0,0.0,0.0,0.0,0.0,0.0,0.0,0.0,0.0,0.0,0.0,0.0,0.0,0.0,0.0,0.0,0.0,0.0,0.0,0.0,0.0,0.0,0.0,0.0,0.0,0.0,0.0,0.0,0.0,0.0,0.0,0.0,0.0,0.0,0.0,0.0,0.0,0.0,0.0,0.0,0.0,0.0,0.0,0.0,0.0,0.0,0.0,0.0,0.0,0.0,0.0,0.0,0.0,0.0,0.0,0.0,0.0,0.0,0.0,0.0
11300,Burwood (A),900.0,630.0,0.0,900.0,630.0,0.0,900.0,630.0,0.0,900.0,630.0,0.0,900.0,630.0,0.0,980.0,680.0,0.0,980.0,680.0,0.0,980.0,680.0,0.0,980.0,680.0,0.0,980.0,680.0,0.0,980.0,680.0,0.0,980.0,680.0,0.0,980.0,680.0,0.0,980.0,680.0,0.0,980.0,680.0,0.0,1540.0,1540.0,1540.0,1540.0,1540.0,1660.0,1660.0,1660.0,1660.0,1660.0,1660.0,1660.0,1660.0,1660.0,1660.0
11350,Byron (A),1320.0,290.0,0.0,1320.0,290.0,0.0,1320.0,290.0,0.0,1320.0,290.0,0.0,1320.0,290.0,0.0,1700.0,370.0,0.0,1700.0,370.0,0.0,1700.0,370.0,0.0,1700.0,370.0,0.0,1700.0,370.0,0.0,1700.0,380.0,0.0,1700.0,380.0,0.0,1700.0,380.0,0.0,1700.0,380.0,0.0,1700.0,380.0,0.0,1610.0,1610.0,1610.0,1610.0,1610.0,2070.0,2070.0,2070.0,2070.0,2070.0,2070.0,2070.0,2070.0,2070.0,2070.0
11400,Cabonne (A),430.0,40.0,0.0,430.0,40.0,0.0,430.0,40.0,0.0,430.0,40.0,0.0,430.0,40.0,0.0,480.0,40.0,0.0,480.0,40.0,0.0,480.0,40.0,0.0,480.0,40.0,0.0,480.0,40.0,0.0,460.0,40.0,0.0,460.0,40.0,0.0,460.0,40.0,0.0,460.0,40.0,0.0,460.0,40.0,0.0,470.0,470.0,470.0,470.0,470.0,520.0,520.0,520.0,520.0,520.0,500.0,500.0,500.0,500.0,500.0
11450,Camden (A),10280.0,1440.0,0.0,10280.0,1440.0,0.0,10280.0,1440.0,0.0,10280.0,1440.0,0.0,10280.0,1440.0,0.0,13210.0,1850.0,0.0,13210.0,1850.0,0.0,13210.0,1850.0,0.0,13210.0,1850.0,0.0,13210.0,1850.0,0.0,14690.0,2060.0,0.0,14690.0,2060.0,0.0,14690.0,2060.0,0.0,14690.0,2060.0,0.0,14690.0,2060.0,0.0,11710.0,11710.0,11710.0,11710.0,11710.0,15060.0,15060.0,15060.0,15060.0,15060.0,16750.0,16750.0,16750.0,16750.0,16750.0
11500,Campbelltown (C) (NSW),5500.0,1270.0,0.0,5500.0,1270.0,0.0,5500.0,1270.0,0.0,5500.0,1270.0,0.0,5500.0,1270.0,0.0,8180.0,1880.0,0.0,8180.0,1880.0,0.0,8180.0,1880.0,0.0,8180.0,1880.0,0.0,8180.0,1880.0,0.0,9450.0,2180.0,0.0,9450.0,2180.0,0.0,9450.0,2180.0,0.0,9450.0,2180.0,0.0,9450.0,2180.0,0.0,6770.0,6770.0,6770.0,6770.0,6770.0,10070.0,10070.0,10070.0,10070.0,10070.0,11630.0,11630.0,11630.0,11630.0,11630.0
11520,Canada Bay (A),810.0,740.0,0.0,810.0,740.0,0.0,810.0,740.0,0.0,810.0,740.0,0.0,810.0,740.0,0.0,740.0,680.0,0.0,740.0,680.0,0.0,740.0,680.0,0.0,740.0,680.0,0.0,740.0,680.0,0.0,730.0,680.0,0.0,730.0,680.0,0.0,730.0,680.0,0.0,730.0,680.0,0.0,730.0,680.0,0.0,1550.0,1550.0,1550.0,1550.0,1550.0,1420.0,1420.0,1420.0,1420.0,1420.0,1410.0,1410.0,1410.0,1410.0,1410.0
11570,Canterbury-Bankstown (A),4220.0,4790.0,0.0,4220.0,4790.0,0.0,4220.0,4790.0,0.0,4220.0,4790.0,0.0,4220.0,4790.0,0.0,5690.0,6460.0,0.0,5690.0,6460.0,0.0,5690.0,6460.0,0.0,5690.0,6460.0,0.0,5690.0,6460.0,0.0,5750.0,6520.0,0.0,5750.0,6520.0,0.0,5750.0,6520.0,0.0,5750.0,6520.0,0.0,5750.0,6520.0,0.0,9010.0,9010.0,9010.0,9010.0,9010.0,12160.0,12160.0,12160.0,12160.0,12160.0,12270.0,12270.0,12270.0,12270.0,12270.0
11600,Carrathool (A),0.0,0.0,0.0,0.0,0.0,0.0,0.0,0.0,0.0,0.0,0.0,0.0,0.0,0.0,0.0,0.0,0.0,0.0,0.0,0.0,0.0,0.0,0.0,0.0,0.0,0.0,0.0,0.0,0.0,0.0,0.0,0.0,0.0,0.0,0.0,0.0,0.0,0.0,0.0,0.0,0.0,0.0,0.0,0.0,0.0,0.0,0.0,0.0,0.0,0.0,0.0,0.0,0.0,0.0,0.0,0.0,0.0,0.0,0.0,0.0
11650,Central Coast (C) (NSW),6460.0,1590.0,10.0,6460.0,1590.0,10.0,6460.0,1590.0,10.0,6460.0,1590.0,10.0,6460.0,1590.0,10.0,7890.0,1950.0,10.0,7890.0,1950.0,10.0,7890.0,1950.0,10.0,7890.0,1950.0,10.0,7890.0,1950.0,10.0,8080.0,1990.0,10.0,8080.0,1990.0,10.0,8080.0,1990.0,10.0,8080.0,1990.0,10.0,8080.0,1990.0,10.0,8050.0,8050.0,8050.0,8050.0,8050.0,9850.0,9850.0,9850.0,9850.0,9850.0,10080.0,10080.0,10080.0,10080.0,10080.0
11700,Central Darling (A),0.0,0.0,0.0,0.0,0.0,0.0,0.0,0.0,0.0,0.0,0.0,0.0,0.0,0.0,0.0,0.0,0.0,0.0,0.0,0.0,0.0,0.0,0.0,0.0,0.0,0.0,0.0,0.0,0.0,0.0,0.0,0.0,0.0,0.0,0.0,0.0,0.0,0.0,0.0,0.0,0.0,0.0,0.0,0.0,0.0,0.0,0.0,0.0,0.0,0.0,0.0,0.0,0.0,0.0,0.0,0.0,0.0,0.0,0.0,0.0
11720,Cessnock (C),3930.0,1010.0,0.0,3930.0,1010.0,0.0,3930.0,1010.0,0.0,3930.0,1010.0,0.0,3930.0,1010.0,0.0,4280.0,1110.0,0.0,4280.0,1110.0,0.0,4280.0,1110.0,0.0,4280.0,1110.0,0.0,4280.0,1110.0,0.0,4390.0,1140.0,0.0,4390.0,1140.0,0.0,4390.0,1140.0,0.0,4390.0,1140.0,0.0,4390.0,1140.0,0.0,4940.0,4940.0,4940.0,4940.0,4940.0,5390.0,5390.0,5390.0,5390.0,5390.0,5520.0,5520.0,5520.0,5520.0,5520.0
11730,Clarence Valley (A),1020.0,160.0,0.0,1020.0,160.0,0.0,1020.0,160.0,0.0,1020.0,160.0,0.0,1020.0,160.0,0.0,1100.0,170.0,0.0,1100.0,170.0,0.0,1100.0,170.0,0.0,1100.0,170.0,0.0,1100.0,170.0,0.0,890.0,140.0,0.0,890.0,140.0,0.0,890.0,140.0,0.0,890.0,140.0,0.0,890.0,140.0,0.0,1180.0,1180.0,1180.0,1180.0,1180.0,1270.0,1270.0,1270.0,1270.0,1270.0,1030.0,1030.0,1030.0,1030.0,1030.0
11750,Cobar (A),0.0,0.0,0.0,0.0,0.0,0.0,0.0,0.0,0.0,0.0,0.0,0.0,0.0,0.0,0.0,0.0,0.0,0.0,0.0,0.0,0.0,0.0,0.0,0.0,0.0,0.0,0.0,0.0,0.0,0.0,0.0,0.0,0.0,0.0,0.0,0.0,0.0,0.0,0.0,0.0,0.0,0.0,0.0,0.0,0.0,0.0,0.0,0.0,0.0,0.0,0.0,0.0,0.0,0.0,0.0,0.0,0.0,0.0,0.0,0.0
11800,Coffs Harbour (C),1510.0,470.0,0.0,1510.0,470.0,0.0,1510.0,470.0,0.0,1510.0,470.0,0.0,1510.0,470.0,0.0,1850.0,580.0,0.0,1850.0,580.0,0.0,1850.0,580.0,0.0,1850.0,580.0,0.0,1850.0,580.0,0.0,1670.0,520.0,0.0,1670.0,520.0,0.0,1670.0,520.0,0.0,1670.0,520.0,0.0,1670.0,520.0,0.0,1980.0,1980.0,1980.0,1980.0,1980.0,2430.0,2430.0,2430.0,2430.0,2430.0,2190.0,2190.0,2190.0,2190.0,2190.0
12000,Coolamon (A),190.0,10.0,0.0,190.0,10.0,0.0,190.0,10.0,0.0,190.0,10.0,0.0,190.0,10.0,0.0,280.0,10.0,0.0,280.0,10.0,0.0,280.0,10.0,0.0,280.0,10.0,0.0,280.0,10.0,0.0,300.0,10.0,0.0,300.0,10.0,0.0,300.0,10.0,0.0,300.0,10.0,0.0,300.0,10.0,0.0,190.0,190.0,190.0,190.0,190.0,290.0,290.0,290.0,290.0,290.0,310.0,310.0,310.0,310.0,310.0
12150,Coonamble (A),0.0,0.0,0.0,0.0,0.0,0.0,0.0,0.0,0.0,0.0,0.0,0.0,0.0,0.0,0.0,0.0,0.0,0.0,0.0,0.0,0.0,0.0,0.0,0.0,0.0,0.0,0.0,0.0,0.0,0.0,0.0,0.0,0.0,0.0,0.0,0.0,0.0,0.0,0.0,0.0,0.0,0.0,0.0,0.0,0.0,0.0,0.0,0.0,0.0,0.0,0.0,0.0,0.0,0.0,0.0,0.0,0.0,0.0,0.0,0.0
12160,Cootamundra-Gundagai Regional (A),100.0,10.0,0.0,100.0,10.0,0.0,100.0,10.0,0.0,100.0,10.0,0.0,100.0,10.0,0.0,130.0,10.0,0.0,130.0,10.0,0.0,130.0,10.0,0.0,130.0,10.0,0.0,130.0,10.0,0.0,100.0,10.0,0.0,100.0,10.0,0.0,100.0,10.0,0.0,100.0,10.0,0.0,100.0,10.0,0.0,110.0,110.0,110.0,110.0,110.0,140.0,140.0,140.0,140.0,140.0,110.0,110.0,110.0,110.0,110.0
12350,Cowra (A),550.0,60.0,0.0,550.0,60.0,0.0,550.0,60.0,0.0,550.0,60.0,0.0,550.0,60.0,0.0,490.0,60.0,0.0,490.0,60.0,0.0,490.0,60.0,0.0,490.0,60.0,0.0,490.0,60.0,0.0,380.0,40.0,0.0,380.0,40.0,0.0,380.0,40.0,0.0,380.0,40.0,0.0,380.0,40.0,0.0,620.0,620.0,620.0,620.0,620.0,540.0,540.0,540.0,540.0,540.0,430.0,430.0,430.0,430.0,430.0
12380,Cumberland (A),2550.0,2050.0,10.0,2550.0,2050.0,10.0,2550.0,2050.0,10.0,2550.0,2050.0,10.0,2550.0,2050.0,10.0,3520.0,2830.0,10.0,3520.0,2830.0,10.0,3520.0,2830.0,10.0,3520.0,2830.0,10.0,3520.0,2830.0,10.0,2960.0,2370.0,10.0,2960.0,2370.0,10.0,2960.0,2370.0,10.0,2960.0,2370.0,10.0,2960.0,2370.0,10.0,4600.0,4600.0,4600.0,4600.0,4600.0,6370.0,6370.0,6370.0,6370.0,6370.0,5340.0,5340.0,5340.0,5340.0,5340.0
12390,Dubbo Regional (A),1800.0,240.0,0.0,1800.0,240.0,0.0,1800.0,240.0,0.0,1800.0,240.0,0.0,1800.0,240.0,0.0,2140.0,290.0,0.0,2140.0,290.0,0.0,2140.0,290.0,0.0,2140.0,290.0,0.0,2140.0,290.0,0.0,2160.0,290.0,0.0,2160.0,290.0,0.0,2160.0,290.0,0.0,2160.0,290.0,0.0,2160.0,290.0,0.0,2040.0,2040.0,2040.0,2040.0,2040.0,2430.0,2430.0,2430.0,2430.0,2430.0,2440.0,2440.0,2440.0,2440.0,2440.0
12700,Dungog (A),1080.0,0.0,0.0,1080.0,0.0,0.0,1080.0,0.0,0.0,1080.0,0.0,0.0,1080.0,0.0,0.0,1130.0,0.0,0.0,1130.0,0.0,0.0,1130.0,0.0,0.0,1130.0,0.0,0.0,1130.0,0.0,0.0,1150.0,0.0,0.0,1150.0,0.0,0.0,1150.0,0.0,0.0,1150.0,0.0,0.0,1150.0,0.0,0.0,1080.0,1080.0,1080.0,1080.0,1080.0,1130.0,1130.0,1130.0,1130.0,1130.0,1150.0,1150.0,1150.0,1150.0,1150.0
12730,Edward River (A),190.0,10.0,0.0,190.0,10.0,0.0,190.0,10.0,0.0,190.0,10.0,0.0,190.0,10.0,0.0,190.0,10.0,0.0,190.0,10.0,0.0,190.0,10.0,0.0,190.0,10.0,0.0,190.0,10.0,0.0,130.0,10.0,0.0,130.0,10.0,0.0,130.0,10.0,0.0,130.0,10.0,0.0,130.0,10.0,0.0,200.0,200.0,200.0,200.0,200.0,200.0,200.0,200.0,200.0,200.0,140.0,140.0,140.0,140.0,140.0
12750,Eurobodalla (A),2890.0,330.0,0.0,2890.0,330.0,0.0,2890.0,330.0,0.0,2890.0,330.0,0.0,2890.0,330.0,0.0,2640.0,300.0,0.0,2640.0,300.0,0.0,2640.0,300.0,0.0,2640.0,300.0,0.0,2640.0,300.0,0.0,2250.0,260.0,0.0,2250.0,260.0,0.0,2250.0,260.0,0.0,2250.0,260.0,0.0,2250.0,260.0,0.0,3210.0,3210.0,3210.0,3210.0,3210.0,2940.0,2940.0,2940.0,2940.0,2940.0,2510.0,2510.0,2510.0,2510.0,2510.0
12850,Fairfield (C),2850.0,1220.0,0.0,2850.0,1220.0,0.0,2850.0,1220.0,0.0,2850.0,1220.0,0.0,2850.0,1220.0,0.0,3600.0,1540.0,0.0,3600.0,1540.0,0.0,3600.0,1540.0,0.0,3600.0,1540.0,0.0,3600.0,1540.0,0.0,4130.0,1780.0,0.0,4130.0,1780.0,0.0,4130.0,1780.0,0.0,4130.0,1780.0,0.0,4130.0,1780.0,0.0,4080.0,4080.0,4080.0,4080.0,4080.0,5150.0,5150.0,5150.0,5150.0,5150.0,5920.0,5920.0,5920.0,5920.0,5920.0
12870,Federation (A),580.0,10.0,0.0,580.0,10.0,0.0,580.0,10.0,0.0,580.0,10.0,0.0,580.0,10.0,0.0,550.0,10.0,0.0,550.0,10.0,0.0,550.0,10.0,0.0,550.0,10.0,0.0,550.0,10.0,0.0,370.0,10.0,0.0,370.0,10.0,0.0,370.0,10.0,0.0,370.0,10.0,0.0,370.0,10.0,0.0,590.0,590.0,590.0,590.0,590.0,560.0,560.0,560.0,560.0,560.0,370.0,370.0,370.0,370.0,370.0
12900,Forbes (A),510.0,80.0,0.0,510.0,80.0,0.0,510.0,80.0,0.0,510.0,80.0,0.0,510.0,80.0,0.0,730.0,120.0,0.0,730.0,120.0,0.0,730.0,120.0,0.0,730.0,120.0,0.0,730.0,120.0,0.0,770.0,130.0,0.0,770.0,130.0,0.0,770.0,130.0,0.0,770.0,130.0,0.0,770.0,130.0,0.0,590.0,590.0,590.0,590.0,590.0,850.0,850.0,850.0,850.0,850.0,890.0,890.0,890.0,890.0,890.0
12930,Georges River (A),490.0,300.0,0.0,490.0,300.0,0.0,490.0,300.0,0.0,490.0,300.0,0.0,490.0,300.0,0.0,1720.0,1060.0,0.0,1720.0,1060.0,0.0,1720.0,1060.0,0.0,1720.0,1060.0,0.0,1720.0,1060.0,0.0,2120.0,1310.0,0.0,2120.0,1310.0,0.0,2120.0,1310.0,0.0,2120.0,1310.0,0.0,2120.0,1310.0,0.0,790.0,790.0,790.0,790.0,790.0,2780.0,2780.0,2780.0,2780.0,2780.0,3430.0,3430.0,3430.0,3430.0,3430.0
12950,Gilgandra (A),0.0,0.0,0.0,0.0,0.0,0.0,0.0,0.0,0.0,0.0,0.0,0.0,0.0,0.0,0.0,0.0,0.0,0.0,0.0,0.0,0.0,0.0,0.0,0.0,0.0,0.0,0.0,0.0,0.0,0.0,0.0,0.0,0.0,0.0,0.0,0.0,0.0,0.0,0.0,0.0,0.0,0.0,0.0,0.0,0.0,0.0,0.0,0.0,0.0,0.0,0.0,0.0,0.0,0.0,0.0,0.0,0.0,0.0,0.0,0.0
13010,Glen Innes Severn (A),250.0,20.0,0.0,250.0,20.0,0.0,250.0,20.0,0.0,250.0,20.0,0.0,250.0,20.0,0.0,210.0,20.0,0.0,210.0,20.0,0.0,210.0,20.0,0.0,210.0,20.0,0.0,210.0,20.0,0.0,120.0,10.0,0.0,120.0,10.0,0.0,120.0,10.0,0.0,120.0,10.0,0.0,120.0,10.0,0.0,280.0,280.0,280.0,280.0,280.0,220.0,220.0,220.0,220.0,220.0,130.0,130.0,130.0,130.0,130.0
13310,Goulburn Mulwaree (A),1460.0,440.0,0.0,1460.0,440.0,0.0,1460.0,440.0,0.0,1460.0,440.0,0.0,1460.0,440.0,0.0,1630.0,500.0,0.0,1630.0,500.0,0.0,1630.0,500.0,0.0,1630.0,500.0,0.0,1630.0,500.0,0.0,1600.0,480.0,0.0,1600.0,480.0,0.0,1600.0,480.0,0.0,1600.0,480.0,0.0,1600.0,480.0,0.0,1900.0,1900.0,1900.0,1900.0,1900.0,2130.0,2130.0,2130.0,2130.0,2130.0,2090.0,2090.0,2090.0,2090.0,2090.0
13340,Greater Hume Shire (A),520.0,10.0,0.0,520.0,10.0,0.0,520.0,10.0,0.0,520.0,10.0,0.0,520.0,10.0,0.0,620.0,10.0,0.0,620.0,10.0,0.0,620.0,10.0,0.0,620.0,10.0,0.0,620.0,10.0,0.0,600.0,10.0,0.0,600.0,10.0,0.0,600.0,10.0,0.0,600.0,10.0,0.0,600.0,10.0,0.0,540.0,540.0,540.0,540.0,540.0,630.0,630.0,630.0,630.0,630.0,610.0,610.0,610.0,610.0,610.0
13450,Griffith (C),600.0,140.0,0.0,600.0,140.0,0.0,600.0,140.0,0.0,600.0,140.0,0.0,600.0,140.0,0.0,980.0,240.0,0.0,980.0,240.0,0.0,980.0,240.0,0.0,980.0,240.0,0.0,980.0,240.0,0.0,1020.0,250.0,0.0,1020.0,250.0,0.0,1020.0,250.0,0.0,1020.0,250.0,0.0,1020.0,250.0,0.0,740.0,740.0,740.0,740.0,740.0,1220.0,1220.0,1220.0,1220.0,1220.0,1270.0,1270.0,1270.0,1270.0,1270.0
13550,Gunnedah (A),140.0,40.0,0.0,140.0,40.0,0.0,140.0,40.0,0.0,140.0,40.0,0.0,140.0,40.0,0.0,220.0,60.0,0.0,220.0,60.0,0.0,220.0,60.0,0.0,220.0,60.0,0.0,220.0,60.0,0.0,230.0,60.0,0.0,230.0,60.0,0.0,230.0,60.0,0.0,230.0,60.0,0.0,230.0,60.0,0.0,180.0,180.0,180.0,180.0,180.0,290.0,290.0,290.0,290.0,290.0,300.0,300.0,300.0,300.0,300.0
13660,Gwydir (A),110.0,20.0,0.0,110.0,20.0,0.0,110.0,20.0,0.0,110.0,20.0,0.0,110.0,20.0,0.0,80.0,20.0,0.0,80.0,20.0,0.0,80.0,20.0,0.0,80.0,20.0,0.0,80.0,20.0,0.0,60.0,10.0,0.0,60.0,10.0,0.0,60.0,10.0,0.0,60.0,10.0,0.0,60.0,10.0,0.0,140.0,140.0,140.0,140.0,140.0,90.0,90.0,90.0,90.0,90.0,70.0,70.0,70.0,70.0,70.0
13800,Hawkesbury (C),1320.0,130.0,0.0,1320.0,130.0,0.0,1320.0,130.0,0.0,1320.0,130.0,0.0,1320.0,130.0,0.0,1890.0,180.0,0.0,1890.0,180.0,0.0,1890.0,180.0,0.0,1890.0,180.0,0.0,1890.0,180.0,0.0,2680.0,250.0,0.0,2680.0,250.0,0.0,2680.0,250.0,0.0,2680.0,250.0,0.0,2680.0,250.0,0.0,1450.0,1450.0,1450.0,1450.0,1450.0,2080.0,2080.0,2080.0,2080.0,2080.0,2930.0,2930.0,2930.0,2930.0,2930.0
13850,Hay (A),0.0,0.0,0.0,0.0,0.0,0.0,0.0,0.0,0.0,0.0,0.0,0.0,0.0,0.0,0.0,0.0,0.0,0.0,0.0,0.0,0.0,0.0,0.0,0.0,0.0,0.0,0.0,0.0,0.0,0.0,0.0,0.0,0.0,0.0,0.0,0.0,0.0,0.0,0.0,0.0,0.0,0.0,0.0,0.0,0.0,0.0,0.0,0.0,0.0,0.0,0.0,0.0,0.0,0.0,0.0,0.0,0.0,0.0,0.0,0.0
13910,Hilltops (A),510.0,20.0,0.0,510.0,20.0,0.0,510.0,20.0,0.0,510.0,20.0,0.0,510.0,20.0,0.0,400.0,20.0,0.0,400.0,20.0,0.0,400.0,20.0,0.0,400.0,20.0,0.0,400.0,20.0,0.0,230.0,10.0,0.0,230.0,10.0,0.0,230.0,10.0,0.0,230.0,10.0,0.0,230.0,10.0,0.0,530.0,530.0,530.0,530.0,530.0,420.0,420.0,420.0,420.0,420.0,250.0,250.0,250.0,250.0,250.0
14000,Hornsby (A),2120.0,420.0,0.0,2120.0,420.0,0.0,2120.0,420.0,0.0,2120.0,420.0,0.0,2120.0,420.0,0.0,3020.0,600.0,0.0,3020.0,600.0,0.0,3020.0,600.0,0.0,3020.0,600.0,0.0,3020.0,600.0,0.0,3080.0,610.0,0.0,3080.0,610.0,0.0,3080.0,610.0,0.0,3080.0,610.0,0.0,3080.0,610.0,0.0,2540.0,2540.0,2540.0,2540.0,2540.0,3620.0,3620.0,3620.0,3620.0,3620.0,3680.0,3680.0,3680.0,3680.0,3680.0
14100,Hunters Hill (A),80.0,20.0,0.0,80.0,20.0,0.0,80.0,20.0,0.0,80.0,20.0,0.0,80.0,20.0,0.0,120.0,30.0,0.0,120.0,30.0,0.0,120.0,30.0,0.0,120.0,30.0,0.0,120.0,30.0,0.0,180.0,40.0,0.0,180.0,40.0,0.0,180.0,40.0,0.0,180.0,40.0,0.0,180.0,40.0,0.0,100.0,100.0,100.0,100.0,100.0,150.0,150.0,150.0,150.0,150.0,220.0,220.0,220.0,220.0,220.0
14170,Inner West (A),200.0,140.0,0.0,200.0,140.0,0.0,200.0,140.0,0.0,200.0,140.0,0.0,200.0,140.0,0.0,680.0,480.0,0.0,680.0,480.0,0.0,680.0,480.0,0.0,680.0,480.0,0.0,680.0,480.0,0.0,820.0,580.0,10.0,820.0,580.0,10.0,820.0,580.0,10.0,820.0,580.0,10.0,820.0,580.0,10.0,340.0,340.0,340.0,340.0,340.0,1160.0,1160.0,1160.0,1160.0,1160.0,1420.0,1420.0,1420.0,1420.0,1420.0
14220,Inverell (A),80.0,20.0,0.0,80.0,20.0,0.0,80.0,20.0,0.0,80.0,20.0,0.0,80.0,20.0,0.0,100.0,30.0,0.0,100.0,30.0,0.0,100.0,30.0,0.0,100.0,30.0,0.0,100.0,30.0,0.0,70.0,20.0,0.0,70.0,20.0,0.0,70.0,20.0,0.0,70.0,20.0,0.0,70.0,20.0,0.0,110.0,110.0,110.0,110.0,110.0,140.0,140.0,140.0,140.0,140.0,90.0,90.0,90.0,90.0,90.0
14300,Junee (A),180.0,10.0,0.0,180.0,10.0,0.0,180.0,10.0,0.0,180.0,10.0,0.0,180.0,10.0,0.0,230.0,10.0,0.0,230.0,10.0,0.0,230.0,10.0,0.0,230.0,10.0,0.0,230.0,10.0,0.0,230.0,10.0,0.0,230.0,10.0,0.0,230.0,10.0,0.0,230.0,10.0,0.0,230.0,10.0,0.0,180.0,180.0,180.0,180.0,180.0,250.0,250.0,250.0,250.0,250.0,250.0,250.0,250.0,250.0,250.0
14350,Kempsey (A),640.0,40.0,0.0,640.0,40.0,0.0,640.0,40.0,0.0,640.0,40.0,0.0,640.0,40.0,0.0,680.0,50.0,0.0,680.0,50.0,0.0,680.0,50.0,0.0,680.0,50.0,0.0,680.0,50.0,0.0,540.0,40.0,0.0,540.0,40.0,0.0,540.0,40.0,0.0,540.0,40.0,0.0,540.0,40.0,0.0,680.0,680.0,680.0,680.0,680.0,740.0,740.0,740.0,740.0,740.0,580.0,580.0,580.0,580.0,580.0
14400,Kiama (A),1010.0,310.0,0.0,1010.0,310.0,0.0,1010.0,310.0,0.0,1010.0,310.0,0.0,1010.0,310.0,0.0,1260.0,380.0,0.0,1260.0,380.0,0.0,1260.0,380.0,0.0,1260.0,380.0,0.0,1260.0,380.0,0.0,1320.0,410.0,0.0,1320.0,410.0,0.0,1320.0,410.0,0.0,1320.0,410.0,0.0,1320.0,410.0,0.0,1320.0,1320.0,1320.0,1320.0,1320.0,1640.0,1640.0,1640.0,1640.0,1640.0,1730.0,1730.0,1730.0,1730.0,1730.0
14500,Ku-ring-gai (A),2200.0,320.0,0.0,2200.0,320.0,0.0,2200.0,320.0,0.0,2200.0,320.0,0.0,2200.0,320.0,0.0,2660.0,380.0,0.0,2660.0,380.0,0.0,2660.0,380.0,0.0,2660.0,380.0,0.0,2660.0,380.0,0.0,2760.0,400.0,0.0,2760.0,400.0,0.0,2760.0,400.0,0.0,2760.0,400.0,0.0,2760.0,400.0,0.0,2520.0,2520.0,2520.0,2520.0,2520.0,3050.0,3050.0,3050.0,3050.0,3050.0,3150.0,3150.0,3150.0,3150.0,3150.0
14550,Kyogle (A),0.0,0.0,0.0,0.0,0.0,0.0,0.0,0.0,0.0,0.0,0.0,0.0,0.0,0.0,0.0,0.0,0.0,0.0,0.0,0.0,0.0,0.0,0.0,0.0,0.0,0.0,0.0,0.0,0.0,0.0,0.0,0.0,0.0,0.0,0.0,0.0,0.0,0.0,0.0,0.0,0.0,0.0,0.0,0.0,0.0,0.0,0.0,0.0,0.0,0.0,0.0,0.0,0.0,0.0,0.0,0.0,0.0,0.0,0.0,0.0
14600,Lachlan (A),0.0,0.0,0.0,0.0,0.0,0.0,0.0,0.0,0.0,0.0,0.0,0.0,0.0,0.0,0.0,0.0,0.0,0.0,0.0,0.0,0.0,0.0,0.0,0.0,0.0,0.0,0.0,0.0,0.0,0.0,0.0,0.0,0.0,0.0,0.0,0.0,0.0,0.0,0.0,0.0,0.0,0.0,0.0,0.0,0.0,0.0,0.0,0.0,0.0,0.0,0.0,0.0,0.0,0.0,0.0,0.0,0.0,0.0,0.0,0.0
14650,Lake Macquarie (C),6080.0,1540.0,0.0,6080.0,1540.0,0.0,6080.0,1540.0,0.0,6080.0,1540.0,0.0,6080.0,1540.0,0.0,6690.0,1700.0,0.0,6690.0,1700.0,0.0,6690.0,1700.0,0.0,6690.0,1700.0,0.0,6690.0,1700.0,0.0,6780.0,1720.0,0.0,6780.0,1720.0,0.0,6780.0,1720.0,0.0,6780.0,1720.0,0.0,6780.0,1720.0,0.0,7620.0,7620.0,7620.0,7620.0,7620.0,8390.0,8390.0,8390.0,8390.0,8390.0,8490.0,8490.0,8490.0,8490.0,8490.0
14700,Lane Cove (A),480.0,90.0,0.0,480.0,90.0,0.0,480.0,90.0,0.0,480.0,90.0,0.0,480.0,90.0,0.0,210.0,40.0,0.0,210.0,40.0,0.0,210.0,40.0,0.0,210.0,40.0,0.0,210.0,40.0,0.0,200.0,40.0,0.0,200.0,40.0,0.0,200.0,40.0,0.0,200.0,40.0,0.0,200.0,40.0,0.0,570.0,570.0,570.0,570.0,570.0,250.0,250.0,250.0,250.0,250.0,240.0,240.0,240.0,240.0,240.0
14750,Leeton (A),190.0,50.0,0.0,190.0,50.0,0.0,190.0,50.0,0.0,190.0,50.0,0.0,190.0,50.0,0.0,100.0,20.0,0.0,100.0,20.0,0.0,100.0,20.0,0.0,100.0,20.0,0.0,100.0,20.0,0.0,80.0,20.0,0.0,80.0,20.0,0.0,80.0,20.0,0.0,80.0,20.0,0.0,80.0,20.0,0.0,240.0,240.0,240.0,240.0,240.0,130.0,130.0,130.0,130.0,130.0,90.0,90.0,90.0,90.0,90.0
14850,Lismore (C),50.0,10.0,0.0,50.0,10.0,0.0,50.0,10.0,0.0,50.0,10.0,0.0,50.0,10.0,0.0,0.0,0.0,0.0,0.0,0.0,0.0,0.0,0.0,0.0,0.0,0.0,0.0,0.0,0.0,0.0,0.0,0.0,0.0,0.0,0.0,0.0,0.0,0.0,0.0,0.0,0.0,0.0,0.0,0.0,0.0,50.0,50.0,50.0,50.0,50.0,0.0,0.0,0.0,0.0,0.0,0.0,0.0,0.0,0.0,0.0
14870,Lithgow (C),360.0,70.0,0.0,360.0,70.0,0.0,360.0,70.0,0.0,360.0,70.0,0.0,360.0,70.0,0.0,250.0,50.0,0.0,250.0,50.0,0.0,250.0,50.0,0.0,250.0,50.0,0.0,250.0,50.0,0.0,140.0,30.0,0.0,140.0,30.0,0.0,140.0,30.0,0.0,140.0,30.0,0.0,140.0,30.0,0.0,420.0,420.0,420.0,420.0,420.0,300.0,300.0,300.0,300.0,300.0,170.0,170.0,170.0,170.0,170.0
14900,Liverpool (C),7450.0,1600.0,0.0,7450.0,1600.0,0.0,7450.0,1600.0,0.0,7450.0,1600.0,0.0,7450.0,1600.0,0.0,10380.0,2220.0,0.0,10380.0,2220.0,0.0,10380.0,2220.0,0.0,10380.0,2220.0,0.0,10380.0,2220.0,0.0,11350.0,2430.0,0.0,11350.0,2430.0,0.0,11350.0,2430.0,0.0,11350.0,2430.0,0.0,11350.0,2430.0,0.0,9050.0,9050.0,9050.0,9050.0,9050.0,12600.0,12600.0,12600.0,12600.0,12600.0,13790.0,13790.0,13790.0,13790.0,13790.0
14920,Liverpool Plains (A),40.0,0.0,0.0,40.0,0.0,0.0,40.0,0.0,0.0,40.0,0.0,0.0,40.0,0.0,0.0,0.0,0.0,0.0,0.0,0.0,0.0,0.0,0.0,0.0,0.0,0.0,0.0,0.0,0.0,0.0,0.0,0.0,0.0,0.0,0.0,0.0,0.0,0.0,0.0,0.0,0.0,0.0,0.0,0.0,0.0,40.0,40.0,40.0,40.0,40.0,0.0,0.0,0.0,0.0,0.0,0.0,0.0,0.0,0.0,0.0
14950,Lockhart (A),160.0,0.0,0.0,160.0,0.0,0.0,160.0,0.0,0.0,160.0,0.0,0.0,160.0,0.0,0.0,220.0,0.0,0.0,220.0,0.0,0.0,220.0,0.0,0.0,220.0,0.0,0.0,220.0,0.0,0.0,260.0,0.0,0.0,260.0,0.0,0.0,260.0,0.0,0.0,260.0,0.0,0.0,260.0,0.0,0.0,160.0,160.0,160.0,160.0,160.0,220.0,220.0,220.0,220.0,220.0,260.0,260.0,260.0,260.0,260.0
15050,Maitland (C),8170.0,1600.0,0.0,8170.0,1600.0,0.0,8170.0,1600.0,0.0,8170.0,1600.0,0.0,8170.0,1600.0,0.0,9130.0,1790.0,0.0,9130.0,1790.0,0.0,9130.0,1790.0,0.0,9130.0,1790.0,0.0,9130.0,1790.0,0.0,9490.0,1860.0,0.0,9490.0,1860.0,0.0,9490.0,1860.0,0.0,9490.0,1860.0,0.0,9490.0,1860.0,0.0,9770.0,9770.0,9770.0,9770.0,9770.0,10920.0,10920.0,10920.0,10920.0,10920.0,11350.0,11350.0,11350.0,11350.0,11350.0
15240,Mid-Coast (A),4360.0,550.0,0.0,4360.0,550.0,0.0,4360.0,550.0,0.0,4360.0,550.0,0.0,4360.0,550.0,0.0,4360.0,550.0,0.0,4360.0,550.0,0.0,4360.0,550.0,0.0,4360.0,550.0,0.0,4360.0,550.0,0.0,3820.0,480.0,0.0,3820.0,480.0,0.0,3820.0,480.0,0.0,3820.0,480.0,0.0,3820.0,480.0,0.0,4910.0,4910.0,4910.0,4910.0,4910.0,4910.0,4910.0,4910.0,4910.0,4910.0,4290.0,4290.0,4290.0,4290.0,4290.0
15270,Mid-Western Regional (A),880.0,180.0,0.0,880.0,180.0,0.0,880.0,180.0,0.0,880.0,180.0,0.0,880.0,180.0,0.0,960.0,200.0,0.0,960.0,200.0,0.0,960.0,200.0,0.0,960.0,200.0,0.0,960.0,200.0,0.0,970.0,200.0,0.0,970.0,200.0,0.0,970.0,200.0,0.0,970.0,200.0,0.0,970.0,200.0,0.0,1060.0,1060.0,1060.0,1060.0,1060.0,1160.0,1160.0,1160.0,1160.0,1160.0,1170.0,1170.0,1170.0,1170.0,1170.0
15300,Moree Plains (A),720.0,220.0,0.0,720.0,220.0,0.0,720.0,220.0,0.0,720.0,220.0,0.0,720.0,220.0,0.0,740.0,230.0,0.0,740.0,230.0,0.0,740.0,230.0,0.0,740.0,230.0,0.0,740.0,230.0,0.0,730.0,220.0,0.0,730.0,220.0,0.0,730.0,220.0,0.0,730.0,220.0,0.0,730.0,220.0,0.0,940.0,940.0,940.0,940.0,940.0,970.0,970.0,970.0,970.0,970.0,950.0,950.0,950.0,950.0,950.0
15350,Mosman (A),470.0,210.0,0.0,470.0,210.0,0.0,470.0,210.0,0.0,470.0,210.0,0.0,470.0,210.0,0.0,420.0,190.0,0.0,420.0,190.0,0.0,420.0,190.0,0.0,420.0,190.0,0.0,420.0,190.0,0.0,360.0,160.0,0.0,360.0,160.0,0.0,360.0,160.0,0.0,360.0,160.0,0.0,360.0,160.0,0.0,680.0,680.0,680.0,680.0,680.0,610.0,610.0,610.0,610.0,610.0,520.0,520.0,520.0,520.0,520.0
15520,Murray River (A),820.0,10.0,0.0,820.0,10.0,0.0,820.0,10.0,0.0,820.0,10.0,0.0,820.0,10.0,0.0,960.0,10.0,0.0,960.0,10.0,0.0,960.0,10.0,0.0,960.0,10.0,0.0,960.0,10.0,0.0,900.0,10.0,0.0,900.0,10.0,0.0,900.0,10.0,0.0,900.0,10.0,0.0,900.0,10.0,0.0,820.0,820.0,820.0,820.0,820.0,960.0,960.0,960.0,960.0,960.0,910.0,910.0,910.0,910.0,910.0
15560,Murrumbidgee (A),100.0,0.0,0.0,100.0,0.0,0.0,100.0,0.0,0.0,100.0,0.0,0.0,100.0,0.0,0.0,140.0,0.0,0.0,140.0,0.0,0.0,140.0,0.0,0.0,140.0,0.0,0.0,140.0,0.0,0.0,110.0,0.0,0.0,110.0,0.0,0.0,110.0,0.0,0.0,110.0,0.0,0.0,110.0,0.0,0.0,100.0,100.0,100.0,100.0,100.0,140.0,140.0,140.0,140.0,140.0,110.0,110.0,110.0,110.0,110.0
15650,Muswellbrook (A),630.0,70.0,0.0,630.0,70.0,0.0,630.0,70.0,0.0,630.0,70.0,0.0,630.0,70.0,0.0,620.0,70.0,0.0,620.0,70.0,0.0,620.0,70.0,0.0,620.0,70.0,0.0,620.0,70.0,0.0,440.0,50.0,0.0,440.0,50.0,0.0,440.0,50.0,0.0,440.0,50.0,0.0,440.0,50.0,0.0,700.0,700.0,700.0,700.0,700.0,690.0,690.0,690.0,690.0,690.0,490.0,490.0,490.0,490.0,490.0
15700,Nambucca Valley (A),420.0,60.0,0.0,420.0,60.0,0.0,420.0,60.0,0.0,420.0,60.0,0.0,420.0,60.0,0.0,410.0,60.0,0.0,410.0,60.0,0.0,410.0,60.0,0.0,410.0,60.0,0.0,410.0,60.0,0.0,310.0,40.0,0.0,310.0,40.0,0.0,310.0,40.0,0.0,310.0,40.0,0.0,310.0,40.0,0.0,480.0,480.0,480.0,480.0,480.0,480.0,480.0,480.0,480.0,480.0,350.0,350.0,350.0,350.0,350.0
15750,Narrabri (A),0.0,0.0,0.0,0.0,0.0,0.0,0.0,0.0,0.0,0.0,0.0,0.0,0.0,0.0,0.0,0.0,0.0,0.0,0.0,0.0,0.0,0.0,0.0,0.0,0.0,0.0,0.0,0.0,0.0,0.0,0.0,0.0,0.0,0.0,0.0,0.0,0.0,0.0,0.0,0.0,0.0,0.0,0.0,0.0,0.0,0.0,0.0,0.0,0.0,0.0,0.0,0.0,0.0,0.0,0.0,0.0,0.0,0.0,0.0,0.0
15800,Narrandera (A),0.0,0.0,0.0,0.0,0.0,0.0,0.0,0.0,0.0,0.0,0.0,0.0,0.0,0.0,0.0,0.0,0.0,0.0,0.0,0.0,0.0,0.0,0.0,0.0,0.0,0.0,0.0,0.0,0.0,0.0,0.0,0.0,0.0,0.0,0.0,0.0,0.0,0.0,0.0,0.0,0.0,0.0,0.0,0.0,0.0,0.0,0.0,0.0,0.0,0.0,0.0,0.0,0.0,0.0,0.0,0.0,0.0,0.0,0.0,0.0
15850,Narromine (A),0.0,0.0,0.0,0.0,0.0,0.0,0.0,0.0,0.0,0.0,0.0,0.0,0.0,0.0,0.0,0.0,0.0,0.0,0.0,0.0,0.0,0.0,0.0,0.0,0.0,0.0,0.0,0.0,0.0,0.0,0.0,0.0,0.0,0.0,0.0,0.0,0.0,0.0,0.0,0.0,0.0,0.0,0.0,0.0,0.0,0.0,0.0,0.0,0.0,0.0,0.0,0.0,0.0,0.0,0.0,0.0,0.0,0.0,0.0,0.0
15900,Newcastle (C),1870.0,1790.0,0.0,1870.0,1790.0,0.0,1870.0,1790.0,0.0,1870.0,1790.0,0.0,1870.0,1790.0,0.0,2910.0,2800.0,0.0,2910.0,2800.0,0.0,2910.0,2800.0,0.0,2910.0,2800.0,0.0,2910.0,2800.0,0.0,3150.0,3030.0,0.0,3150.0,3030.0,0.0,3150.0,3030.0,0.0,3150.0,3030.0,0.0,3150.0,3030.0,0.0,3660.0,3660.0,3660.0,3660.0,3660.0,5700.0,5700.0,5700.0,5700.0,5700.0,6180.0,6180.0,6180.0,6180.0,6180.0
15950,North Sydney (A),140.0,140.0,0.0,140.0,140.0,0.0,140.0,140.0,0.0,140.0,140.0,0.0,140.0,140.0,0.0,220.0,210.0,0.0,220.0,210.0,0.0,220.0,210.0,0.0,220.0,210.0,0.0,220.0,210.0,0.0,230.0,230.0,0.0,230.0,230.0,0.0,230.0,230.0,0.0,230.0,230.0,0.0,230.0,230.0,0.0,280.0,280.0,280.0,280.0,280.0,430.0,430.0,430.0,430.0,430.0,470.0,470.0,470.0,470.0,470.0
15990,Northern Beaches (A),4180.0,980.0,0.0,4180.0,980.0,0.0,4180.0,980.0,0.0,4180.0,980.0,0.0,4180.0,980.0,0.0,4610.0,1080.0,0.0,4610.0,1080.0,0.0,4610.0,1080.0,0.0,4610.0,1080.0,0.0,4610.0,1080.0,0.0,4630.0,1080.0,0.0,4630.0,1080.0,0.0,4630.0,1080.0,0.0,4630.0,1080.0,0.0,4630.0,1080.0,0.0,5160.0,5160.0,5160.0,5160.0,5160.0,5700.0,5700.0,5700.0,5700.0,5700.0,5710.0,5710.0,5710.0,5710.0,5710.0
16100,Oberon (A),70.0,10.0,0.0,70.0,10.0,0.0,70.0,10.0,0.0,70.0,10.0,0.0,70.0,10.0,0.0,40.0,10.0,0.0,40.0,10.0,0.0,40.0,10.0,0.0,40.0,10.0,0.0,40.0,10.0,0.0,30.0,0.0,0.0,30.0,0.0,0.0,30.0,0.0,0.0,30.0,0.0,0.0,30.0,0.0,0.0,70.0,70.0,70.0,70.0,70.0,40.0,40.0,40.0,40.0,40.0,30.0,30.0,30.0,30.0,30.0
16150,Orange (C),2370.0,170.0,0.0,2370.0,170.0,0.0,2370.0,170.0,0.0,2370.0,170.0,0.0,2370.0,170.0,0.0,2370.0,170.0,0.0,2370.0,170.0,0.0,2370.0,170.0,0.0,2370.0,170.0,0.0,2370.0,170.0,0.0,2180.0,160.0,0.0,2180.0,160.0,0.0,2180.0,160.0,0.0,2180.0,160.0,0.0,2180.0,160.0,0.0,2540.0,2540.0,2540.0,2540.0,2540.0,2540.0,2540.0,2540.0,2540.0,2540.0,2330.0,2330.0,2330.0,2330.0,2330.0
16200,Parkes (A),50.0,10.0,0.0,50.0,10.0,0.0,50.0,10.0,0.0,50.0,10.0,0.0,50.0,10.0,0.0,320.0,100.0,0.0,320.0,100.0,0.0,320.0,100.0,0.0,320.0,100.0,0.0,320.0,100.0,0.0,320.0,100.0,0.0,320.0,100.0,0.0,320.0,100.0,0.0,320.0,100.0,0.0,320.0,100.0,0.0,60.0,60.0,60.0,60.0,60.0,420.0,420.0,420.0,420.0,420.0,420.0,420.0,420.0,420.0,420.0
16260,Parramatta (C),2010.0,1800.0,10.0,2010.0,1800.0,10.0,2010.0,1800.0,10.0,2010.0,1800.0,10.0,2010.0,1800.0,10.0,3120.0,2800.0,20.0,3120.0,2800.0,20.0,3120.0,2800.0,20.0,3120.0,2800.0,20.0,3120.0,2800.0,20.0,4350.0,3900.0,30.0,4350.0,3900.0,30.0,4350.0,3900.0,30.0,4350.0,3900.0,30.0,4350.0,3900.0,30.0,3810.0,3810.0,3810.0,3810.0,3810.0,5940.0,5940.0,5940.0,5940.0,5940.0,8280.0,8280.0,8280.0,8280.0,8280.0
16350,Penrith (C),3730.0,1010.0,0.0,3730.0,1010.0,0.0,3730.0,1010.0,0.0,3730.0,1010.0,0.0,3730.0,1010.0,0.0,5620.0,1530.0,10.0,5620.0,1530.0,10.0,5620.0,1530.0,10.0,5620.0,1530.0,10.0,5620.0,1530.0,10.0,6760.0,1830.0,10.0,6760.0,1830.0,10.0,6760.0,1830.0,10.0,6760.0,1830.0,10.0,6760.0,1830.0,10.0,4750.0,4750.0,4750.0,4750.0,4750.0,7160.0,7160.0,7160.0,7160.0,7160.0,8590.0,8590.0,8590.0,8590.0,8590.0
16380,Port Macquarie-Hastings (A),4030.0,580.0,0.0,4030.0,580.0,0.0,4030.0,580.0,0.0,4030.0,580.0,0.0,4030.0,580.0,0.0,4120.0,600.0,0.0,4120.0,600.0,0.0,4120.0,600.0,0.0,4120.0,600.0,0.0,4120.0,600.0,0.0,3670.0,530.0,0.0,3670.0,530.0,0.0,3670.0,530.0,0.0,3670.0,530.0,0.0,3670.0,530.0,0.0,4620.0,4620.0,4620.0,4620.0,4620.0,4710.0,4710.0,4710.0,4710.0,4710.0,4200.0,4200.0,4200.0,4200.0,4200.0
16400,Port Stephens (A),3490.0,610.0,0.0,3490.0,610.0,0.0,3490.0,610.0,0.0,3490.0,610.0,0.0,3490.0,610.0,0.0,3740.0,650.0,0.0,3740.0,650.0,0.0,3740.0,650.0,0.0,3740.0,650.0,0.0,3740.0,650.0,0.0,3590.0,630.0,0.0,3590.0,630.0,0.0,3590.0,630.0,0.0,3590.0,630.0,0.0,3590.0,630.0,0.0,4100.0,4100.0,4100.0,4100.0,4100.0,4400.0,4400.0,4400.0,4400.0,4400.0,4220.0,4220.0,4220.0,4220.0,4220.0
16490,Queanbeyan-Palerang Regional (A),3350.0,500.0,0.0,3350.0,500.0,0.0,3350.0,500.0,0.0,3350.0,500.0,0.0,3350.0,500.0,0.0,3890.0,580.0,0.0,3890.0,580.0,0.0,3890.0,580.0,0.0,3890.0,580.0,0.0,3890.0,580.0,0.0,3980.0,600.0,0.0,3980.0,600.0,0.0,3980.0,600.0,0.0,3980.0,600.0,0.0,3980.0,600.0,0.0,3850.0,3850.0,3850.0,3850.0,3850.0,4480.0,4480.0,4480.0,4480.0,4480.0,4570.0,4570.0,4570.0,4570.0,4570.0
16550,Randwick (C),500.0,680.0,0.0,500.0,680.0,0.0,500.0,680.0,0.0,500.0,680.0,0.0,500.0,680.0,0.0,910.0,1260.0,0.0,910.0,1260.0,0.0,910.0,1260.0,0.0,910.0,1260.0,0.0,910.0,1260.0,0.0,1230.0,1700.0,0.0,1230.0,1700.0,0.0,1230.0,1700.0,0.0,1230.0,1700.0,0.0,1230.0,1700.0,0.0,1180.0,1180.0,1180.0,1180.0,1180.0,2170.0,2170.0,2170.0,2170.0,2170.0,2930.0,2930.0,2930.0,2930.0,2930.0
16610,Richmond Valley (A),490.0,80.0,0.0,490.0,80.0,0.0,490.0,80.0,0.0,490.0,80.0,0.0,490.0,80.0,0.0,500.0,80.0,0.0,500.0,80.0,0.0,500.0,80.0,0.0,500.0,80.0,0.0,500.0,80.0,0.0,450.0,70.0,0.0,450.0,70.0,0.0,450.0,70.0,0.0,450.0,70.0,0.0,450.0,70.0,0.0,560.0,560.0,560.0,560.0,560.0,570.0,570.0,570.0,570.0,570.0,520.0,520.0,520.0,520.0,520.0
16700,Ryde (C),1270.0,1630.0,0.0,1270.0,1630.0,0.0,1270.0,1630.0,0.0,1270.0,1630.0,0.0,1270.0,1630.0,0.0,2370.0,3070.0,10.0,2370.0,3070.0,10.0,2370.0,3070.0,10.0,2370.0,3070.0,10.0,2370.0,3070.0,10.0,1840.0,2370.0,0.0,1840.0,2370.0,0.0,1840.0,2370.0,0.0,1840.0,2370.0,0.0,1840.0,2370.0,0.0,2900.0,2900.0,2900.0,2900.0,2900.0,5450.0,5450.0,5450.0,5450.0,5450.0,4220.0,4220.0,4220.0,4220.0,4220.0
16900,Shellharbour (C),1740.0,1550.0,0.0,1740.0,1550.0,0.0,1740.0,1550.0,0.0,1740.0,1550.0,0.0,1740.0,1550.0,0.0,2070.0,1850.0,0.0,2070.0,1850.0,0.0,2070.0,1850.0,0.0,2070.0,1850.0,0.0,2070.0,1850.0,0.0,2220.0,1980.0,0.0,2220.0,1980.0,0.0,2220.0,1980.0,0.0,2220.0,1980.0,0.0,2220.0,1980.0,0.0,3300.0,3300.0,3300.0,3300.0,3300.0,3920.0,3920.0,3920.0,3920.0,3920.0,4210.0,4210.0,4210.0,4210.0,4210.0
16950,Shoalhaven (C),7670.0,1880.0,0.0,7670.0,1880.0,0.0,7670.0,1880.0,0.0,7670.0,1880.0,0.0,7670.0,1880.0,0.0,8580.0,2100.0,0.0,8580.0,2100.0,0.0,8580.0,2100.0,0.0,8580.0,2100.0,0.0,8580.0,2100.0,0.0,8420.0,2070.0,0.0,8420.0,2070.0,0.0,8420.0,2070.0,0.0,8420.0,2070.0,0.0,8420.0,2070.0,0.0,9550.0,9550.0,9550.0,9550.0,9550.0,10680.0,10680.0,10680.0,10680.0,10680.0,10490.0,10490.0,10490.0,10490.0,10490.0
17000,Singleton (A),220.0,10.0,0.0,220.0,10.0,0.0,220.0,10.0,0.0,220.0,10.0,0.0,220.0,10.0,0.0,220.0,10.0,0.0,220.0,10.0,0.0,220.0,10.0,0.0,220.0,10.0,0.0,220.0,10.0,0.0,60.0,10.0,0.0,60.0,10.0,0.0,60.0,10.0,0.0,60.0,10.0,0.0,60.0,10.0,0.0,230.0,230.0,230.0,230.0,230.0,230.0,230.0,230.0,230.0,230.0,60.0,60.0,60.0,60.0,60.0
17040,Snowy Monaro Regional (A),620.0,170.0,0.0,620.0,170.0,0.0,620.0,170.0,0.0,620.0,170.0,0.0,620.0,170.0,0.0,740.0,210.0,0.0,740.0,210.0,0.0,740.0,210.0,0.0,740.0,210.0,0.0,740.0,210.0,0.0,680.0,190.0,0.0,680.0,190.0,0.0,680.0,190.0,0.0,680.0,190.0,0.0,680.0,190.0,0.0,790.0,790.0,790.0,790.0,790.0,950.0,950.0,950.0,950.0,950.0,860.0,860.0,860.0,860.0,860.0
17080,Snowy Valleys (A),70.0,0.0,0.0,70.0,0.0,0.0,70.0,0.0,0.0,70.0,0.0,0.0,70.0,0.0,0.0,130.0,10.0,0.0,130.0,10.0,0.0,130.0,10.0,0.0,130.0,10.0,0.0,130.0,10.0,0.0,90.0,10.0,0.0,90.0,10.0,0.0,90.0,10.0,0.0,90.0,10.0,0.0,90.0,10.0,0.0,70.0,70.0,70.0,70.0,70.0,140.0,140.0,140.0,140.0,140.0,100.0,100.0,100.0,100.0,100.0
17100,Strathfield (A),2610.0,550.0,0.0,2610.0,550.0,0.0,2610.0,550.0,0.0,2610.0,550.0,0.0,2610.0,550.0,0.0,1590.0,340.0,0.0,1590.0,340.0,0.0,1590.0,340.0,0.0,1590.0,340.0,0.0,1590.0,340.0,0.0,1070.0,230.0,0.0,1070.0,230.0,0.0,1070.0,230.0,0.0,1070.0,230.0,0.0,1070.0,230.0,0.0,3160.0,3160.0,3160.0,3160.0,3160.0,1930.0,1930.0,1930.0,1930.0,1930.0,1300.0,1300.0,1300.0,1300.0,1300.0
17150,Sutherland Shire (A),2120.0,3120.0,0.0,2120.0,3120.0,0.0,2120.0,3120.0,0.0,2120.0,3120.0,0.0,2120.0,3120.0,0.0,2430.0,3590.0,0.0,2430.0,3590.0,0.0,2430.0,3590.0,0.0,2430.0,3590.0,0.0,2430.0,3590.0,0.0,1960.0,2880.0,0.0,1960.0,2880.0,0.0,1960.0,2880.0,0.0,1960.0,2880.0,0.0,1960.0,2880.0,0.0,5240.0,5240.0,5240.0,5240.0,5240.0,6020.0,6020.0,6020.0,6020.0,6020.0,4840.0,4840.0,4840.0,4840.0,4840.0
17200,Sydney (C),40.0,30.0,0.0,40.0,30.0,0.0,40.0,30.0,0.0,40.0,30.0,0.0,40.0,30.0,0.0,310.0,280.0,20.0,310.0,280.0,20.0,310.0,280.0,20.0,310.0,280.0,20.0,310.0,280.0,20.0,350.0,310.0,30.0,350.0,310.0,30.0,350.0,310.0,30.0,350.0,310.0,30.0,350.0,310.0,30.0,70.0,70.0,70.0,70.0,70.0,620.0,620.0,620.0,620.0,620.0,690.0,690.0,690.0,690.0,690.0
17310,Tamworth Regional (A),1490.0,550.0,0.0,1490.0,550.0,0.0,1490.0,550.0,0.0,1490.0,550.0,0.0,1490.0,550.0,0.0,1720.0,630.0,0.0,1720.0,630.0,0.0,1720.0,630.0,0.0,1720.0,630.0,0.0,1720.0,630.0,0.0,1710.0,630.0,0.0,1710.0,630.0,0.0,1710.0,630.0,0.0,1710.0,630.0,0.0,1710.0,630.0,0.0,2040.0,2040.0,2040.0,2040.0,2040.0,2350.0,2350.0,2350.0,2350.0,2350.0,2340.0,2340.0,2340.0,2340.0,2340.0
17350,Temora (A),50.0,10.0,0.0,50.0,10.0,0.0,50.0,10.0,0.0,50.0,10.0,0.0,50.0,10.0,0.0,90.0,20.0,0.0,90.0,20.0,0.0,90.0,20.0,0.0,90.0,20.0,0.0,90.0,20.0,0.0,100.0,30.0,0.0,100.0,30.0,0.0,100.0,30.0,0.0,100.0,30.0,0.0,100.0,30.0,0.0,60.0,60.0,60.0,60.0,60.0,120.0,120.0,120.0,120.0,120.0,140.0,140.0,140.0,140.0,140.0
17400,Tenterfield (A),0.0,0.0,0.0,0.0,0.0,0.0,0.0,0.0,0.0,0.0,0.0,0.0,0.0,0.0,0.0,0.0,0.0,0.0,0.0,0.0,0.0,0.0,0.0,0.0,0.0,0.0,0.0,0.0,0.0,0.0,0.0,0.0,0.0,0.0,0.0,0.0,0.0,0.0,0.0,0.0,0.0,0.0,0.0,0.0,0.0,0.0,0.0,0.0,0.0,0.0,0.0,0.0,0.0,0.0,0.0,0.0,0.0,0.0,0.0,0.0
17420,The Hills Shire (A),6870.0,1090.0,10.0,6870.0,1090.0,10.0,6870.0,1090.0,10.0,6870.0,1090.0,10.0,6870.0,1090.0,10.0,10250.0,1620.0,10.0,10250.0,1620.0,10.0,10250.0,1620.0,10.0,10250.0,1620.0,10.0,10250.0,1620.0,10.0,8630.0,1370.0,10.0,8630.0,1370.0,10.0,8630.0,1370.0,10.0,8630.0,1370.0,10.0,8630.0,1370.0,10.0,7970.0,7970.0,7970.0,7970.0,7970.0,11880.0,11880.0,11880.0,11880.0,11880.0,10020.0,10020.0,10020.0,10020.0,10020.0
17550,Tweed (A),4010.0,480.0,0.0,4010.0,480.0,0.0,4010.0,480.0,0.0,4010.0,480.0,0.0,4010.0,480.0,0.0,3690.0,440.0,0.0,3690.0,440.0,0.0,3690.0,440.0,0.0,3690.0,440.0,0.0,3690.0,440.0,0.0,3100.0,370.0,0.0,3100.0,370.0,0.0,3100.0,370.0,0.0,3100.0,370.0,0.0,3100.0,370.0,0.0,4490.0,4490.0,4490.0,4490.0,4490.0,4140.0,4140.0,4140.0,4140.0,4140.0,3480.0,3480.0,3480.0,3480.0,3480.0
19399,Unincorporated NSW,0.0,0.0,0.0,0.0,0.0,0.0,0.0,0.0,0.0,0.0,0.0,0.0,0.0,0.0,0.0,0.0,0.0,0.0,0.0,0.0,0.0,0.0,0.0,0.0,0.0,0.0,0.0,0.0,0.0,0.0,0.0,0.0,0.0,0.0,0.0,0.0,0.0,0.0,0.0,0.0,0.0,0.0,0.0,0.0,0.0,0.0,0.0,0.0,0.0,0.0,0.0,0.0,0.0,0.0,0.0,0.0,0.0,0.0,0.0,0.0
17620,Upper Hunter Shire (A),50.0,0.0,0.0,50.0,0.0,0.0,50.0,0.0,0.0,50.0,0.0,0.0,50.0,0.0,0.0,60.0,0.0,0.0,60.0,0.0,0.0,60.0,0.0,0.0,60.0,0.0,0.0,60.0,0.0,0.0,0.0,0.0,0.0,0.0,0.0,0.0,0.0,0.0,0.0,0.0,0.0,0.0,0.0,0.0,0.0,50.0,50.0,50.0,50.0,50.0,60.0,60.0,60.0,60.0,60.0,0.0,0.0,0.0,0.0,0.0
17640,Upper Lachlan Shire (A),510.0,10.0,0.0,510.0,10.0,0.0,510.0,10.0,0.0,510.0,10.0,0.0,510.0,10.0,0.0,430.0,10.0,0.0,430.0,10.0,0.0,430.0,10.0,0.0,430.0,10.0,0.0,430.0,10.0,0.0,400.0,10.0,0.0,400.0,10.0,0.0,400.0,10.0,0.0,400.0,10.0,0.0,400.0,10.0,0.0,510.0,510.0,510.0,510.0,510.0,440.0,440.0,440.0,440.0,440.0,410.0,410.0,410.0,410.0,410.0
17650,Uralla (A),40.0,0.0,0.0,40.0,0.0,0.0,40.0,0.0,0.0,40.0,0.0,0.0,40.0,0.0,0.0,0.0,0.0,0.0,0.0,0.0,0.0,0.0,0.0,0.0,0.0,0.0,0.0,0.0,0.0,0.0,0.0,0.0,0.0,0.0,0.0,0.0,0.0,0.0,0.0,0.0,0.0,0.0,0.0,0.0,0.0,40.0,40.0,40.0,40.0,40.0,0.0,0.0,0.0,0.0,0.0,0.0,0.0,0.0,0.0,0.0
17750,Wagga Wagga (C),1700.0,350.0,0.0,1700.0,350.0,0.0,1700.0,350.0,0.0,1700.0,350.0,0.0,1700.0,350.0,0.0,2100.0,430.0,0.0,2100.0,430.0,0.0,2100.0,430.0,0.0,2100.0,430.0,0.0,2100.0,430.0,0.0,1930.0,400.0,0.0,1930.0,400.0,0.0,1930.0,400.0,0.0,1930.0,400.0,0.0,1930.0,400.0,0.0,2050.0,2050.0,2050.0,2050.0,2050.0,2530.0,2530.0,2530.0,2530.0,2530.0,2330.0,2330.0,2330.0,2330.0,2330.0
17850,Walcha (A),0.0,0.0,0.0,0.0,0.0,0.0,0.0,0.0,0.0,0.0,0.0,0.0,0.0,0.0,0.0,0.0,0.0,0.0,0.0,0.0,0.0,0.0,0.0,0.0,0.0,0.0,0.0,0.0,0.0,0.0,0.0,0.0,0.0,0.0,0.0,0.0,0.0,0.0,0.0,0.0,0.0,0.0,0.0,0.0,0.0,0.0,0.0,0.0,0.0,0.0,0.0,0.0,0.0,0.0,0.0,0.0,0.0,0.0,0.0,0.0
17900,Walgett (A),0.0,0.0,0.0,0.0,0.0,0.0,0.0,0.0,0.0,0.0,0.0,0.0,0.0,0.0,0.0,0.0,0.0,0.0,0.0,0.0,0.0,0.0,0.0,0.0,0.0,0.0,0.0,0.0,0.0,0.0,0.0,0.0,0.0,0.0,0.0,0.0,0.0,0.0,0.0,0.0,0.0,0.0,0.0,0.0,0.0,0.0,0.0,0.0,0.0,0.0,0.0,0.0,0.0,0.0,0.0,0.0,0.0,0.0,0.0,0.0
17950,Warren (A),0.0,0.0,0.0,0.0,0.0,0.0,0.0,0.0,0.0,0.0,0.0,0.0,0.0,0.0,0.0,0.0,0.0,0.0,0.0,0.0,0.0,0.0,0.0,0.0,0.0,0.0,0.0,0.0,0.0,0.0,0.0,0.0,0.0,0.0,0.0,0.0,0.0,0.0,0.0,0.0,0.0,0.0,0.0,0.0,0.0,0.0,0.0,0.0,0.0,0.0,0.0,0.0,0.0,0.0,0.0,0.0,0.0,0.0,0.0,0.0
18020,Warrumbungle Shire (A),0.0,0.0,0.0,0.0,0.0,0.0,0.0,0.0,0.0,0.0,0.0,0.0,0.0,0.0,0.0,0.0,0.0,0.0,0.0,0.0,0.0,0.0,0.0,0.0,0.0,0.0,0.0,0.0,0.0,0.0,0.0,0.0,0.0,0.0,0.0,0.0,0.0,0.0,0.0,0.0,0.0,0.0,0.0,0.0,0.0,0.0,0.0,0.0,0.0,0.0,0.0,0.0,0.0,0.0,0.0,0.0,0.0,0.0,0.0,0.0
18050,Waverley (A),0.0,0.0,0.0,0.0,0.0,0.0,0.0,0.0,0.0,0.0,0.0,0.0,0.0,0.0,0.0,220.0,120.0,0.0,220.0,120.0,0.0,220.0,120.0,0.0,220.0,120.0,0.0,220.0,120.0,0.0,270.0,140.0,0.0,270.0,140.0,0.0,270.0,140.0,0.0,270.0,140.0,0.0,270.0,140.0,0.0,0.0,0.0,0.0,0.0,0.0,350.0,350.0,350.0,350.0,350.0,420.0,420.0,420.0,420.0,420.0
18100,Weddin (A),0.0,0.0,0.0,0.0,0.0,0.0,0.0,0.0,0.0,0.0,0.0,0.0,0.0,0.0,0.0,0.0,0.0,0.0,0.0,0.0,0.0,0.0,0.0,0.0,0.0,0.0,0.0,0.0,0.0,0.0,0.0,0.0,0.0,0.0,0.0,0.0,0.0,0.0,0.0,0.0,0.0,0.0,0.0,0.0,0.0,0.0,0.0,0.0,0.0,0.0,0.0,0.0,0.0,0.0,0.0,0.0,0.0,0.0,0.0,0.0
18200,Wentworth (A),0.0,0.0,0.0,0.0,0.0,0.0,0.0,0.0,0.0,0.0,0.0,0.0,0.0,0.0,0.0,0.0,0.0,0.0,0.0,0.0,0.0,0.0,0.0,0.0,0.0,0.0,0.0,0.0,0.0,0.0,0.0,0.0,0.0,0.0,0.0,0.0,0.0,0.0,0.0,0.0,0.0,0.0,0.0,0.0,0.0,0.0,0.0,0.0,0.0,0.0,0.0,0.0,0.0,0.0,0.0,0.0,0.0,0.0,0.0,0.0
18250,Willoughby (C),230.0,150.0,0.0,230.0,150.0,0.0,230.0,150.0,0.0,230.0,150.0,0.0,230.0,150.0,0.0,510.0,320.0,0.0,510.0,320.0,0.0,510.0,320.0,0.0,510.0,320.0,0.0,510.0,320.0,0.0,370.0,230.0,0.0,370.0,230.0,0.0,370.0,230.0,0.0,370.0,230.0,0.0,370.0,230.0,0.0,390.0,390.0,390.0,390.0,390.0,830.0,830.0,830.0,830.0,830.0,600.0,600.0,600.0,600.0,600.0
18350,Wingecarribee (A),3390.0,460.0,0.0,3390.0,460.0,0.0,3390.0,460.0,0.0,3390.0,460.0,0.0,3390.0,460.0,0.0,3850.0,530.0,0.0,3850.0,530.0,0.0,3850.0,530.0,0.0,3850.0,530.0,0.0,3850.0,530.0,0.0,3850.0,530.0,0.0,3850.0,530.0,0.0,3850.0,530.0,0.0,3850.0,530.0,0.0,3850.0,530.0,0.0,3860.0,3860.0,3860.0,3860.0,3860.0,4380.0,4380.0,4380.0,4380.0,4380.0,4380.0,4380.0,4380.0,4380.0,4380.0
18400,Wollondilly (A),3290.0,340.0,0.0,3290.0,340.0,0.0,3290.0,340.0,0.0,3290.0,340.0,0.0,3290.0,340.0,0.0,4710.0,490.0,0.0,4710.0,490.0,0.0,4710.0,490.0,0.0,4710.0,490.0,0.0,4710.0,490.0,0.0,6640.0,690.0,0.0,6640.0,690.0,0.0,6640.0,690.0,0.0,6640.0,690.0,0.0,6640.0,690.0,0.0,3640.0,3640.0,3640.0,3640.0,3640.0,5200.0,5200.0,5200.0,5200.0,5200.0,7330.0,7330.0,7330.0,7330.0,7330.0
18450,Wollongong (C),3260.0,1990.0,0.0,3260.0,1990.0,0.0,3260.0,1990.0,0.0,3260.0,1990.0,0.0,3260.0,1990.0,0.0,4880.0,2990.0,0.0,4880.0,2990.0,0.0,4880.0,2990.0,0.0,4880.0,2990.0,0.0,4880.0,2990.0,0.0,5380.0,3280.0,0.0,5380.0,3280.0,0.0,5380.0,3280.0,0.0,5380.0,3280.0,0.0,5380.0,3280.0,0.0,5260.0,5260.0,5260.0,5260.0,5260.0,7880.0,7880.0,7880.0,7880.0,7880.0,8670.0,8670.0,8670.0,8670.0,8670.0
18500,Woollahra (A),0.0,0.0,0.0,0.0,0.0,0.0,0.0,0.0,0.0,0.0,0.0,0.0,0.0,0.0,0.0,280.0,160.0,0.0,280.0,160.0,0.0,280.0,160.0,0.0,280.0,160.0,0.0,280.0,160.0,0.0,380.0,210.0,0.0,380.0,210.0,0.0,380.0,210.0,0.0,380.0,210.0,0.0,380.0,210.0,0.0,0.0,0.0,0.0,0.0,0.0,440.0,440.0,440.0,440.0,440.0,590.0,590.0,590.0,590.0,590.0
18710,Yass Valley (A),1170.0,30.0,0.0,1170.0,30.0,0.0,1170.0,30.0,0.0,1170.0,30.0,0.0,1170.0,30.0,0.0,1150.0,30.0,0.0,1150.0,30.0,0.0,1150.0,30.0,0.0,1150.0,30.0,0.0,1150.0,30.0,0.0,1040.0,20.0,0.0,1040.0,20.0,0.0,1040.0,20.0,0.0,1040.0,20.0,0.0,1040.0,20.0,0.0,1200.0,1200.0,1200.0,1200.0,1200.0,1180.0,1180.0,1180.0,1180.0,1180.0,1070.0,1070.0,1070.0,1070.0,1070.0
20110,Alpine (S),600.0,40.0,0.0,600.0,40.0,0.0,600.0,40.0,0.0,600.0,40.0,0.0,600.0,40.0,0.0,500.0,40.0,0.0,500.0,40.0,0.0,500.0,40.0,0.0,500.0,40.0,0.0,500.0,40.0,0.0,450.0,30.0,0.0,450.0,30.0,0.0,450.0,30.0,0.0,450.0,30.0,0.0,450.0,30.0,0.0,640.0,640.0,640.0,640.0,640.0,540.0,540.0,540.0,540.0,540.0,480.0,480.0,480.0,480.0,480.0
20260,Ararat (RC),210.0,10.0,0.0,210.0,10.0,0.0,210.0,10.0,0.0,210.0,10.0,0.0,210.0,10.0,0.0,230.0,10.0,0.0,230.0,10.0,0.0,230.0,10.0,0.0,230.0,10.0,0.0,230.0,10.0,0.0,230.0,10.0,0.0,230.0,10.0,0.0,230.0,10.0,0.0,230.0,10.0,0.0,230.0,10.0,0.0,220.0,220.0,220.0,220.0,220.0,250.0,250.0,250.0,250.0,250.0,250.0,250.0,250.0,250.0,250.0
20570,Ballarat (C),11660.0,670.0,0.0,11660.0,670.0,0.0,11660.0,670.0,0.0,11660.0,670.0,0.0,11660.0,670.0,0.0,10460.0,600.0,0.0,10460.0,600.0,0.0,10460.0,600.0,0.0,10460.0,600.0,0.0,10460.0,600.0,0.0,9350.0,530.0,0.0,9350.0,530.0,0.0,9350.0,530.0,0.0,9350.0,530.0,0.0,9350.0,530.0,0.0,12340.0,12340.0,12340.0,12340.0,12340.0,11070.0,11070.0,11070.0,11070.0,11070.0,9880.0,9880.0,9880.0,9880.0,9880.0
20660,Banyule (C),1090.0,1560.0,0.0,1090.0,1560.0,0.0,1090.0,1560.0,0.0,1090.0,1560.0,0.0,1090.0,1560.0,0.0,1090.0,1560.0,0.0,1090.0,1560.0,0.0,1090.0,1560.0,0.0,1090.0,1560.0,0.0,1090.0,1560.0,0.0,1220.0,1750.0,0.0,1220.0,1750.0,0.0,1220.0,1750.0,0.0,1220.0,1750.0,0.0,1220.0,1750.0,0.0,2650.0,2650.0,2650.0,2650.0,2650.0,2650.0,2650.0,2650.0,2650.0,2650.0,2970.0,2970.0,2970.0,2970.0,2970.0
20740,Bass Coast (S),4740.0,150.0,0.0,4740.0,150.0,0.0,4740.0,150.0,0.0,4740.0,150.0,0.0,4740.0,150.0,0.0,4470.0,140.0,0.0,4470.0,140.0,0.0,4470.0,140.0,0.0,4470.0,140.0,0.0,4470.0,140.0,0.0,4410.0,140.0,0.0,4410.0,140.0,0.0,4410.0,140.0,0.0,4410.0,140.0,0.0,4410.0,140.0,0.0,4900.0,4900.0,4900.0,4900.0,4900.0,4610.0,4610.0,4610.0,4610.0,4610.0,4540.0,4540.0,4540.0,4540.0,4540.0
20830,Baw Baw (S),5830.0,230.0,0.0,5830.0,230.0,0.0,5830.0,230.0,0.0,5830.0,230.0,0.0,5830.0,230.0,0.0,5760.0,230.0,0.0,5760.0,230.0,0.0,5760.0,230.0,0.0,5760.0,230.0,0.0,5760.0,230.0,0.0,5760.0,230.0,0.0,5760.0,230.0,0.0,5760.0,230.0,0.0,5760.0,230.0,0.0,5760.0,230.0,0.0,6060.0,6060.0,6060.0,6060.0,6060.0,5980.0,5980.0,5980.0,5980.0,5980.0,5980.0,5980.0,5980.0,5980.0,5980.0
20910,Bayside (C),880.0,770.0,0.0,880.0,770.0,0.0,880.0,770.0,0.0,880.0,770.0,0.0,880.0,770.0,0.0,830.0,730.0,0.0,830.0,730.0,0.0,830.0,730.0,0.0,830.0,730.0,0.0,830.0,730.0,0.0,830.0,730.0,0.0,830.0,730.0,0.0,830.0,730.0,0.0,830.0,730.0,0.0,830.0,730.0,0.0,1660.0,1660.0,1660.0,1660.0,1660.0,1570.0,1570.0,1570.0,1570.0,1570.0,1570.0,1570.0,1570.0,1570.0,1570.0
21010,Benalla (RC),650.0,40.0,0.0,650.0,40.0,0.0,650.0,40.0,0.0,650.0,40.0,0.0,650.0,40.0,0.0,520.0,30.0,0.0,520.0,30.0,0.0,520.0,30.0,0.0,520.0,30.0,0.0,520.0,30.0,0.0,410.0,20.0,0.0,410.0,20.0,0.0,410.0,20.0,0.0,410.0,20.0,0.0,410.0,20.0,0.0,680.0,680.0,680.0,680.0,680.0,550.0,550.0,550.0,550.0,550.0,440.0,440.0,440.0,440.0,440.0
21110,Boroondara (C),2780.0,1140.0,0.0,2780.0,1140.0,0.0,2780.0,1140.0,0.0,2780.0,1140.0,0.0,2780.0,1140.0,0.0,2620.0,1070.0,0.0,2620.0,1070.0,0.0,2620.0,1070.0,0.0,2620.0,1070.0,0.0,2620.0,1070.0,0.0,2700.0,1110.0,0.0,2700.0,1110.0,0.0,2700.0,1110.0,0.0,2700.0,1110.0,0.0,2700.0,1110.0,0.0,3920.0,3920.0,3920.0,3920.0,3920.0,3700.0,3700.0,3700.0,3700.0,3700.0,3810.0,3810.0,3810.0,3810.0,3810.0
21180,Brimbank (C),2460.0,2270.0,0.0,2460.0,2270.0,0.0,2460.0,2270.0,0.0,2460.0,2270.0,0.0,2460.0,2270.0,0.0,2730.0,2520.0,0.0,2730.0,2520.0,0.0,2730.0,2520.0,0.0,2730.0,2520.0,0.0,2730.0,2520.0,0.0,2850.0,2640.0,0.0,2850.0,2640.0,0.0,2850.0,2640.0,0.0,2850.0,2640.0,0.0,2850.0,2640.0,0.0,4730.0,4730.0,4730.0,4730.0,4730.0,5250.0,5250.0,5250.0,5250.0,5250.0,5490.0,5490.0,5490.0,5490.0,5490.0
21270,Buloke (S),40.0,0.0,0.0,40.0,0.0,0.0,40.0,0.0,0.0,40.0,0.0,0.0,40.0,0.0,0.0,60.0,0.0,0.0,60.0,0.0,0.0,60.0,0.0,0.0,60.0,0.0,0.0,60.0,0.0,0.0,40.0,0.0,0.0,40.0,0.0,0.0,40.0,0.0,0.0,40.0,0.0,0.0,40.0,0.0,0.0,40.0,40.0,40.0,40.0,40.0,60.0,60.0,60.0,60.0,60.0,40.0,40.0,40.0,40.0,40.0
21370,Campaspe (S),1260.0,60.0,0.0,1260.0,60.0,0.0,1260.0,60.0,0.0,1260.0,60.0,0.0,1260.0,60.0,0.0,1180.0,60.0,0.0,1180.0,60.0,0.0,1180.0,60.0,0.0,1180.0,60.0,0.0,1180.0,60.0,0.0,1180.0,60.0,0.0,1180.0,60.0,0.0,1180.0,60.0,0.0,1180.0,60.0,0.0,1180.0,60.0,0.0,1320.0,1320.0,1320.0,1320.0,1320.0,1240.0,1240.0,1240.0,1240.0,1240.0,1240.0,1240.0,1240.0,1240.0,1240.0
21450,Cardinia (S),11900.0,1010.0,0.0,11900.0,1010.0,0.0,11900.0,1010.0,0.0,11900.0,1010.0,0.0,11900.0,1010.0,0.0,13040.0,1110.0,0.0,13040.0,1110.0,0.0,13040.0,1110.0,0.0,13040.0,1110.0,0.0,13040.0,1110.0,0.0,12320.0,1050.0,0.0,12320.0,1050.0,0.0,12320.0,1050.0,0.0,12320.0,1050.0,0.0,12320.0,1050.0,0.0,12910.0,12910.0,12910.0,12910.0,12910.0,14150.0,14150.0,14150.0,14150.0,14150.0,13370.0,13370.0,13370.0,13370.0,13370.0
21610,Casey (C),32550.0,4160.0,0.0,32550.0,4160.0,0.0,32550.0,4160.0,0.0,32550.0,4160.0,0.0,32550.0,4160.0,0.0,29330.0,3740.0,0.0,29330.0,3740.0,0.0,29330.0,3740.0,0.0,29330.0,3740.0,0.0,29330.0,3740.0,0.0,29260.0,3740.0,0.0,29260.0,3740.0,0.0,29260.0,3740.0,0.0,29260.0,3740.0,0.0,29260.0,3740.0,0.0,36710.0,36710.0,36710.0,36710.0,36710.0,33080.0,33080.0,33080.0,33080.0,33080.0,33000.0,33000.0,33000.0,33000.0,33000.0
21670,Central Goldfields (S),540.0,40.0,0.0,540.0,40.0,0.0,540.0,40.0,0.0,540.0,40.0,0.0,540.0,40.0,0.0,490.0,40.0,0.0,490.0,40.0,0.0,490.0,40.0,0.0,490.0,40.0,0.0,490.0,40.0,0.0,430.0,30.0,0.0,430.0,30.0,0.0,430.0,30.0,0.0,430.0,30.0,0.0,430.0,30.0,0.0,580.0,580.0,580.0,580.0,580.0,520.0,520.0,520.0,520.0,520.0,460.0,460.0,460.0,460.0,460.0
21750,Colac-Otway (S),1000.0,90.0,0.0,1000.0,90.0,0.0,1000.0,90.0,0.0,1000.0,90.0,0.0,1000.0,90.0,0.0,970.0,90.0,0.0,970.0,90.0,0.0,970.0,90.0,0.0,970.0,90.0,0.0,970.0,90.0,0.0,930.0,80.0,0.0,930.0,80.0,0.0,930.0,80.0,0.0,930.0,80.0,0.0,930.0,80.0,0.0,1100.0,1100.0,1100.0,1100.0,1100.0,1050.0,1050.0,1050.0,1050.0,1050.0,1010.0,1010.0,1010.0,1010.0,1010.0
21830,Corangamite (S),440.0,20.0,0.0,440.0,20.0,0.0,440.0,20.0,0.0,440.0,20.0,0.0,440.0,20.0,0.0,380.0,20.0,0.0,380.0,20.0,0.0,380.0,20.0,0.0,380.0,20.0,0.0,380.0,20.0,0.0,370.0,10.0,0.0,370.0,10.0,0.0,370.0,10.0,0.0,370.0,10.0,0.0,370.0,10.0,0.0,460.0,460.0,460.0,460.0,460.0,390.0,390.0,390.0,390.0,390.0,380.0,380.0,380.0,380.0,380.0
21890,Darebin (C),1500.0,2910.0,0.0,1500.0,2910.0,0.0,1500.0,2910.0,0.0,1500.0,2910.0,0.0,1500.0,2910.0,0.0,2020.0,3910.0,0.0,2020.0,3910.0,0.0,2020.0,3910.0,0.0,2020.0,3910.0,0.0,2020.0,3910.0,0.0,2120.0,4120.0,0.0,2120.0,4120.0,0.0,2120.0,4120.0,0.0,2120.0,4120.0,0.0,2120.0,4120.0,0.0,4420.0,4420.0,4420.0,4420.0,4420.0,5930.0,5930.0,5930.0,5930.0,5930.0,6240.0,6240.0,6240.0,6240.0,6240.0
22110,East Gippsland (S),3220.0,100.0,0.0,3220.0,100.0,0.0,3220.0,100.0,0.0,3220.0,100.0,0.0,3220.0,100.0,0.0,3050.0,90.0,0.0,3050.0,90.0,0.0,3050.0,90.0,0.0,3050.0,90.0,0.0,3050.0,90.0,0.0,3050.0,90.0,0.0,3050.0,90.0,0.0,3050.0,90.0,0.0,3050.0,90.0,0.0,3050.0,90.0,0.0,3320.0,3320.0,3320.0,3320.0,3320.0,3140.0,3140.0,3140.0,3140.0,3140.0,3140.0,3140.0,3140.0,3140.0,3140.0
22170,Frankston (C),1630.0,1300.0,0.0,1630.0,1300.0,0.0,1630.0,1300.0,0.0,1630.0,1300.0,0.0,1630.0,1300.0,0.0,1770.0,1410.0,0.0,1770.0,1410.0,0.0,1770.0,1410.0,0.0,1770.0,1410.0,0.0,1770.0,1410.0,0.0,2130.0,1700.0,0.0,2130.0,1700.0,0.0,2130.0,1700.0,0.0,2130.0,1700.0,0.0,2130.0,1700.0,0.0,2930.0,2930.0,2930.0,2930.0,2930.0,3180.0,3180.0,3180.0,3180.0,3180.0,3820.0,3820.0,3820.0,3820.0,3820.0
22250,Gannawarra (S),280.0,10.0,0.0,280.0,10.0,0.0,280.0,10.0,0.0,280.0,10.0,0.0,280.0,10.0,0.0,230.0,10.0,0.0,230.0,10.0,0.0,230.0,10.0,0.0,230.0,10.0,0.0,230.0,10.0,0.0,210.0,10.0,0.0,210.0,10.0,0.0,210.0,10.0,0.0,210.0,10.0,0.0,210.0,10.0,0.0,290.0,290.0,290.0,290.0,290.0,240.0,240.0,240.0,240.0,240.0,210.0,210.0,210.0,210.0,210.0
22310,Glen Eira (C),1650.0,2450.0,0.0,1650.0,2450.0,0.0,1650.0,2450.0,0.0,1650.0,2450.0,0.0,1650.0,2450.0,0.0,1610.0,2390.0,0.0,1610.0,2390.0,0.0,1610.0,2390.0,0.0,1610.0,2390.0,0.0,1610.0,2390.0,0.0,1610.0,2390.0,0.0,1610.0,2390.0,0.0,1610.0,2390.0,0.0,1610.0,2390.0,0.0,1610.0,2390.0,0.0,4100.0,4100.0,4100.0,4100.0,4100.0,4010.0,4010.0,4010.0,4010.0,4010.0,4010.0,4010.0,4010.0,4010.0,4010.0
22410,Glenelg (S),490.0,40.0,0.0,490.0,40.0,0.0,490.0,40.0,0.0,490.0,40.0,0.0,490.0,40.0,0.0,380.0,30.0,0.0,380.0,30.0,0.0,380.0,30.0,0.0,380.0,30.0,0.0,380.0,30.0,0.0,350.0,30.0,0.0,350.0,30.0,0.0,350.0,30.0,0.0,350.0,30.0,0.0,350.0,30.0,0.0,530.0,530.0,530.0,530.0,530.0,420.0,420.0,420.0,420.0,420.0,380.0,380.0,380.0,380.0,380.0
22490,Golden Plains (S),1870.0,0.0,0.0,1870.0,0.0,0.0,1870.0,0.0,0.0,1870.0,0.0,0.0,1870.0,0.0,0.0,2230.0,0.0,0.0,2230.0,0.0,0.0,2230.0,0.0,0.0,2230.0,0.0,0.0,2230.0,0.0,0.0,2890.0,0.0,0.0,2890.0,0.0,0.0,2890.0,0.0,0.0,2890.0,0.0,0.0,2890.0,0.0,0.0,1870.0,1870.0,1870.0,1870.0,1870.0,2230.0,2230.0,2230.0,2230.0,2230.0,2890.0,2890.0,2890.0,2890.0,2890.0
22620,Greater Bendigo (C),7620.0,420.0,0.0,7620.0,420.0,0.0,7620.0,420.0,0.0,7620.0,420.0,0.0,7620.0,420.0,0.0,7810.0,420.0,0.0,7810.0,420.0,0.0,7810.0,420.0,0.0,7810.0,420.0,0.0,7810.0,420.0,0.0,8180.0,450.0,0.0,8180.0,450.0,0.0,8180.0,450.0,0.0,8180.0,450.0,0.0,8180.0,450.0,0.0,8040.0,8040.0,8040.0,8040.0,8040.0,8230.0,8230.0,8230.0,8230.0,8230.0,8630.0,8630.0,8630.0,8630.0,8630.0
22670,Greater Dandenong (C),1740.0,2360.0,0.0,1740.0,2360.0,0.0,1740.0,2360.0,0.0,1740.0,2360.0,0.0,1740.0,2360.0,0.0,2220.0,3000.0,0.0,2220.0,3000.0,0.0,2220.0,3000.0,0.0,2220.0,3000.0,0.0,2220.0,3000.0,0.0,2630.0,3560.0,0.0,2630.0,3560.0,0.0,2630.0,3560.0,0.0,2630.0,3560.0,0.0,2630.0,3560.0,0.0,4110.0,4110.0,4110.0,4110.0,4110.0,5220.0,5220.0,5220.0,5220.0,5220.0,6200.0,6200.0,6200.0,6200.0,6200.0
22750,Greater Geelong (C),25990.0,2500.0,0.0,25990.0,2500.0,0.0,25990.0,2500.0,0.0,25990.0,2500.0,0.0,25990.0,2500.0,0.0,25080.0,2410.0,0.0,25080.0,2410.0,0.0,25080.0,2410.0,0.0,25080.0,2410.0,0.0,25080.0,2410.0,0.0,24920.0,2400.0,0.0,24920.0,2400.0,0.0,24920.0,2400.0,0.0,24920.0,2400.0,0.0,24920.0,2400.0,0.0,28490.0,28490.0,28490.0,28490.0,28490.0,27490.0,27490.0,27490.0,27490.0,27490.0,27320.0,27320.0,27320.0,27320.0,27320.0
22830,Greater Shepparton (C),3030.0,350.0,0.0,3030.0,350.0,0.0,3030.0,350.0,0.0,3030.0,350.0,0.0,3030.0,350.0,0.0,2970.0,340.0,0.0,2970.0,340.0,0.0,2970.0,340.0,0.0,2970.0,340.0,0.0,2970.0,340.0,0.0,3010.0,340.0,0.0,3010.0,340.0,0.0,3010.0,340.0,0.0,3010.0,340.0,0.0,3010.0,340.0,0.0,3380.0,3380.0,3380.0,3380.0,3380.0,3310.0,3310.0,3310.0,3310.0,3310.0,3360.0,3360.0,3360.0,3360.0,3360.0
22910,Hepburn (S),810.0,40.0,0.0,810.0,40.0,0.0,810.0,40.0,0.0,810.0,40.0,0.0,810.0,40.0,0.0,870.0,50.0,0.0,870.0,50.0,0.0,870.0,50.0,0.0,870.0,50.0,0.0,870.0,50.0,0.0,820.0,40.0,0.0,820.0,40.0,0.0,820.0,40.0,0.0,820.0,40.0,0.0,820.0,40.0,0.0,850.0,850.0,850.0,850.0,850.0,920.0,920.0,920.0,920.0,920.0,870.0,870.0,870.0,870.0,870.0
22980,Hindmarsh (S),20.0,0.0,0.0,20.0,0.0,0.0,20.0,0.0,0.0,20.0,0.0,0.0,20.0,0.0,0.0,40.0,10.0,0.0,40.0,10.0,0.0,40.0,10.0,0.0,40.0,10.0,0.0,40.0,10.0,0.0,50.0,10.0,0.0,50.0,10.0,0.0,50.0,10.0,0.0,50.0,10.0,0.0,50.0,10.0,0.0,20.0,20.0,20.0,20.0,20.0,40.0,40.0,40.0,40.0,40.0,50.0,50.0,50.0,50.0,50.0
23110,Hobsons Bay (C),890.0,2000.0,0.0,890.0,2000.0,0.0,890.0,2000.0,0.0,890.0,2000.0,0.0,890.0,2000.0,0.0,900.0,2030.0,0.0,900.0,2030.0,0.0,900.0,2030.0,0.0,900.0,2030.0,0.0,900.0,2030.0,0.0,920.0,2060.0,0.0,920.0,2060.0,0.0,920.0,2060.0,0.0,920.0,2060.0,0.0,920.0,2060.0,0.0,2900.0,2900.0,2900.0,2900.0,2900.0,2930.0,2930.0,2930.0,2930.0,2930.0,2980.0,2980.0,2980.0,2980.0,2980.0
23190,Horsham (RC),580.0,60.0,0.0,580.0,60.0,0.0,580.0,60.0,0.0,580.0,60.0,0.0,580.0,60.0,0.0,510.0,50.0,0.0,510.0,50.0,0.0,510.0,50.0,0.0,510.0,50.0,0.0,510.0,50.0,0.0,510.0,50.0,0.0,510.0,50.0,0.0,510.0,50.0,0.0,510.0,50.0,0.0,510.0,50.0,0.0,640.0,640.0,640.0,640.0,640.0,560.0,560.0,560.0,560.0,560.0,560.0,560.0,560.0,560.0,560.0
23270,Hume (C),20980.0,2900.0,0.0,20980.0,2900.0,0.0,20980.0,2900.0,0.0,20980.0,2900.0,0.0,20980.0,2900.0,0.0,20670.0,2860.0,0.0,20670.0,2860.0,0.0,20670.0,2860.0,0.0,20670.0,2860.0,0.0,20670.0,2860.0,0.0,22210.0,3070.0,0.0,22210.0,3070.0,0.0,22210.0,3070.0,0.0,22210.0,3070.0,0.0,22210.0,3070.0,0.0,23880.0,23880.0,23880.0,23880.0,23880.0,23530.0,23530.0,23530.0,23530.0,23530.0,25280.0,25280.0,25280.0,25280.0,25280.0
23350,Indigo (S),980.0,20.0,0.0,980.0,20.0,0.0,980.0,20.0,0.0,980.0,20.0,0.0,980.0,20.0,0.0,940.0,10.0,0.0,940.0,10.0,0.0,940.0,10.0,0.0,940.0,10.0,0.0,940.0,10.0,0.0,880.0,10.0,0.0,880.0,10.0,0.0,880.0,10.0,0.0,880.0,10.0,0.0,880.0,10.0,0.0,990.0,990.0,990.0,990.0,990.0,950.0,950.0,950.0,950.0,950.0,890.0,890.0,890.0,890.0,890.0
23430,Kingston (C) (Vic.),2060.0,1920.0,0.0,2060.0,1920.0,0.0,2060.0,1920.0,0.0,2060.0,1920.0,0.0,2060.0,1920.0,0.0,2150.0,2000.0,0.0,2150.0,2000.0,0.0,2150.0,2000.0,0.0,2150.0,2000.0,0.0,2150.0,2000.0,0.0,2470.0,2300.0,0.0,2470.0,2300.0,0.0,2470.0,2300.0,0.0,2470.0,2300.0,0.0,2470.0,2300.0,0.0,3990.0,3990.0,3990.0,3990.0,3990.0,4150.0,4150.0,4150.0,4150.0,4150.0,4770.0,4770.0,4770.0,4770.0,4770.0
23670,Knox (C),2110.0,1710.0,0.0,2110.0,1710.0,0.0,2110.0,1710.0,0.0,2110.0,1710.0,0.0,2110.0,1710.0,0.0,2110.0,1710.0,0.0,2110.0,1710.0,0.0,2110.0,1710.0,0.0,2110.0,1710.0,0.0,2110.0,1710.0,0.0,2230.0,1810.0,0.0,2230.0,1810.0,0.0,2230.0,1810.0,0.0,2230.0,1810.0,0.0,2230.0,1810.0,0.0,3820.0,3820.0,3820.0,3820.0,3820.0,3820.0,3820.0,3820.0,3820.0,3820.0,4040.0,4040.0,4040.0,4040.0,4040.0
23810,Latrobe (C) (Vic.),3110.0,140.0,0.0,3110.0,140.0,0.0,3110.0,140.0,0.0,3110.0,140.0,0.0,3110.0,140.0,0.0,2970.0,140.0,0.0,2970.0,140.0,0.0,2970.0,140.0,0.0,2970.0,140.0,0.0,2970.0,140.0,0.0,2890.0,130.0,0.0,2890.0,130.0,0.0,2890.0,130.0,0.0,2890.0,130.0,0.0,2890.0,130.0,0.0,3260.0,3260.0,3260.0,3260.0,3260.0,3110.0,3110.0,3110.0,3110.0,3110.0,3020.0,3020.0,3020.0,3020.0,3020.0
23940,Loddon (S),100.0,0.0,0.0,100.0,0.0,0.0,100.0,0.0,0.0,100.0,0.0,0.0,100.0,0.0,0.0,130.0,0.0,0.0,130.0,0.0,0.0,130.0,0.0,0.0,130.0,0.0,0.0,130.0,0.0,0.0,130.0,0.0,0.0,130.0,0.0,0.0,130.0,0.0,0.0,130.0,0.0,0.0,130.0,0.0,0.0,100.0,100.0,100.0,100.0,100.0,130.0,130.0,130.0,130.0,130.0,130.0,130.0,130.0,130.0,130.0
24130,Macedon Ranges (S),3210.0,110.0,0.0,3210.0,110.0,0.0,3210.0,110.0,0.0,3210.0,110.0,0.0,3210.0,110.0,0.0,3250.0,110.0,0.0,3250.0,110.0,0.0,3250.0,110.0,0.0,3250.0,110.0,0.0,3250.0,110.0,0.0,3820.0,140.0,0.0,3820.0,140.0,0.0,3820.0,140.0,0.0,3820.0,140.0,0.0,3820.0,140.0,0.0,3320.0,3320.0,3320.0,3320.0,3320.0,3370.0,3370.0,3370.0,3370.0,3370.0,3960.0,3960.0,3960.0,3960.0,3960.0
24210,Manningham (C),1360.0,1880.0,0.0,1360.0,1880.0,0.0,1360.0,1880.0,0.0,1360.0,1880.0,0.0,1360.0,1880.0,0.0,1340.0,1860.0,0.0,1340.0,1860.0,0.0,1340.0,1860.0,0.0,1340.0,1860.0,0.0,1340.0,1860.0,0.0,1420.0,1960.0,0.0,1420.0,1960.0,0.0,1420.0,1960.0,0.0,1420.0,1960.0,0.0,1420.0,1960.0,0.0,3240.0,3240.0,3240.0,3240.0,3240.0,3200.0,3200.0,3200.0,3200.0,3200.0,3380.0,3380.0,3380.0,3380.0,3380.0
24250,Mansfield (S),1120.0,40.0,0.0,1120.0,40.0,0.0,1120.0,40.0,0.0,1120.0,40.0,0.0,1120.0,40.0,0.0,1060.0,40.0,0.0,1060.0,40.0,0.0,1060.0,40.0,0.0,1060.0,40.0,0.0,1060.0,40.0,0.0,1070.0,40.0,0.0,1070.0,40.0,0.0,1070.0,40.0,0.0,1070.0,40.0,0.0,1070.0,40.0,0.0,1150.0,1150.0,1150.0,1150.0,1150.0,1100.0,1100.0,1100.0,1100.0,1100.0,1110.0,1110.0,1110.0,1110.0,1110.0
24330,Maribyrnong (C),1580.0,2760.0,10.0,1580.0,2760.0,10.0,1580.0,2760.0,10.0,1580.0,2760.0,10.0,1580.0,2760.0,10.0,1500.0,2630.0,10.0,1500.0,2630.0,10.0,1500.0,2630.0,10.0,1500.0,2630.0,10.0,1500.0,2630.0,10.0,1610.0,2830.0,10.0,1610.0,2830.0,10.0,1610.0,2830.0,10.0,1610.0,2830.0,10.0,1610.0,2830.0,10.0,4360.0,4360.0,4360.0,4360.0,4360.0,4130.0,4130.0,4130.0,4130.0,4130.0,4450.0,4450.0,4450.0,4450.0,4450.0
24410,Maroondah (C),1810.0,930.0,0.0,1810.0,930.0,0.0,1810.0,930.0,0.0,1810.0,930.0,0.0,1810.0,930.0,0.0,1880.0,970.0,0.0,1880.0,970.0,0.0,1880.0,970.0,0.0,1880.0,970.0,0.0,1880.0,970.0,0.0,2070.0,1070.0,0.0,2070.0,1070.0,0.0,2070.0,1070.0,0.0,2070.0,1070.0,0.0,2070.0,1070.0,0.0,2740.0,2740.0,2740.0,2740.0,2740.0,2850.0,2850.0,2850.0,2850.0,2850.0,3140.0,3140.0,3140.0,3140.0,3140.0
24600,Melbourne (C),70.0,390.0,40.0,70.0,390.0,40.0,70.0,390.0,40.0,70.0,390.0,40.0,70.0,390.0,40.0,70.0,390.0,40.0,70.0,390.0,40.0,70.0,390.0,40.0,70.0,390.0,40.0,70.0,390.0,40.0,70.0,390.0,40.0,70.0,390.0,40.0,70.0,390.0,40.0,70.0,390.0,40.0,70.0,390.0,40.0,490.0,490.0,490.0,490.0,490.0,490.0,490.0,490.0,490.0,490.0,490.0,490.0,490.0,490.0,490.0
24650,Melton (C),39340.0,1650.0,0.0,39340.0,1650.0,0.0,39340.0,1650.0,0.0,39340.0,1650.0,0.0,39340.0,1650.0,0.0,34570.0,1450.0,0.0,34570.0,1450.0,0.0,34570.0,1450.0,0.0,34570.0,1450.0,0.0,34570.0,1450.0,0.0,34650.0,1450.0,0.0,34650.0,1450.0,0.0,34650.0,1450.0,0.0,34650.0,1450.0,0.0,34650.0,1450.0,0.0,40990.0,40990.0,40990.0,40990.0,40990.0,36020.0,36020.0,36020.0,36020.0,36020.0,36100.0,36100.0,36100.0,36100.0,36100.0
24780,Mildura (RC),2280.0,130.0,0.0,2280.0,130.0,0.0,2280.0,130.0,0.0,2280.0,130.0,0.0,2280.0,130.0,0.0,2180.0,130.0,0.0,2180.0,130.0,0.0,2180.0,130.0,0.0,2180.0,130.0,0.0,2180.0,130.0,0.0,2090.0,120.0,0.0,2090.0,120.0,0.0,2090.0,120.0,0.0,2090.0,120.0,0.0,2090.0,120.0,0.0,2410.0,2410.0,2410.0,2410.0,2410.0,2300.0,2300.0,2300.0,2300.0,2300.0,2210.0,2210.0,2210.0,2210.0,2210.0
24850,Mitchell (S),9440.0,550.0,0.0,9440.0,550.0,0.0,9440.0,550.0,0.0,9440.0,550.0,0.0,9440.0,550.0,0.0,14620.0,860.0,0.0,14620.0,860.0,0.0,14620.0,860.0,0.0,14620.0,860.0,0.0,14620.0,860.0,0.0,19870.0,1170.0,0.0,19870.0,1170.0,0.0,19870.0,1170.0,0.0,19870.0,1170.0,0.0,19870.0,1170.0,0.0,9990.0,9990.0,9990.0,9990.0,9990.0,15480.0,15480.0,15480.0,15480.0,15480.0,21030.0,21030.0,21030.0,21030.0,21030.0
24900,Moira (S),1240.0,80.0,0.0,1240.0,80.0,0.0,1240.0,80.0,0.0,1240.0,80.0,0.0,1240.0,80.0,0.0,1200.0,80.0,0.0,1200.0,80.0,0.0,1200.0,80.0,0.0,1200.0,80.0,0.0,1200.0,80.0,0.0,1200.0,80.0,0.0,1200.0,80.0,0.0,1200.0,80.0,0.0,1200.0,80.0,0.0,1200.0,80.0,0.0,1310.0,1310.0,1310.0,1310.0,1310.0,1280.0,1280.0,1280.0,1280.0,1280.0,1280.0,1280.0,1280.0,1280.0,1280.0
24970,Monash (C),4120.0,2260.0,0.0,4120.0,2260.0,0.0,4120.0,2260.0,0.0,4120.0,2260.0,0.0,4120.0,2260.0,0.0,4920.0,2710.0,0.0,4920.0,2710.0,0.0,4920.0,2710.0,0.0,4920.0,2710.0,0.0,4920.0,2710.0,0.0,5380.0,2960.0,0.0,5380.0,2960.0,0.0,5380.0,2960.0,0.0,5380.0,2960.0,0.0,5380.0,2960.0,0.0,6380.0,6380.0,6380.0,6380.0,6380.0,7630.0,7630.0,7630.0,7630.0,7630.0,8340.0,8340.0,8340.0,8340.0,8340.0
25060,Moonee Valley (C),1570.0,1940.0,0.0,1570.0,1940.0,0.0,1570.0,1940.0,0.0,1570.0,1940.0,0.0,1570.0,1940.0,0.0,1730.0,2140.0,10.0,1730.0,2140.0,10.0,1730.0,2140.0,10.0,1730.0,2140.0,10.0,1730.0,2140.0,10.0,1810.0,2230.0,10.0,1810.0,2230.0,10.0,1810.0,2230.0,10.0,1810.0,2230.0,10.0,1810.0,2230.0,10.0,3500.0,3500.0,3500.0,3500.0,3500.0,3880.0,3880.0,3880.0,3880.0,3880.0,4040.0,4040.0,4040.0,4040.0,4040.0
25150,Moorabool (S),3300.0,310.0,0.0,3300.0,310.0,0.0,3300.0,310.0,0.0,3300.0,310.0,0.0,3300.0,310.0,0.0,4310.0,400.0,0.0,4310.0,400.0,0.0,4310.0,400.0,0.0,4310.0,400.0,0.0,4310.0,400.0,0.0,5410.0,510.0,0.0,5410.0,510.0,0.0,5410.0,510.0,0.0,5410.0,510.0,0.0,5410.0,510.0,0.0,3610.0,3610.0,3610.0,3610.0,3610.0,4710.0,4710.0,4710.0,4710.0,4710.0,5920.0,5920.0,5920.0,5920.0,5920.0
24700,Merri-bek (C),0.0,0.0,0.0,0.0,0.0,0.0,0.0,0.0,0.0,0.0,0.0,0.0,0.0,0.0,0.0,0.0,0.0,0.0,0.0,0.0,0.0,0.0,0.0,0.0,0.0,0.0,0.0,0.0,0.0,0.0,0.0,0.0,0.0,0.0,0.0,0.0,0.0,0.0,0.0,0.0,0.0,0.0,0.0,0.0,0.0,0.0,0.0,0.0,0.0,0.0,0.0,0.0,0.0,0.0,0.0,0.0,0.0,0.0,0.0,0.0
25340,Mornington Peninsula (S),3930.0,1290.0,0.0,3930.0,1290.0,0.0,3930.0,1290.0,0.0,3930.0,1290.0,0.0,3930.0,1290.0,0.0,4270.0,1410.0,0.0,4270.0,1410.0,0.0,4270.0,1410.0,0.0,4270.0,1410.0,0.0,4270.0,1410.0,0.0,5100.0,1680.0,0.0,5100.0,1680.0,0.0,5100.0,1680.0,0.0,5100.0,1680.0,0.0,5100.0,1680.0,0.0,5220.0,5220.0,5220.0,5220.0,5220.0,5670.0,5670.0,5670.0,5670.0,5670.0,6780.0,6780.0,6780.0,6780.0,6780.0
25430,Mount Alexander (S),1200.0,110.0,0.0,1200.0,110.0,0.0,1200.0,110.0,0.0,1200.0,110.0,0.0,1200.0,110.0,0.0,1140.0,100.0,0.0,1140.0,100.0,0.0,1140.0,100.0,0.0,1140.0,100.0,0.0,1140.0,100.0,0.0,1140.0,100.0,0.0,1140.0,100.0,0.0,1140.0,100.0,0.0,1140.0,100.0,0.0,1140.0,100.0,0.0,1310.0,1310.0,1310.0,1310.0,1310.0,1240.0,1240.0,1240.0,1240.0,1240.0,1240.0,1240.0,1240.0,1240.0,1240.0
25490,Moyne (S),850.0,10.0,0.0,850.0,10.0,0.0,850.0,10.0,0.0,850.0,10.0,0.0,850.0,10.0,0.0,810.0,10.0,0.0,810.0,10.0,0.0,810.0,10.0,0.0,810.0,10.0,0.0,810.0,10.0,0.0,810.0,10.0,0.0,810.0,10.0,0.0,810.0,10.0,0.0,810.0,10.0,0.0,810.0,10.0,0.0,870.0,870.0,870.0,870.0,870.0,820.0,820.0,820.0,820.0,820.0,820.0,820.0,820.0,820.0,820.0
25620,Murrindindi (S),940.0,10.0,0.0,940.0,10.0,0.0,940.0,10.0,0.0,940.0,10.0,0.0,940.0,10.0,0.0,980.0,10.0,0.0,980.0,10.0,0.0,980.0,10.0,0.0,980.0,10.0,0.0,980.0,10.0,0.0,980.0,10.0,0.0,980.0,10.0,0.0,980.0,10.0,0.0,980.0,10.0,0.0,980.0,10.0,0.0,940.0,940.0,940.0,940.0,940.0,980.0,980.0,980.0,980.0,980.0,980.0,980.0,980.0,980.0,980.0
25710,Nillumbik (S),1170.0,280.0,0.0,1170.0,280.0,0.0,1170.0,280.0,0.0,1170.0,280.0,0.0,1170.0,280.0,0.0,1250.0,300.0,0.0,1250.0,300.0,0.0,1250.0,300.0,0.0,1250.0,300.0,0.0,1250.0,300.0,0.0,1090.0,260.0,0.0,1090.0,260.0,0.0,1090.0,260.0,0.0,1090.0,260.0,0.0,1090.0,260.0,0.0,1460.0,1460.0,1460.0,1460.0,1460.0,1540.0,1540.0,1540.0,1540.0,1540.0,1350.0,1350.0,1350.0,1350.0,1350.0
25810,Northern Grampians (S),180.0,20.0,0.0,180.0,20.0,0.0,180.0,20.0,0.0,180.0,20.0,0.0,180.0,20.0,0.0,190.0,20.0,0.0,190.0,20.0,0.0,190.0,20.0,0.0,190.0,20.0,0.0,190.0,20.0,0.0,190.0,20.0,0.0,190.0,20.0,0.0,190.0,20.0,0.0,190.0,20.0,0.0,190.0,20.0,0.0,200.0,200.0,200.0,200.0,200.0,210.0,210.0,210.0,210.0,210.0,210.0,210.0,210.0,210.0,210.0
25900,Port Phillip (C),300.0,870.0,10.0,300.0,870.0,10.0,300.0,870.0,10.0,300.0,870.0,10.0,300.0,870.0,10.0,380.0,1060.0,20.0,380.0,1060.0,20.0,380.0,1060.0,20.0,380.0,1060.0,20.0,380.0,1060.0,20.0,450.0,1280.0,20.0,450.0,1280.0,20.0,450.0,1280.0,20.0,450.0,1280.0,20.0,450.0,1280.0,20.0,1190.0,1190.0,1190.0,1190.0,1190.0,1450.0,1450.0,1450.0,1450.0,1450.0,1740.0,1740.0,1740.0,1740.0,1740.0
25990,Pyrenees (S),360.0,0.0,0.0,360.0,0.0,0.0,360.0,0.0,0.0,360.0,0.0,0.0,360.0,0.0,0.0,330.0,0.0,0.0,330.0,0.0,0.0,330.0,0.0,0.0,330.0,0.0,0.0,330.0,0.0,0.0,320.0,0.0,0.0,320.0,0.0,0.0,320.0,0.0,0.0,320.0,0.0,0.0,320.0,0.0,0.0,360.0,360.0,360.0,360.0,360.0,330.0,330.0,330.0,330.0,330.0,320.0,320.0,320.0,320.0,320.0
26080,Queenscliffe (B),200.0,20.0,0.0,200.0,20.0,0.0,200.0,20.0,0.0,200.0,20.0,0.0,200.0,20.0,0.0,210.0,20.0,0.0,210.0,20.0,0.0,210.0,20.0,0.0,210.0,20.0,0.0,210.0,20.0,0.0,210.0,20.0,0.0,210.0,20.0,0.0,210.0,20.0,0.0,210.0,20.0,0.0,210.0,20.0,0.0,220.0,220.0,220.0,220.0,220.0,220.0,220.0,220.0,220.0,220.0,220.0,220.0,220.0,220.0,220.0
26170,South Gippsland (S),1720.0,90.0,0.0,1720.0,90.0,0.0,1720.0,90.0,0.0,1720.0,90.0,0.0,1720.0,90.0,0.0,1820.0,90.0,0.0,1820.0,90.0,0.0,1820.0,90.0,0.0,1820.0,90.0,0.0,1820.0,90.0,0.0,1820.0,90.0,0.0,1820.0,90.0,0.0,1820.0,90.0,0.0,1820.0,90.0,0.0,1820.0,90.0,0.0,1820.0,1820.0,1820.0,1820.0,1820.0,1910.0,1910.0,1910.0,1910.0,1910.0,1910.0,1910.0,1910.0,1910.0,1910.0
26260,Southern Grampians (S),370.0,40.0,0.0,370.0,40.0,0.0,370.0,40.0,0.0,370.0,40.0,0.0,370.0,40.0,0.0,290.0,30.0,0.0,290.0,30.0,0.0,290.0,30.0,0.0,290.0,30.0,0.0,290.0,30.0,0.0,280.0,20.0,0.0,280.0,20.0,0.0,280.0,20.0,0.0,280.0,20.0,0.0,280.0,20.0,0.0,400.0,400.0,400.0,400.0,400.0,320.0,320.0,320.0,320.0,320.0,310.0,310.0,310.0,310.0,310.0
26350,Stonnington (C),630.0,370.0,10.0,630.0,370.0,10.0,630.0,370.0,10.0,630.0,370.0,10.0,630.0,370.0,10.0,610.0,360.0,10.0,610.0,360.0,10.0,610.0,360.0,10.0,610.0,360.0,10.0,610.0,360.0,10.0,590.0,350.0,10.0,590.0,350.0,10.0,590.0,350.0,10.0,590.0,350.0,10.0,590.0,350.0,10.0,1010.0,1010.0,1010.0,1010.0,1010.0,980.0,980.0,980.0,980.0,980.0,950.0,950.0,950.0,950.0,950.0
26430,Strathbogie (S),710.0,10.0,0.0,710.0,10.0,0.0,710.0,10.0,0.0,710.0,10.0,0.0,710.0,10.0,0.0,690.0,10.0,0.0,690.0,10.0,0.0,690.0,10.0,0.0,690.0,10.0,0.0,690.0,10.0,0.0,690.0,10.0,0.0,690.0,10.0,0.0,690.0,10.0,0.0,690.0,10.0,0.0,690.0,10.0,0.0,720.0,720.0,720.0,720.0,720.0,700.0,700.0,700.0,700.0,700.0,700.0,700.0,700.0,700.0,700.0
26490,Surf Coast (S),3450.0,450.0,0.0,3450.0,450.0,0.0,3450.0,450.0,0.0,3450.0,450.0,0.0,3450.0,450.0,0.0,2550.0,330.0,0.0,2550.0,330.0,0.0,2550.0,330.0,0.0,2550.0,330.0,0.0,2550.0,330.0,0.0,2140.0,280.0,0.0,2140.0,280.0,0.0,2140.0,280.0,0.0,2140.0,280.0,0.0,2140.0,280.0,0.0,3900.0,3900.0,3900.0,3900.0,3900.0,2880.0,2880.0,2880.0,2880.0,2880.0,2420.0,2420.0,2420.0,2420.0,2420.0
26610,Swan Hill (RC),340.0,110.0,0.0,340.0,110.0,0.0,340.0,110.0,0.0,340.0,110.0,0.0,340.0,110.0,0.0,330.0,100.0,0.0,330.0,100.0,0.0,330.0,100.0,0.0,330.0,100.0,0.0,330.0,100.0,0.0,310.0,100.0,0.0,310.0,100.0,0.0,310.0,100.0,0.0,310.0,100.0,0.0,310.0,100.0,0.0,440.0,440.0,440.0,440.0,440.0,430.0,430.0,430.0,430.0,430.0,410.0,410.0,410.0,410.0,410.0
26670,Towong (S),160.0,10.0,0.0,160.0,10.0,0.0,160.0,10.0,0.0,160.0,10.0,0.0,160.0,10.0,0.0,130.0,10.0,0.0,130.0,10.0,0.0,130.0,10.0,0.0,130.0,10.0,0.0,130.0,10.0,0.0,110.0,10.0,0.0,110.0,10.0,0.0,110.0,10.0,0.0,110.0,10.0,0.0,110.0,10.0,0.0,170.0,170.0,170.0,170.0,170.0,140.0,140.0,140.0,140.0,140.0,120.0,120.0,120.0,120.0,120.0
26700,Wangaratta (RC),1120.0,120.0,0.0,1120.0,120.0,0.0,1120.0,120.0,0.0,1120.0,120.0,0.0,1120.0,120.0,0.0,1050.0,110.0,0.0,1050.0,110.0,0.0,1050.0,110.0,0.0,1050.0,110.0,0.0,1050.0,110.0,0.0,1050.0,110.0,0.0,1050.0,110.0,0.0,1050.0,110.0,0.0,1050.0,110.0,0.0,1050.0,110.0,0.0,1240.0,1240.0,1240.0,1240.0,1240.0,1160.0,1160.0,1160.0,1160.0,1160.0,1160.0,1160.0,1160.0,1160.0,1160.0
26730,Warrnambool (C),1650.0,90.0,0.0,1650.0,90.0,0.0,1650.0,90.0,0.0,1650.0,90.0,0.0,1650.0,90.0,0.0,1740.0,90.0,0.0,1740.0,90.0,0.0,1740.0,90.0,0.0,1740.0,90.0,0.0,1740.0,90.0,0.0,1770.0,90.0,0.0,1770.0,90.0,0.0,1770.0,90.0,0.0,1770.0,90.0,0.0,1770.0,90.0,0.0,1740.0,1740.0,1740.0,1740.0,1740.0,1840.0,1840.0,1840.0,1840.0,1840.0,1870.0,1870.0,1870.0,1870.0,1870.0
26810,Wellington (S),2300.0,60.0,0.0,2300.0,60.0,0.0,2300.0,60.0,0.0,2300.0,60.0,0.0,2300.0,60.0,0.0,2310.0,60.0,0.0,2310.0,60.0,0.0,2310.0,60.0,0.0,2310.0,60.0,0.0,2310.0,60.0,0.0,2240.0,60.0,0.0,2240.0,60.0,0.0,2240.0,60.0,0.0,2240.0,60.0,0.0,2240.0,60.0,0.0,2350.0,2350.0,2350.0,2350.0,2350.0,2360.0,2360.0,2360.0,2360.0,2360.0,2300.0,2300.0,2300.0,2300.0,2300.0
26890,West Wimmera (S),80.0,0.0,0.0,80.0,0.0,0.0,80.0,0.0,0.0,80.0,0.0,0.0,80.0,0.0,0.0,50.0,0.0,0.0,50.0,0.0,0.0,50.0,0.0,0.0,50.0,0.0,0.0,50.0,0.0,0.0,40.0,0.0,0.0,40.0,0.0,0.0,40.0,0.0,0.0,40.0,0.0,0.0,40.0,0.0,0.0,80.0,80.0,80.0,80.0,80.0,50.0,50.0,50.0,50.0,50.0,40.0,40.0,40.0,40.0,40.0
26980,Whitehorse (C),3410.0,2370.0,10.0,3410.0,2370.0,10.0,3410.0,2370.0,10.0,3410.0,2370.0,10.0,3410.0,2370.0,10.0,3270.0,2270.0,10.0,3270.0,2270.0,10.0,3270.0,2270.0,10.0,3270.0,2270.0,10.0,3270.0,2270.0,10.0,3270.0,2270.0,10.0,3270.0,2270.0,10.0,3270.0,2270.0,10.0,3270.0,2270.0,10.0,3270.0,2270.0,10.0,5790.0,5790.0,5790.0,5790.0,5790.0,5550.0,5550.0,5550.0,5550.0,5550.0,5550.0,5550.0,5550.0,5550.0,5550.0
27070,Whittlesea (C),19940.0,2690.0,0.0,19940.0,2690.0,0.0,19940.0,2690.0,0.0,19940.0,2690.0,0.0,19940.0,2690.0,0.0,20130.0,2720.0,0.0,20130.0,2720.0,0.0,20130.0,2720.0,0.0,20130.0,2720.0,0.0,20130.0,2720.0,0.0,21300.0,2880.0,0.0,21300.0,2880.0,0.0,21300.0,2880.0,0.0,21300.0,2880.0,0.0,21300.0,2880.0,0.0,22630.0,22630.0,22630.0,22630.0,22630.0,22850.0,22850.0,22850.0,22850.0,22850.0,24180.0,24180.0,24180.0,24180.0,24180.0
27170,Wodonga (C),3030.0,130.0,0.0,3030.0,130.0,0.0,3030.0,130.0,0.0,3030.0,130.0,0.0,3030.0,130.0,0.0,3100.0,130.0,0.0,3100.0,130.0,0.0,3100.0,130.0,0.0,3100.0,130.0,0.0,3100.0,130.0,0.0,3110.0,130.0,0.0,3110.0,130.0,0.0,3110.0,130.0,0.0,3110.0,130.0,0.0,3110.0,130.0,0.0,3150.0,3150.0,3150.0,3150.0,3150.0,3240.0,3240.0,3240.0,3240.0,3240.0,3240.0,3240.0,3240.0,3240.0,3240.0
27260,Wyndham (C),37370.0,2440.0,0.0,37370.0,2440.0,0.0,37370.0,2440.0,0.0,37370.0,2440.0,0.0,37370.0,2440.0,0.0,32990.0,2160.0,0.0,32990.0,2160.0,0.0,32990.0,2160.0,0.0,32990.0,2160.0,0.0,32990.0,2160.0,0.0,32740.0,2140.0,0.0,32740.0,2140.0,0.0,32740.0,2140.0,0.0,32740.0,2140.0,0.0,32740.0,2140.0,0.0,39810.0,39810.0,39810.0,39810.0,39810.0,35150.0,35150.0,35150.0,35150.0,35150.0,34880.0,34880.0,34880.0,34880.0,34880.0
27350,Yarra (C),640.0,900.0,10.0,640.0,900.0,10.0,640.0,900.0,10.0,640.0,900.0,10.0,640.0,900.0,10.0,650.0,920.0,10.0,650.0,920.0,10.0,650.0,920.0,10.0,650.0,920.0,10.0,650.0,920.0,10.0,670.0,930.0,10.0,670.0,930.0,10.0,670.0,930.0,10.0,670.0,930.0,10.0,670.0,930.0,10.0,1560.0,1560.0,1560.0,1560.0,1560.0,1580.0,1580.0,1580.0,1580.0,1580.0,1610.0,1610.0,1610.0,1610.0,1610.0
27450,Yarra Ranges (S),3010.0,1320.0,0.0,3010.0,1320.0,0.0,3010.0,1320.0,0.0,3010.0,1320.0,0.0,3010.0,1320.0,0.0,3300.0,1450.0,0.0,3300.0,1450.0,0.0,3300.0,1450.0,0.0,3300.0,1450.0,0.0,3300.0,1450.0,0.0,3680.0,1620.0,0.0,3680.0,1620.0,0.0,3680.0,1620.0,0.0,3680.0,1620.0,0.0,3680.0,1620.0,0.0,4340.0,4340.0,4340.0,4340.0,4340.0,4750.0,4750.0,4750.0,4750.0,4750.0,5300.0,5300.0,5300.0,5300.0,5300.0
27630,Yarriambiack (S),60.0,0.0,0.0,60.0,0.0,0.0,60.0,0.0,0.0,60.0,0.0,0.0,60.0,0.0,0.0,70.0,10.0,0.0,70.0,10.0,0.0,70.0,10.0,0.0,70.0,10.0,0.0,70.0,10.0,0.0,60.0,0.0,0.0,60.0,0.0,0.0,60.0,0.0,0.0,60.0,0.0,0.0,60.0,0.0,0.0,60.0,60.0,60.0,60.0,60.0,70.0,70.0,70.0,70.0,70.0,60.0,60.0,60.0,60.0,60.0
29399,Unincorporated Vic,100.0,0.0,0.0,100.0,0.0,0.0,100.0,0.0,0.0,100.0,0.0,0.0,100.0,0.0,0.0,90.0,0.0,0.0,90.0,0.0,0.0,90.0,0.0,0.0,90.0,0.0,0.0,90.0,0.0,0.0,80.0,0.0,0.0,80.0,0.0,0.0,80.0,0.0,0.0,80.0,0.0,0.0,80.0,0.0,0.0,100.0,100.0,100.0,100.0,100.0,90.0,90.0,90.0,90.0,90.0,80.0,80.0,80.0,80.0,80.0
