state_code,state_name,lga_code,lga_name,SEQ,2021_dw,2026_dw,2031_dw,2036_dw,2041_dw,2046_dw,Unnamed: 6,2021_incr,2022_incr,2023_incr,2024_incr,2025_incr,2026_incr,2027_incr,2028_incr,2029_incr,2030_incr,2031_incr,2032_incr,2033_incr,2034_incr,2035_incr
3,Queensland,30250,Aurukun,False,331.0,381.0,389.0,398.0,404.0,408.0,,10.0,10.0,10.0,10.0,10.0,2.0,2.0,2.0,2.0,2.0,2.0,2.0,2.0,2.0,2.0
3,Queensland,30300,Balonne,False,2057.0,2070.0,2076.0,2065.0,2041.0,2010.0,,3.0,3.0,3.0,3.0,3.0,1.0,1.0,1.0,1.0,1.0,-2.0,-2.0,-2.0,-2.0,-2.0
3,Queensland,30370,Banana,False,6846.0,6967.0,7017.0,7015.0,6994.0,6962.0,,24.0,24.0,24.0,24.0,24.0,10.0,10.0,10.0,10.0,10.0,-0.0,-0.0,-0.0,-0.0,-0.0
3,Queensland,30410,Barcaldine,False,1566.0,1562.0,1543.0,1526.0,1494.0,1454.0,,-1.0,-1.0,-1.0,-1.0,-1.0,-4.0,-4.0,-4.0,-4.0,-4.0,-3.0,-3.0,-3.0,-3.0,-3.0
3,Queensland,30450,Barcoo,False,177.0,179.0,177.0,176.0,173.0,169.0,,0.0,0.0,0.0,0.0,0.0,-0.0,-0.0,-0.0,-0.0,-0.0,-0.0,-0.0,-0.0,-0.0,-0.0
3,Queensland,30760,Blackall Tambo,False,1040.0,1040.0,1027.0,1016.0,994.0,968.0,,0.0,0.0,0.0,0.0,0.0,-3.0,-3.0,-3.0,-3.0,-3.0,-2.0,-2.0,-2.0,-2.0,-2.0
3,Queensland,30900,Boulia,False,204.0,208.0,205.0,203.0,198.0,192.0,,1.0,1.0,1.0,1.0,1.0,-1.0,-1.0,-1.0,-1.0,-1.0,-0.0,-0.0,-0.0,-0.0,-0.0
3,Queensland,31000,Brisbane,True,515572.0,548564.0,575936.0,604312.0,632090.0,661436.0,,6598.0,6598.0,6598.0,6598.0,6598.0,5474.0,5474.0,5474.0,5474.0,5474.0,5675.0,5675.0,5675.0,5675.0,5675.0
3,Queensland,31750,Bulloo,False,143.0,144.0,142.0,140.0,136.0,131.0,,0.0,0.0,0.0,0.0,0.0,-0.0,-0.0,-0.0,-0.0,-0.0,-0.0,-0.0,-0.0,-0.0,-0.0
3,Queensland,31820,Bundaberg,False,43974.0,46008.0,47820.0,49318.0,50261.0,50918.0,,407.0,407.0,407.0,407.0,407.0,362.0,362.0,362.0,362.0,362.0,300.0,300.0,300.0,300.0,300.0
3,Queensland,31900,Burdekin,False,7843.0,7947.0,8073.0,8190.0,8313.0,8437.0,,21.0,21.0,21.0,21.0,21.0,25.0,25.0,25.0,25.0,25.0,23.0,23.0,23.0,23.0,23.0
3,Queensland,31950,Burke,False,177.0,180.0,183.0,185.0,187.0,190.0,,1.0,1.0,1.0,1.0,1.0,1.0,1.0,1.0,1.0,1.0,0.0,0.0,0.0,0.0,0.0
3,Queensland,32080,Cairns,False,70476.0,75376.0,80543.0,85408.0,89524.0,93370.0,,980.0,980.0,980.0,980.0,980.0,1033.0,1033.0,1033.0,1033.0,1033.0,973.0,973.0,973.0,973.0,973.0
3,Queensland,32250,Carpentaria,False,902.0,931.0,950.0,960.0,967.0,973.0,,6.0,6.0,6.0,6.0,6.0,4.0,4.0,4.0,4.0,4.0,2.0,2.0,2.0,2.0,2.0
3,Queensland,32260,Cassowary Coast,False,13775.0,14544.0,15185.0,15856.0,16513.0,17156.0,,154.0,154.0,154.0,154.0,154.0,128.0,128.0,128.0,128.0,128.0,134.0,134.0,134.0,134.0,134.0
3,Queensland,32270,Central Highlands (Qld),False,13136.0,13824.0,14325.0,14821.0,15342.0,15877.0,,138.0,138.0,138.0,138.0,138.0,100.0,100.0,100.0,100.0,100.0,99.0,99.0,99.0,99.0,99.0
3,Queensland,32310,Charters Towers,False,5368.0,5459.0,5550.0,5637.0,5722.0,5795.0,,18.0,18.0,18.0,18.0,18.0,18.0,18.0,18.0,18.0,18.0,17.0,17.0,17.0,17.0,17.0
3,Queensland,32330,Cherbourg,False,321.0,338.0,358.0,380.0,403.0,428.0,,3.0,3.0,3.0,3.0,3.0,4.0,4.0,4.0,4.0,4.0,4.0,4.0,4.0,4.0,4.0
3,Queensland,32450,Cloncurry,False,1423.0,1496.0,1563.0,1548.0,1518.0,1483.0,,15.0,15.0,15.0,15.0,15.0,13.0,13.0,13.0,13.0,13.0,-3.0,-3.0,-3.0,-3.0,-3.0
3,Queensland,32500,Cook,False,2003.0,2136.0,2163.0,2189.0,2189.0,2181.0,,27.0,27.0,27.0,27.0,27.0,5.0,5.0,5.0,5.0,5.0,5.0,5.0,5.0,5.0,5.0
3,Queensland,32600,Croydon,False,138.0,134.0,132.0,131.0,129.0,126.0,,-1.0,-1.0,-1.0,-1.0,-1.0,-0.0,-0.0,-0.0,-0.0,-0.0,-0.0,-0.0,-0.0,-0.0,-0.0
3,Queensland,32750,Diamantina,False,174.0,176.0,175.0,173.0,171.0,167.0,,0.0,0.0,0.0,0.0,0.0,-0.0,-0.0,-0.0,-0.0,-0.0,-0.0,-0.0,-0.0,-0.0,-0.0
3,Queensland,32770,Doomadgee,False,361.0,377.0,379.0,381.0,382.0,384.0,,3.0,3.0,3.0,3.0,3.0,0.0,0.0,0.0,0.0,0.0,0.0,0.0,0.0,0.0,0.0
3,Queensland,32810,Douglas,False,6132.0,6724.0,7268.0,7766.0,8228.0,8667.0,,118.0,118.0,118.0,118.0,118.0,109.0,109.0,109.0,109.0,109.0,100.0,100.0,100.0,100.0,100.0
3,Queensland,33100,Etheridge,False,257.0,256.0,253.0,250.0,244.0,237.0,,-0.0,-0.0,-0.0,-0.0,-0.0,-1.0,-1.0,-1.0,-1.0,-1.0,-1.0,-1.0,-1.0,-1.0,-1.0
3,Queensland,33200,Flinders (Qld),False,836.0,853.0,872.0,862.0,844.0,825.0,,3.0,3.0,3.0,3.0,3.0,4.0,4.0,4.0,4.0,4.0,-2.0,-2.0,-2.0,-2.0,-2.0
3,Queensland,33220,Fraser Coast,False,50408.0,54015.0,56865.0,58911.0,60154.0,60973.0,,721.0,721.0,721.0,721.0,721.0,570.0,570.0,570.0,570.0,570.0,409.0,409.0,409.0,409.0,409.0
3,Queensland,33360,Gladstone,False,28515.0,30329.0,31856.0,33335.0,34693.0,35940.0,,363.0,363.0,363.0,363.0,363.0,305.0,305.0,305.0,305.0,305.0,296.0,296.0,296.0,296.0,296.0
3,Queensland,33430,Gold Coast,True,266977.0,302667.0,334522.0,366595.0,397150.0,426628.0,,7138.0,7138.0,7138.0,7138.0,7138.0,6371.0,6371.0,6371.0,6371.0,6371.0,6415.0,6415.0,6415.0,6415.0,6415.0
3,Queensland,33610,Goondiwindi,False,4676.0,4676.0,4688.0,4664.0,4609.0,4541.0,,0.0,0.0,0.0,0.0,0.0,2.0,2.0,2.0,2.0,2.0,-5.0,-5.0,-5.0,-5.0,-5.0
3,Queensland,33620,Gympie,False,23767.0,25610.0,26574.0,27309.0,27869.0,28260.0,,369.0,369.0,369.0,369.0,369.0,193.0,193.0,193.0,193.0,193.0,147.0,147.0,147.0,147.0,147.0
3,Queensland,33800,Hinchinbrook,False,5622.0,5789.0,5813.0,5830.0,5836.0,5833.0,,33.0,33.0,33.0,33.0,33.0,5.0,5.0,5.0,5.0,5.0,3.0,3.0,3.0,3.0,3.0
3,Queensland,33830,Hope Vale,False,332.0,357.0,367.0,373.0,378.0,382.0,,5.0,5.0,5.0,5.0,5.0,2.0,2.0,2.0,2.0,2.0,1.0,1.0,1.0,1.0,1.0
3,Queensland,33960,Ipswich,True,86758.0,103934.0,125811.0,152522.0,181038.0,209404.0,,3435.0,3435.0,3435.0,3435.0,3435.0,4375.0,4375.0,4375.0,4375.0,4375.0,5342.0,5342.0,5342.0,5342.0,5342.0
3,Queensland,33980,Isaac,False,10327.0,10709.0,11053.0,11462.0,11889.0,12338.0,,76.0,76.0,76.0,76.0,76.0,69.0,69.0,69.0,69.0,69.0,82.0,82.0,82.0,82.0,82.0
3,Queensland,34420,Kowanyama,False,294.0,314.0,332.0,348.0,358.0,364.0,,4.0,4.0,4.0,4.0,4.0,4.0,4.0,4.0,4.0,4.0,3.0,3.0,3.0,3.0,3.0
3,Queensland,34530,Livingstone,False,16708.0,18355.0,20768.0,22981.0,24745.0,25852.0,,329.0,329.0,329.0,329.0,329.0,483.0,483.0,483.0,483.0,483.0,443.0,443.0,443.0,443.0,443.0
3,Queensland,34570,Lockhart River,False,214.0,214.0,214.0,214.0,214.0,214.0,,0.0,0.0,0.0,0.0,0.0,0.0,0.0,0.0,0.0,0.0,0.0,0.0,0.0,0.0,0.0
3,Queensland,34580,Lockyer Valley,True,15924.0,17317.0,18621.0,19974.0,21360.0,22768.0,,279.0,279.0,279.0,279.0,279.0,261.0,261.0,261.0,261.0,261.0,271.0,271.0,271.0,271.0,271.0
3,Queensland,34590,Logan,True,125200.0,143622.0,161633.0,178428.0,189914.0,199142.0,,3684.0,3684.0,3684.0,3684.0,3684.0,3602.0,3602.0,3602.0,3602.0,3602.0,3359.0,3359.0,3359.0,3359.0,3359.0
3,Queensland,34710,Longreach,False,1797.0,1827.0,1834.0,1813.0,1773.0,1726.0,,6.0,6.0,6.0,6.0,6.0,1.0,1.0,1.0,1.0,1.0,-4.0,-4.0,-4.0,-4.0,-4.0
3,Queensland,34770,Mackay,False,50596.0,54133.0,57589.0,60986.0,63998.0,66845.0,,707.0,707.0,707.0,707.0,707.0,691.0,691.0,691.0,691.0,691.0,679.0,679.0,679.0,679.0,679.0
3,Queensland,34800,McKinlay,False,340.0,355.0,365.0,361.0,354.0,347.0,,3.0,3.0,3.0,3.0,3.0,2.0,2.0,2.0,2.0,2.0,-1.0,-1.0,-1.0,-1.0,-1.0
3,Queensland,34830,Mapoon,False,105.0,112.0,117.0,119.0,123.0,127.0,,1.0,1.0,1.0,1.0,1.0,1.0,1.0,1.0,1.0,1.0,0.0,0.0,0.0,0.0,0.0
3,Queensland,34860,Maranoa,False,6154.0,6235.0,6250.0,6218.0,6146.0,6056.0,,16.0,16.0,16.0,16.0,16.0,3.0,3.0,3.0,3.0,3.0,-6.0,-6.0,-6.0,-6.0,-6.0
3,Queensland,34880,Mareeba,False,9338.0,9922.0,10484.0,10921.0,11257.0,11530.0,,117.0,117.0,117.0,117.0,117.0,112.0,112.0,112.0,112.0,112.0,87.0,87.0,87.0,87.0,87.0
3,Queensland,35010,Moreton Bay,True,186039.0,218348.0,248249.0,275248.0,301419.0,327578.0,,6462.0,6462.0,6462.0,6462.0,6462.0,5980.0,5980.0,5980.0,5980.0,5980.0,5400.0,5400.0,5400.0,5400.0,5400.0
3,Queensland,35250,Mornington,False,349.0,354.0,354.0,354.0,351.0,346.0,,1.0,1.0,1.0,1.0,1.0,0.0,0.0,0.0,0.0,0.0,0.0,0.0,0.0,0.0,0.0
3,Queensland,35300,Mount Isa,False,8030.0,8219.0,8288.0,8338.0,8332.0,8293.0,,38.0,38.0,38.0,38.0,38.0,14.0,14.0,14.0,14.0,14.0,10.0,10.0,10.0,10.0,10.0
3,Queensland,35600,Murweh,False,2077.0,2072.0,2048.0,2026.0,1981.0,1929.0,,-1.0,-1.0,-1.0,-1.0,-1.0,-5.0,-5.0,-5.0,-5.0,-5.0,-4.0,-4.0,-4.0,-4.0,-4.0
3,Queensland,35670,Napranum,False,261.0,270.0,277.0,282.0,286.0,290.0,,2.0,2.0,2.0,2.0,2.0,1.0,1.0,1.0,1.0,1.0,1.0,1.0,1.0,1.0,1.0
3,Queensland,35740,Noosa,True,28141.0,29829.0,30761.0,31535.0,32245.0,32883.0,,338.0,338.0,338.0,338.0,338.0,186.0,186.0,186.0,186.0,186.0,155.0,155.0,155.0,155.0,155.0
3,Queensland,35760,North Burnett,False,5140.0,5232.0,5271.0,5330.0,5373.0,5408.0,,18.0,18.0,18.0,18.0,18.0,8.0,8.0,8.0,8.0,8.0,12.0,12.0,12.0,12.0,12.0
3,Queensland,35780,Northern Peninsula Area,False,806.0,842.0,862.0,883.0,913.0,930.0,,7.0,7.0,7.0,7.0,7.0,4.0,4.0,4.0,4.0,4.0,4.0,4.0,4.0,4.0,4.0
3,Queensland,35790,Palm Island,False,517.0,552.0,595.0,669.0,778.0,926.0,,7.0,7.0,7.0,7.0,7.0,9.0,9.0,9.0,9.0,9.0,15.0,15.0,15.0,15.0,15.0
3,Queensland,35800,Paroo,False,989.0,981.0,969.0,959.0,939.0,915.0,,-2.0,-2.0,-2.0,-2.0,-2.0,-2.0,-2.0,-2.0,-2.0,-2.0,-2.0,-2.0,-2.0,-2.0,-2.0
3,Queensland,36070,Pormpuraaw,False,229.0,240.0,250.0,260.0,266.0,269.0,,2.0,2.0,2.0,2.0,2.0,2.0,2.0,2.0,2.0,2.0,2.0,2.0,2.0,2.0,2.0
3,Queensland,36150,Quilpie,False,412.0,410.0,405.0,401.0,393.0,383.0,,-0.0,-0.0,-0.0,-0.0,-0.0,-1.0,-1.0,-1.0,-1.0,-1.0,-1.0,-1.0,-1.0,-1.0,-1.0
3,Queensland,36250,Redland,True,64740.0,70547.0,74718.0,77890.0,80301.0,81411.0,,1161.0,1161.0,1161.0,1161.0,1161.0,834.0,834.0,834.0,834.0,834.0,634.0,634.0,634.0,634.0,634.0
3,Queensland,36300,Richmond,False,368.0,380.0,390.0,386.0,378.0,370.0,,2.0,2.0,2.0,2.0,2.0,2.0,2.0,2.0,2.0,2.0,-1.0,-1.0,-1.0,-1.0,-1.0
3,Queensland,36370,Rockhampton,False,35144.0,36546.0,38117.0,39602.0,40834.0,42178.0,,280.0,280.0,280.0,280.0,280.0,314.0,314.0,314.0,314.0,314.0,297.0,297.0,297.0,297.0,297.0
3,Queensland,36510,Scenic Rim,True,17992.0,19773.0,21399.0,22511.0,23325.0,23952.0,,356.0,356.0,356.0,356.0,356.0,325.0,325.0,325.0,325.0,325.0,222.0,222.0,222.0,222.0,222.0
3,Queensland,36580,Somerset,True,10710.0,11411.0,12285.0,13166.0,14063.0,14974.0,,140.0,140.0,140.0,140.0,140.0,175.0,175.0,175.0,175.0,175.0,176.0,176.0,176.0,176.0,176.0
3,Queensland,36630,South Burnett,False,15666.0,16298.0,17011.0,17731.0,18411.0,19080.0,,126.0,126.0,126.0,126.0,126.0,143.0,143.0,143.0,143.0,143.0,144.0,144.0,144.0,144.0,144.0
3,Queensland,36660,Southern Downs,False,17037.0,17450.0,17986.0,18406.0,18612.0,18685.0,,83.0,83.0,83.0,83.0,83.0,107.0,107.0,107.0,107.0,107.0,84.0,84.0,84.0,84.0,84.0
3,Queensland,36720,Sunshine Coast,True,145694.0,165627.0,183829.0,201850.0,218561.0,234421.0,,3987.0,3987.0,3987.0,3987.0,3987.0,3640.0,3640.0,3640.0,3640.0,3640.0,3604.0,3604.0,3604.0,3604.0,3604.0
3,Queensland,36820,Tablelands,False,12181.0,12935.0,13613.0,14242.0,14808.0,15330.0,,151.0,151.0,151.0,151.0,151.0,136.0,136.0,136.0,136.0,136.0,126.0,126.0,126.0,126.0,126.0
3,Queensland,36910,Toowoomba,True,73081.0,76947.0,81202.0,85039.0,88193.0,90962.0,,773.0,773.0,773.0,773.0,773.0,851.0,851.0,851.0,851.0,851.0,767.0,767.0,767.0,767.0,767.0
3,Queensland,36950,Torres,False,1188.0,1231.0,1267.0,1295.0,1304.0,1300.0,,9.0,9.0,9.0,9.0,9.0,7.0,7.0,7.0,7.0,7.0,6.0,6.0,6.0,6.0,6.0
3,Queensland,36960,Torres Strait Island,False,1279.0,1315.0,1314.0,1312.0,1295.0,1269.0,,7.0,7.0,7.0,7.0,7.0,-0.0,-0.0,-0.0,-0.0,-0.0,-0.0,-0.0,-0.0,-0.0,-0.0
3,Queensland,37010,Townsville,False,81634.0,86678.0,92875.0,98984.0,104590.0,109524.0,,1009.0,1009.0,1009.0,1009.0,1009.0,1239.0,1239.0,1239.0,1239.0,1239.0,1222.0,1222.0,1222.0,1222.0,1222.0
3,Queensland,37300,Weipa,False,1670.0,1689.0,1695.0,1705.0,1706.0,1702.0,,4.0,4.0,4.0,4.0,4.0,1.0,1.0,1.0,1.0,1.0,2.0,2.0,2.0,2.0,2.0
3,Queensland,37310,Western Downs,False,15566.0,16076.0,16605.0,16909.0,17030.0,17031.0,,102.0,102.0,102.0,102.0,102.0,106.0,106.0,106.0,106.0,106.0,61.0,61.0,61.0,61.0,61.0
3,Queensland,37340,Whitsunday,False,15919.0,17181.0,18438.0,19684.0,20901.0,22117.0,,252.0,252.0,252.0,252.0,252.0,251.0,251.0,251.0,251.0,251.0,249.0,249.0,249.0,249.0,249.0
3,Queensland,37400,Winton,False,637.0,646.0,637.0,630.0,615.0,597.0,,2.0,2.0,2.0,2.0,2.0,-2.0,-2.0,-2.0,-2.0,-2.0,-1.0,-1.0,-1.0,-1.0,-1.0
3,Queensland,37550,Woorabinda,False,304.0,322.0,330.0,338.0,346.0,354.0,,4.0,4.0,4.0,4.0,4.0,2.0,2.0,2.0,2.0,2.0,2.0,2.0,2.0,2.0,2.0
3,Queensland,37570,Wujal Wujal,False,89.0,103.0,106.0,108.0,109.0,109.0,,3.0,3.0,3.0,3.0,3.0,1.0,1.0,1.0,1.0,1.0,0.0,0.0,0.0,0.0,0.0
3,Queensland,37600,Yarrabah,False,454.0,503.0,553.0,615.0,685.0,762.0,,10.0,10.0,10.0,10.0,10.0,10.0,10.0,10.0,10.0,10.0,12.0,12.0,12.0,12.0,12.0
1,New South Wales,10050,Albury (C),,26364.0,28716.0,31646.0,34716.0,37640.0,,,470.0,470.0,470.0,470.0,470.0,586.0,586.0,586.0,586.0,586.0,614.0,614.0,614.0,614.0,614.0
1,New South Wales,10180,Armidale Regional (A),,13339.0,13328.0,13577.0,13918.0,14261.0,,,-2.0,-2.0,-2.0,-2.0,-2.0,50.0,50.0,50.0,50.0,50.0,68.0,68.0,68.0,68.0,68.0
1,New South Wales,10250,Ballina (A),,21225.0,22669.0,24146.0,25468.0,26577.0,,,289.0,289.0,289.0,289.0,289.0,295.0,295.0,295.0,295.0,295.0,264.0,264.0,264.0,264.0,264.0
1,New South Wales,10300,Balranald (A),,1115.0,1048.0,993.0,944.0,894.0,,,-13.0,-13.0,-13.0,-13.0,-13.0,-11.0,-11.0,-11.0,-11.0,-11.0,-10.0,-10.0,-10.0,-10.0,-10.0
1,New South Wales,10470,Bathurst Regional (A),,19380.0,20716.0,22265.0,23886.0,25496.0,,,267.0,267.0,267.0,267.0,267.0,310.0,310.0,310.0,310.0,310.0,324.0,324.0,324.0,324.0,324.0
1,New South Wales,10500,Bayside (A),,71879.0,72338.0,77841.0,81199.0,83629.0,,,92.0,92.0,92.0,92.0,92.0,1101.0,1101.0,1101.0,1101.0,1101.0,672.0,672.0,672.0,672.0,672.0
1,New South Wales,10550,Bega Valley (A),,19195.0,19948.0,20601.0,21082.0,21400.0,,,151.0,151.0,151.0,151.0,151.0,131.0,131.0,131.0,131.0,131.0,96.0,96.0,96.0,96.0,96.0
1,New South Wales,10600,Bellingen (A),,6458.0,6596.0,6733.0,6841.0,6911.0,,,28.0,28.0,28.0,28.0,28.0,27.0,27.0,27.0,27.0,27.0,21.0,21.0,21.0,21.0,21.0
1,New South Wales,10650,Berrigan (A),,4800.0,4951.0,5187.0,5406.0,5613.0,,,30.0,30.0,30.0,30.0,30.0,47.0,47.0,47.0,47.0,47.0,44.0,44.0,44.0,44.0,44.0
1,New South Wales,10750,Blacktown (C),,129208.0,138549.0,151893.0,166109.0,180693.0,,,1868.0,1868.0,1868.0,1868.0,1868.0,2669.0,2669.0,2669.0,2669.0,2669.0,2843.0,2843.0,2843.0,2843.0,2843.0
1,New South Wales,10800,Bland (A),,3058.0,3146.0,3222.0,3261.0,3278.0,,,18.0,18.0,18.0,18.0,18.0,15.0,15.0,15.0,15.0,15.0,8.0,8.0,8.0,8.0,8.0
1,New South Wales,10850,Blayney (A),,3413.0,3461.0,3537.0,3619.0,3698.0,,,10.0,10.0,10.0,10.0,10.0,15.0,15.0,15.0,15.0,15.0,16.0,16.0,16.0,16.0,16.0
1,New South Wales,10900,Blue Mountains (C),,36754.0,38201.0,39647.0,41070.0,42450.0,,,289.0,289.0,289.0,289.0,289.0,289.0,289.0,289.0,289.0,289.0,285.0,285.0,285.0,285.0,285.0
1,New South Wales,10950,Bogan (A),,1271.0,1139.0,1019.0,910.0,803.0,,,-26.0,-26.0,-26.0,-26.0,-26.0,-24.0,-24.0,-24.0,-24.0,-24.0,-22.0,-22.0,-22.0,-22.0,-22.0
1,New South Wales,11150,Bourke (A),,1248.0,1150.0,1053.0,939.0,820.0,,,-20.0,-20.0,-20.0,-20.0,-20.0,-20.0,-20.0,-20.0,-20.0,-20.0,-23.0,-23.0,-23.0,-23.0,-23.0
1,New South Wales,11200,Brewarrina (A),,776.0,759.0,729.0,673.0,582.0,,,-3.0,-3.0,-3.0,-3.0,-3.0,-6.0,-6.0,-6.0,-6.0,-6.0,-11.0,-11.0,-11.0,-11.0,-11.0
1,New South Wales,11250,Broken Hill (C),,9293.0,8685.0,8026.0,7247.0,6361.0,,,-122.0,-122.0,-122.0,-122.0,-122.0,-132.0,-132.0,-132.0,-132.0,-132.0,-156.0,-156.0,-156.0,-156.0,-156.0
1,New South Wales,11300,Burwood (A),,15644.0,17741.0,20015.0,22293.0,23319.0,,,419.0,419.0,419.0,419.0,419.0,455.0,455.0,455.0,455.0,455.0,456.0,456.0,456.0,456.0,456.0
1,New South Wales,11350,Byron (A),,17505.0,18443.0,19642.0,20845.0,22027.0,,,187.0,187.0,187.0,187.0,187.0,240.0,240.0,240.0,240.0,240.0,241.0,241.0,241.0,241.0,241.0
1,New South Wales,11400,Cabonne (A),,6117.0,6375.0,6659.0,6933.0,7208.0,,,52.0,52.0,52.0,52.0,52.0,57.0,57.0,57.0,57.0,57.0,55.0,55.0,55.0,55.0,55.0
1,New South Wales,11450,Camden (A),,36553.0,43499.0,52433.0,62368.0,74688.0,,,1389.0,1389.0,1389.0,1389.0,1389.0,1787.0,1787.0,1787.0,1787.0,1787.0,1987.0,1987.0,1987.0,1987.0,1987.0
1,New South Wales,11500,Campbelltown (C) (NSW),,62605.0,66720.0,72839.0,79901.0,86424.0,,,823.0,823.0,823.0,823.0,823.0,1224.0,1224.0,1224.0,1224.0,1224.0,1412.0,1412.0,1412.0,1412.0,1412.0
1,New South Wales,11520,Canada Bay (A),,41407.0,43410.0,45247.0,47081.0,48616.0,,,401.0,401.0,401.0,401.0,401.0,367.0,367.0,367.0,367.0,367.0,367.0,367.0,367.0,367.0,367.0
1,New South Wales,11570,Canterbury-Bankstown (A),,135119.0,141922.0,151099.0,160364.0,169145.0,,,1361.0,1361.0,1361.0,1361.0,1361.0,1835.0,1835.0,1835.0,1835.0,1835.0,1853.0,1853.0,1853.0,1853.0,1853.0
1,New South Wales,11600,Carrathool (A),,1272.0,1238.0,1222.0,1210.0,1201.0,,,-7.0,-7.0,-7.0,-7.0,-7.0,-3.0,-3.0,-3.0,-3.0,-3.0,-2.0,-2.0,-2.0,-2.0,-2.0
1,New South Wales,11650,Central Coast (C) (NSW),,159169.0,166187.0,174770.0,183555.0,191696.0,,,1404.0,1404.0,1404.0,1404.0,1404.0,1717.0,1717.0,1717.0,1717.0,1717.0,1757.0,1757.0,1757.0,1757.0,1757.0
1,New South Wales,11700,Central Darling (A),,1037.0,995.0,961.0,920.0,850.0,,,-8.0,-8.0,-8.0,-8.0,-8.0,-7.0,-7.0,-7.0,-7.0,-7.0,-8.0,-8.0,-8.0,-8.0,-8.0
1,New South Wales,11720,Cessnock (C),,26206.0,29141.0,32345.0,35629.0,38828.0,,,587.0,587.0,587.0,587.0,587.0,641.0,641.0,641.0,641.0,641.0,657.0,657.0,657.0,657.0,657.0
1,New South Wales,11730,Clarence Valley (A),,25746.0,26415.0,27138.0,27721.0,28153.0,,,134.0,134.0,134.0,134.0,134.0,145.0,145.0,145.0,145.0,145.0,117.0,117.0,117.0,117.0,117.0
1,New South Wales,11750,Cobar (A),,2273.0,2054.0,1851.0,1647.0,1410.0,,,-44.0,-44.0,-44.0,-44.0,-44.0,-41.0,-41.0,-41.0,-41.0,-41.0,-41.0,-41.0,-41.0,-41.0,-41.0
1,New South Wales,11800,Coffs Harbour (C),,35316.0,36887.0,38804.0,40538.0,41983.0,,,314.0,314.0,314.0,314.0,314.0,383.0,383.0,383.0,383.0,383.0,347.0,347.0,347.0,347.0,347.0
1,New South Wales,12000,Coolamon (A),,1980.0,2086.0,2242.0,2408.0,2573.0,,,21.0,21.0,21.0,21.0,21.0,31.0,31.0,31.0,31.0,31.0,33.0,33.0,33.0,33.0,33.0
1,New South Wales,12150,Coonamble (A),,2042.0,2010.0,1942.0,1843.0,1716.0,,,-7.0,-7.0,-7.0,-7.0,-7.0,-13.0,-13.0,-13.0,-13.0,-13.0,-20.0,-20.0,-20.0,-20.0,-20.0
1,New South Wales,12160,Cootamundra-Gundagai Regional (A),,5600.0,5660.0,5732.0,5790.0,5830.0,,,12.0,12.0,12.0,12.0,12.0,15.0,15.0,15.0,15.0,15.0,11.0,11.0,11.0,11.0,11.0
1,New South Wales,12350,Cowra (A),,6377.0,6720.0,7022.0,7260.0,7444.0,,,69.0,69.0,69.0,69.0,69.0,60.0,60.0,60.0,60.0,60.0,48.0,48.0,48.0,48.0,48.0
1,New South Wales,12380,Cumberland (A),,83495.0,89238.0,97187.0,103855.0,110030.0,,,1149.0,1149.0,1149.0,1149.0,1149.0,1590.0,1590.0,1590.0,1590.0,1590.0,1334.0,1334.0,1334.0,1334.0,1334.0
1,New South Wales,12390,Dubbo Regional (A),,23323.0,24474.0,25843.0,27222.0,28526.0,,,230.0,230.0,230.0,230.0,230.0,274.0,274.0,274.0,274.0,274.0,276.0,276.0,276.0,276.0,276.0
1,New South Wales,12700,Dungog (A),,4582.0,5160.0,5764.0,6381.0,6995.0,,,115.0,115.0,115.0,115.0,115.0,121.0,121.0,121.0,121.0,121.0,123.0,123.0,123.0,123.0,123.0
1,New South Wales,12730,Edward River (A),,4628.0,4737.0,4849.0,4926.0,4950.0,,,22.0,22.0,22.0,22.0,22.0,22.0,22.0,22.0,22.0,22.0,15.0,15.0,15.0,15.0,15.0
1,New South Wales,12750,Eurobodalla (A),,26373.0,28227.0,29927.0,31374.0,32592.0,,,371.0,371.0,371.0,371.0,371.0,340.0,340.0,340.0,340.0,340.0,289.0,289.0,289.0,289.0,289.0
1,New South Wales,12850,Fairfield (C),,67941.0,71235.0,75389.0,80162.0,85979.0,,,659.0,659.0,659.0,659.0,659.0,831.0,831.0,831.0,831.0,831.0,955.0,955.0,955.0,955.0,955.0
1,New South Wales,12870,Federation (A),,6832.0,7145.0,7444.0,7642.0,7751.0,,,63.0,63.0,63.0,63.0,63.0,60.0,60.0,60.0,60.0,60.0,40.0,40.0,40.0,40.0,40.0
1,New South Wales,12900,Forbes (A),,4640.0,4976.0,5460.0,5966.0,6459.0,,,67.0,67.0,67.0,67.0,67.0,97.0,97.0,97.0,97.0,97.0,101.0,101.0,101.0,101.0,101.0
1,New South Wales,12930,Georges River (A),,60367.0,61310.0,64641.0,68747.0,72533.0,,,189.0,189.0,189.0,189.0,189.0,666.0,666.0,666.0,666.0,666.0,821.0,821.0,821.0,821.0,821.0
1,New South Wales,12950,Gilgandra (A),,1980.0,1907.0,1847.0,1777.0,1694.0,,,-15.0,-15.0,-15.0,-15.0,-15.0,-12.0,-12.0,-12.0,-12.0,-12.0,-14.0,-14.0,-14.0,-14.0,-14.0
1,New South Wales,13010,Glen Innes Severn (A),,4585.0,4736.0,4862.0,4937.0,4966.0,,,30.0,30.0,30.0,30.0,30.0,25.0,25.0,25.0,25.0,25.0,15.0,15.0,15.0,15.0,15.0
1,New South Wales,13310,Goulburn Mulwaree (A),,14913.0,16046.0,17309.0,18554.0,19705.0,,,227.0,227.0,227.0,227.0,227.0,253.0,253.0,253.0,253.0,253.0,249.0,249.0,249.0,249.0,249.0
1,New South Wales,13340,Greater Hume Shire (A),,4917.0,5207.0,5551.0,5884.0,6206.0,,,58.0,58.0,58.0,58.0,58.0,69.0,69.0,69.0,69.0,69.0,67.0,67.0,67.0,67.0,67.0
1,New South Wales,13450,Griffith (C),,11559.0,11994.0,12713.0,13456.0,14160.0,,,87.0,87.0,87.0,87.0,87.0,144.0,144.0,144.0,144.0,144.0,149.0,149.0,149.0,149.0,149.0
1,New South Wales,13550,Gunnedah (A),,5766.0,5868.0,6039.0,6211.0,6350.0,,,20.0,20.0,20.0,20.0,20.0,34.0,34.0,34.0,34.0,34.0,35.0,35.0,35.0,35.0,35.0
1,New South Wales,13660,Gwydir (A),,2737.0,2814.0,2869.0,2911.0,2935.0,,,15.0,15.0,15.0,15.0,15.0,11.0,11.0,11.0,11.0,11.0,8.0,8.0,8.0,8.0,8.0
1,New South Wales,13800,Hawkesbury (C),,26146.0,26949.0,28100.0,29731.0,32071.0,,,160.0,160.0,160.0,160.0,160.0,230.0,230.0,230.0,230.0,230.0,326.0,326.0,326.0,326.0,326.0
1,New South Wales,13850,Hay (A),,1548.0,1546.0,1532.0,1512.0,1487.0,,,-0.0,-0.0,-0.0,-0.0,-0.0,-3.0,-3.0,-3.0,-3.0,-3.0,-4.0,-4.0,-4.0,-4.0,-4.0
1,New South Wales,13910,Hilltops (A),,9310.0,9597.0,9827.0,9962.0,10046.0,,,57.0,57.0,57.0,57.0,57.0,46.0,46.0,46.0,46.0,46.0,27.0,27.0,27.0,27.0,27.0
1,New South Wales,14000,Hornsby (A),,55912.0,57657.0,60140.0,62674.0,64707.0,,,349.0,349.0,349.0,349.0,349.0,497.0,497.0,497.0,497.0,497.0,507.0,507.0,507.0,507.0,507.0
1,New South Wales,14100,Hunters Hill (A),,5697.0,5760.0,5848.0,5976.0,6114.0,,,12.0,12.0,12.0,12.0,12.0,18.0,18.0,18.0,18.0,18.0,26.0,26.0,26.0,26.0,26.0
1,New South Wales,14170,Inner West (A),,90717.0,91512.0,94200.0,97478.0,100723.0,,,159.0,159.0,159.0,159.0,159.0,538.0,538.0,538.0,538.0,538.0,656.0,656.0,656.0,656.0,656.0
1,New South Wales,14220,Inverell (A),,8340.0,8408.0,8491.0,8546.0,8548.0,,,14.0,14.0,14.0,14.0,14.0,17.0,17.0,17.0,17.0,17.0,11.0,11.0,11.0,11.0,11.0
1,New South Wales,14300,Junee (A),,2698.0,2802.0,2938.0,3074.0,3205.0,,,21.0,21.0,21.0,21.0,21.0,27.0,27.0,27.0,27.0,27.0,27.0,27.0,27.0,27.0,27.0
1,New South Wales,14350,Kempsey (A),,14547.0,14921.0,15322.0,15644.0,15899.0,,,75.0,75.0,75.0,75.0,75.0,80.0,80.0,80.0,80.0,80.0,64.0,64.0,64.0,64.0,64.0
1,New South Wales,14400,Kiama (A),,11676.0,12461.0,13436.0,14465.0,15447.0,,,157.0,157.0,157.0,157.0,157.0,195.0,195.0,195.0,195.0,195.0,206.0,206.0,206.0,206.0,206.0
1,New South Wales,14500,Ku-ring-gai (A),,46402.0,48371.0,50749.0,53209.0,54692.0,,,394.0,394.0,394.0,394.0,394.0,476.0,476.0,476.0,476.0,476.0,492.0,492.0,492.0,492.0,492.0
1,New South Wales,14550,Kyogle (A),,4417.0,4303.0,4103.0,3834.0,3532.0,,,-23.0,-23.0,-23.0,-23.0,-23.0,-40.0,-40.0,-40.0,-40.0,-40.0,-54.0,-54.0,-54.0,-54.0,-54.0
1,New South Wales,14600,Lachlan (A),,2981.0,2926.0,2877.0,2768.0,2617.0,,,-11.0,-11.0,-11.0,-11.0,-11.0,-10.0,-10.0,-10.0,-10.0,-10.0,-22.0,-22.0,-22.0,-22.0,-22.0
1,New South Wales,14650,Lake Macquarie (C),,90082.0,94870.0,100141.0,105479.0,110335.0,,,958.0,958.0,958.0,958.0,958.0,1054.0,1054.0,1054.0,1054.0,1054.0,1068.0,1068.0,1068.0,1068.0,1068.0
1,New South Wales,14700,Lane Cove (A),,17297.0,19151.0,19950.0,20712.0,20991.0,,,371.0,371.0,371.0,371.0,371.0,160.0,160.0,160.0,160.0,160.0,152.0,152.0,152.0,152.0,152.0
1,New South Wales,14750,Leeton (A),,4951.0,5089.0,5162.0,5216.0,5227.0,,,27.0,27.0,27.0,27.0,27.0,15.0,15.0,15.0,15.0,15.0,11.0,11.0,11.0,11.0,11.0
1,New South Wales,14850,Lismore (C),,19834.0,19861.0,19751.0,19459.0,18986.0,,,5.0,5.0,5.0,5.0,5.0,-22.0,-22.0,-22.0,-22.0,-22.0,-58.0,-58.0,-58.0,-58.0,-58.0
1,New South Wales,14870,Lithgow (C),,10628.0,10876.0,11054.0,11151.0,11132.0,,,50.0,50.0,50.0,50.0,50.0,36.0,36.0,36.0,36.0,36.0,20.0,20.0,20.0,20.0,20.0
1,New South Wales,14900,Liverpool (C),,76659.0,82990.0,91807.0,101451.0,109959.0,,,1266.0,1266.0,1266.0,1266.0,1266.0,1764.0,1764.0,1764.0,1764.0,1764.0,1929.0,1929.0,1929.0,1929.0,1929.0
1,New South Wales,14920,Liverpool Plains (A),,3976.0,3994.0,3969.0,3905.0,3806.0,,,4.0,4.0,4.0,4.0,4.0,-5.0,-5.0,-5.0,-5.0,-5.0,-13.0,-13.0,-13.0,-13.0,-13.0
1,New South Wales,14950,Lockhart (A),,1462.0,1547.0,1664.0,1804.0,1944.0,,,17.0,17.0,17.0,17.0,17.0,24.0,24.0,24.0,24.0,24.0,28.0,28.0,28.0,28.0,28.0
1,New South Wales,15050,Maitland (C),,36680.0,42365.0,48721.0,55330.0,61873.0,,,1137.0,1137.0,1137.0,1137.0,1137.0,1271.0,1271.0,1271.0,1271.0,1271.0,1322.0,1322.0,1322.0,1322.0,1322.0
1,New South Wales,15240,Mid-Coast (A),,52998.0,56043.0,59090.0,61760.0,64034.0,,,609.0,609.0,609.0,609.0,609.0,609.0,609.0,609.0,609.0,609.0,534.0,534.0,534.0,534.0,534.0
1,New South Wales,15270,Mid-Western Regional (A),,12521.0,13139.0,13812.0,14486.0,15088.0,,,124.0,124.0,124.0,124.0,124.0,134.0,134.0,134.0,134.0,134.0,135.0,135.0,135.0,135.0,135.0
1,New South Wales,15300,Moree Plains (A),,6281.0,6842.0,7417.0,7984.0,8507.0,,,112.0,112.0,112.0,112.0,112.0,115.0,115.0,115.0,115.0,115.0,113.0,113.0,113.0,113.0,113.0
1,New South Wales,15350,Mosman (A),,14583.0,15118.0,15595.0,15998.0,16278.0,,,107.0,107.0,107.0,107.0,107.0,96.0,96.0,96.0,96.0,96.0,80.0,80.0,80.0,80.0,80.0
1,New South Wales,15520,Murray River (A),,6467.0,6905.0,7418.0,7905.0,8337.0,,,88.0,88.0,88.0,88.0,88.0,103.0,103.0,103.0,103.0,103.0,97.0,97.0,97.0,97.0,97.0
1,New South Wales,15560,Murrumbidgee (A),,1853.0,1910.0,1985.0,2045.0,2092.0,,,11.0,11.0,11.0,11.0,11.0,15.0,15.0,15.0,15.0,15.0,12.0,12.0,12.0,12.0,12.0
1,New South Wales,15650,Muswellbrook (A),,7370.0,7760.0,8142.0,8418.0,8589.0,,,78.0,78.0,78.0,78.0,78.0,76.0,76.0,76.0,76.0,76.0,55.0,55.0,55.0,55.0,55.0
1,New South Wales,15700,Nambucca Valley (A),,10032.0,10306.0,10576.0,10776.0,10889.0,,,55.0,55.0,55.0,55.0,55.0,54.0,54.0,54.0,54.0,54.0,40.0,40.0,40.0,40.0,40.0
1,New South Wales,15750,Narrabri (A),,5964.0,5957.0,5949.0,5902.0,5803.0,,,-1.0,-1.0,-1.0,-1.0,-1.0,-1.0,-1.0,-1.0,-1.0,-1.0,-9.0,-9.0,-9.0,-9.0,-9.0
1,New South Wales,15800,Narrandera (A),,2863.0,2787.0,2754.0,2730.0,2692.0,,,-15.0,-15.0,-15.0,-15.0,-15.0,-7.0,-7.0,-7.0,-7.0,-7.0,-5.0,-5.0,-5.0,-5.0,-5.0
1,New South Wales,15850,Narromine (A),,2983.0,2895.0,2761.0,2602.0,2417.0,,,-18.0,-18.0,-18.0,-18.0,-18.0,-27.0,-27.0,-27.0,-27.0,-27.0,-32.0,-32.0,-32.0,-32.0,-32.0
1,New South Wales,15900,Newcastle (C),,75755.0,78778.0,83503.0,88618.0,93595.0,,,605.0,605.0,605.0,605.0,605.0,945.0,945.0,945.0,945.0,945.0,1023.0,1023.0,1023.0,1023.0,1023.0
1,New South Wales,15950,North Sydney (A),,41260.0,42617.0,44686.0,46932.0,47932.0,,,272.0,272.0,272.0,272.0,272.0,414.0,414.0,414.0,414.0,414.0,449.0,449.0,449.0,449.0,449.0
1,New South Wales,15990,Northern Beaches (A),,113364.0,117457.0,121968.0,126494.0,130106.0,,,819.0,819.0,819.0,819.0,819.0,902.0,902.0,902.0,902.0,902.0,905.0,905.0,905.0,905.0,905.0
1,New South Wales,16100,Oberon (A),,2854.0,2896.0,2922.0,2939.0,2948.0,,,8.0,8.0,8.0,8.0,8.0,5.0,5.0,5.0,5.0,5.0,3.0,3.0,3.0,3.0,3.0
1,New South Wales,16150,Orange (C),,19098.0,20497.0,21897.0,23181.0,24300.0,,,280.0,280.0,280.0,280.0,280.0,280.0,280.0,280.0,280.0,280.0,257.0,257.0,257.0,257.0,257.0
1,New South Wales,16200,Parkes (A),,6924.0,6962.0,7211.0,7463.0,7687.0,,,8.0,8.0,8.0,8.0,8.0,50.0,50.0,50.0,50.0,50.0,50.0,50.0,50.0,50.0,50.0
1,New South Wales,16260,Parramatta (C),,99898.0,107327.0,118905.0,135041.0,154943.0,,,1486.0,1486.0,1486.0,1486.0,1486.0,2316.0,2316.0,2316.0,2316.0,2316.0,3227.0,3227.0,3227.0,3227.0,3227.0
1,New South Wales,16350,Penrith (C),,80453.0,84830.0,91436.0,99363.0,106946.0,,,875.0,875.0,875.0,875.0,875.0,1321.0,1321.0,1321.0,1321.0,1321.0,1585.0,1585.0,1585.0,1585.0,1585.0
1,New South Wales,16380,Port Macquarie-Hastings (A),,41735.0,44407.0,47131.0,49556.0,51616.0,,,534.0,534.0,534.0,534.0,534.0,545.0,545.0,545.0,545.0,545.0,485.0,485.0,485.0,485.0,485.0
1,New South Wales,16400,Port Stephens (A),,37899.0,40638.0,43575.0,46395.0,48978.0,,,548.0,548.0,548.0,548.0,548.0,588.0,588.0,588.0,588.0,588.0,564.0,564.0,564.0,564.0,564.0
1,New South Wales,16490,Queanbeyan-Palerang Regional (A),,27734.0,30128.0,32911.0,35758.0,38530.0,,,479.0,479.0,479.0,479.0,479.0,557.0,557.0,557.0,557.0,557.0,569.0,569.0,569.0,569.0,569.0
1,New South Wales,16550,Randwick (C),,65844.0,67142.0,69515.0,72719.0,76141.0,,,260.0,260.0,260.0,260.0,260.0,475.0,475.0,475.0,475.0,475.0,641.0,641.0,641.0,641.0,641.0
1,New South Wales,16610,Richmond Valley (A),,10958.0,11275.0,11599.0,11891.0,12130.0,,,63.0,63.0,63.0,63.0,63.0,65.0,65.0,65.0,65.0,65.0,59.0,59.0,59.0,59.0,59.0
1,New South Wales,16700,Ryde (C),,53745.0,57302.0,63992.0,69163.0,75809.0,,,711.0,711.0,711.0,711.0,711.0,1338.0,1338.0,1338.0,1338.0,1338.0,1034.0,1034.0,1034.0,1034.0,1034.0
1,New South Wales,16900,Shellharbour (C),,29962.0,32535.0,35593.0,38875.0,42182.0,,,515.0,515.0,515.0,515.0,515.0,612.0,612.0,612.0,612.0,612.0,656.0,656.0,656.0,656.0,656.0
1,New South Wales,16950,Shoalhaven (C),,62646.0,68371.0,74772.0,81056.0,86985.0,,,1145.0,1145.0,1145.0,1145.0,1145.0,1280.0,1280.0,1280.0,1280.0,1280.0,1257.0,1257.0,1257.0,1257.0,1257.0
1,New South Wales,17000,Singleton (A),,9963.0,10089.0,10214.0,10247.0,10177.0,,,25.0,25.0,25.0,25.0,25.0,25.0,25.0,25.0,25.0,25.0,7.0,7.0,7.0,7.0,7.0
1,New South Wales,17040,Snowy Monaro Regional (A),,11379.0,11859.0,12439.0,12963.0,13420.0,,,96.0,96.0,96.0,96.0,96.0,116.0,116.0,116.0,116.0,116.0,105.0,105.0,105.0,105.0,105.0
1,New South Wales,17080,Snowy Valleys (A),,7280.0,7316.0,7389.0,7440.0,7452.0,,,7.0,7.0,7.0,7.0,7.0,15.0,15.0,15.0,15.0,15.0,10.0,10.0,10.0,10.0,10.0
1,New South Wales,17100,Strathfield (A),,17720.0,19550.0,20670.0,21421.0,22171.0,,,366.0,366.0,366.0,366.0,366.0,224.0,224.0,224.0,224.0,224.0,150.0,150.0,150.0,150.0,150.0
1,New South Wales,17150,Sutherland Shire (A),,92717.0,97427.0,102839.0,107196.0,110662.0,,,942.0,942.0,942.0,942.0,942.0,1082.0,1082.0,1082.0,1082.0,1082.0,872.0,872.0,872.0,872.0,872.0
1,New South Wales,17200,Sydney (C),,125533.0,126878.0,137894.0,150222.0,162059.0,,,269.0,269.0,269.0,269.0,269.0,2203.0,2203.0,2203.0,2203.0,2203.0,2466.0,2466.0,2466.0,2466.0,2466.0
1,New South Wales,17310,Tamworth Regional (A),,28175.0,29414.0,30844.0,32269.0,33607.0,,,248.0,248.0,248.0,248.0,248.0,286.0,286.0,286.0,286.0,286.0,285.0,285.0,285.0,285.0,285.0
1,New South Wales,17350,Temora (A),,3094.0,3130.0,3203.0,3282.0,3368.0,,,7.0,7.0,7.0,7.0,7.0,14.0,14.0,14.0,14.0,14.0,16.0,16.0,16.0,16.0,16.0
1,New South Wales,17400,Tenterfield (A),,3741.0,3659.0,3500.0,3290.0,3062.0,,,-16.0,-16.0,-16.0,-16.0,-16.0,-32.0,-32.0,-32.0,-32.0,-32.0,-42.0,-42.0,-42.0,-42.0,-42.0
1,New South Wales,17420,The Hills Shire (A),,61499.0,69965.0,82589.0,93231.0,100783.0,,,1693.0,1693.0,1693.0,1693.0,1693.0,2525.0,2525.0,2525.0,2525.0,2525.0,2128.0,2128.0,2128.0,2128.0,2128.0
1,New South Wales,17550,Tweed (A),,46207.0,49370.0,52282.0,54731.0,56610.0,,,633.0,633.0,633.0,633.0,633.0,582.0,582.0,582.0,582.0,582.0,490.0,490.0,490.0,490.0,490.0
1,New South Wales,19399,Unincorporated NSW,,544.0,503.0,460.0,422.0,393.0,,,-8.0,-8.0,-8.0,-8.0,-8.0,-9.0,-9.0,-9.0,-9.0,-9.0,-8.0,-8.0,-8.0,-8.0,-8.0
1,New South Wales,17620,Upper Hunter Shire (A),,6841.0,6865.0,6895.0,6866.0,6780.0,,,5.0,5.0,5.0,5.0,5.0,6.0,6.0,6.0,6.0,6.0,-6.0,-6.0,-6.0,-6.0,-6.0
1,New South Wales,17640,Upper Lachlan Shire (A),,4447.0,4724.0,4958.0,5178.0,5367.0,,,55.0,55.0,55.0,55.0,55.0,47.0,47.0,47.0,47.0,47.0,44.0,44.0,44.0,44.0,44.0
1,New South Wales,17650,Uralla (A),,2890.0,2910.0,2862.0,2746.0,2585.0,,,4.0,4.0,4.0,4.0,4.0,-10.0,-10.0,-10.0,-10.0,-10.0,-23.0,-23.0,-23.0,-23.0,-23.0
1,New South Wales,17750,Wagga Wagga (C),,28660.0,29850.0,31318.0,32668.0,33791.0,,,238.0,238.0,238.0,238.0,238.0,294.0,294.0,294.0,294.0,294.0,270.0,270.0,270.0,270.0,270.0
1,New South Wales,17850,Walcha (A),,1675.0,1632.0,1602.0,1587.0,1580.0,,,-9.0,-9.0,-9.0,-9.0,-9.0,-6.0,-6.0,-6.0,-6.0,-6.0,-3.0,-3.0,-3.0,-3.0,-3.0
1,New South Wales,17900,Walgett (A),,3432.0,3302.0,3077.0,2792.0,2471.0,,,-26.0,-26.0,-26.0,-26.0,-26.0,-45.0,-45.0,-45.0,-45.0,-45.0,-57.0,-57.0,-57.0,-57.0,-57.0
1,New South Wales,17950,Warren (A),,1404.0,1309.0,1221.0,1117.0,993.0,,,-19.0,-19.0,-19.0,-19.0,-19.0,-18.0,-18.0,-18.0,-18.0,-18.0,-21.0,-21.0,-21.0,-21.0,-21.0
1,New South Wales,18020,Warrumbungle Shire (A),,4790.0,4718.0,4605.0,4444.0,4259.0,,,-14.0,-14.0,-14.0,-14.0,-14.0,-23.0,-23.0,-23.0,-23.0,-23.0,-32.0,-32.0,-32.0,-32.0,-32.0
1,New South Wales,18050,Waverley (A),,34834.0,34614.0,35531.0,36632.0,37839.0,,,-44.0,-44.0,-44.0,-44.0,-44.0,184.0,184.0,184.0,184.0,184.0,220.0,220.0,220.0,220.0,220.0
1,New South Wales,18100,Weddin (A),,1993.0,1973.0,1962.0,1939.0,1901.0,,,-4.0,-4.0,-4.0,-4.0,-4.0,-2.0,-2.0,-2.0,-2.0,-2.0,-5.0,-5.0,-5.0,-5.0,-5.0
1,New South Wales,18200,Wentworth (A),,3380.0,3338.0,3303.0,3266.0,3212.0,,,-8.0,-8.0,-8.0,-8.0,-8.0,-7.0,-7.0,-7.0,-7.0,-7.0,-7.0,-7.0,-7.0,-7.0,-7.0
1,New South Wales,18250,Willoughby (C),,33530.0,34572.0,36809.0,38437.0,39892.0,,,208.0,208.0,208.0,208.0,208.0,447.0,447.0,447.0,447.0,447.0,326.0,326.0,326.0,326.0,326.0
1,New South Wales,18350,Wingecarribee (A),,24448.0,26631.0,29107.0,31582.0,33992.0,,,437.0,437.0,437.0,437.0,437.0,495.0,495.0,495.0,495.0,495.0,495.0,495.0,495.0,495.0,495.0
1,New South Wales,18400,Wollondilly (A),,19391.0,21423.0,24326.0,28416.0,33651.0,,,406.0,406.0,406.0,406.0,406.0,581.0,581.0,581.0,581.0,581.0,818.0,818.0,818.0,818.0,818.0
1,New South Wales,18450,Wollongong (C),,93310.0,98016.0,105069.0,112830.0,120649.0,,,941.0,941.0,941.0,941.0,941.0,1411.0,1411.0,1411.0,1411.0,1411.0,1552.0,1552.0,1552.0,1552.0,1552.0
1,New South Wales,18500,Woollahra (A),,29357.0,29347.0,29996.0,30860.0,31875.0,,,-2.0,-2.0,-2.0,-2.0,-2.0,130.0,130.0,130.0,130.0,130.0,173.0,173.0,173.0,173.0,173.0
1,New South Wales,18710,Yass Valley (A),,7595.0,8246.0,8884.0,9460.0,9934.0,,,130.0,130.0,130.0,130.0,130.0,128.0,128.0,128.0,128.0,128.0,115.0,115.0,115.0,115.0,115.0
2,Victoria,20110,Alpine (S),,7271.0,7624.0,7920.0,8187.0,,,,71.0,71.0,71.0,71.0,71.0,59.0,59.0,59.0,59.0,59.0,53.0,53.0,53.0,53.0,53.0
2,Victoria,20260,Ararat (RC),,5509.0,5627.0,5766.0,5905.0,,,,24.0,24.0,24.0,24.0,24.0,28.0,28.0,28.0,28.0,28.0,28.0,28.0,28.0,28.0,28.0
2,Victoria,20570,Ballarat (C),,50347.0,57098.0,63158.0,68568.0,,,,1350.0,1350.0,1350.0,1350.0,1350.0,1212.0,1212.0,1212.0,1212.0,1212.0,1082.0,1082.0,1082.0,1082.0,1082.0
2,Victoria,20660,Banyule (C),,53031.0,56287.0,59547.0,63197.0,,,,651.0,651.0,651.0,651.0,651.0,652.0,652.0,652.0,652.0,652.0,730.0,730.0,730.0,730.0,730.0
2,Victoria,20740,Bass Coast (S),,28981.0,31730.0,34321.0,36872.0,,,,550.0,550.0,550.0,550.0,550.0,518.0,518.0,518.0,518.0,518.0,510.0,510.0,510.0,510.0,510.0
2,Victoria,20830,Baw Baw (S),,24522.0,27819.0,31069.0,34320.0,,,,659.0,659.0,659.0,659.0,659.0,650.0,650.0,650.0,650.0,650.0,650.0,650.0,650.0,650.0,650.0
2,Victoria,20910,Bayside (C),,43102.0,45673.0,48093.0,50513.0,,,,514.0,514.0,514.0,514.0,514.0,484.0,484.0,484.0,484.0,484.0,484.0,484.0,484.0,484.0,484.0
2,Victoria,21010,Benalla (RC),,7211.0,7585.0,7885.0,8125.0,,,,75.0,75.0,75.0,75.0,75.0,60.0,60.0,60.0,60.0,60.0,48.0,48.0,48.0,48.0,48.0
2,Victoria,21110,Boroondara (C),,72924.0,77012.0,80872.0,84832.0,,,,818.0,818.0,818.0,818.0,818.0,772.0,772.0,772.0,772.0,772.0,792.0,792.0,792.0,792.0,792.0
2,Victoria,21180,Brimbank (C),,71871.0,75194.0,78884.0,82734.0,,,,665.0,665.0,665.0,665.0,665.0,738.0,738.0,738.0,738.0,738.0,770.0,770.0,770.0,770.0,770.0
2,Victoria,21270,Buloke (S),,3397.0,3417.0,3447.0,3467.0,,,,4.0,4.0,4.0,4.0,4.0,6.0,6.0,6.0,6.0,6.0,4.0,4.0,4.0,4.0,4.0
2,Victoria,21370,Campaspe (S),,17840.0,18561.0,19241.0,19921.0,,,,144.0,144.0,144.0,144.0,144.0,136.0,136.0,136.0,136.0,136.0,136.0,136.0,136.0,136.0,136.0
2,Victoria,21450,Cardinia (S),,43533.0,50681.0,58518.0,65924.0,,,,1430.0,1430.0,1430.0,1430.0,1430.0,1567.0,1567.0,1567.0,1567.0,1567.0,1481.0,1481.0,1481.0,1481.0,1481.0
2,Victoria,21610,Casey (C),,122674.0,143422.0,162122.0,180772.0,,,,4150.0,4150.0,4150.0,4150.0,4150.0,3740.0,3740.0,3740.0,3740.0,3740.0,3730.0,3730.0,3730.0,3730.0,3730.0
2,Victoria,21670,Central Goldfields (S),,7004.0,7325.0,7612.0,7866.0,,,,64.0,64.0,64.0,64.0,64.0,57.0,57.0,57.0,57.0,57.0,51.0,51.0,51.0,51.0,51.0
2,Victoria,21750,Colac-Otway (S),,12460.0,13067.0,13654.0,14214.0,,,,121.0,121.0,121.0,121.0,121.0,117.0,117.0,117.0,117.0,117.0,112.0,112.0,112.0,112.0,112.0
2,Victoria,21830,Corangamite (S),,7897.0,8145.0,8359.0,8567.0,,,,50.0,50.0,50.0,50.0,50.0,43.0,43.0,43.0,43.0,43.0,42.0,42.0,42.0,42.0,42.0
2,Victoria,21890,Darebin (C),,68366.0,72923.0,79043.0,85493.0,,,,911.0,911.0,911.0,911.0,911.0,1224.0,1224.0,1224.0,1224.0,1224.0,1290.0,1290.0,1290.0,1290.0,1290.0
2,Victoria,22110,East Gippsland (S),,26078.0,27872.0,29572.0,31272.0,,,,359.0,359.0,359.0,359.0,359.0,340.0,340.0,340.0,340.0,340.0,340.0,340.0,340.0,340.0,340.0
2,Victoria,22170,Frankston (C),,58890.0,61152.0,63602.0,66552.0,,,,452.0,452.0,452.0,452.0,452.0,490.0,490.0,490.0,490.0,490.0,590.0,590.0,590.0,590.0,590.0
2,Victoria,22250,Gannawarra (S),,5326.0,5481.0,5611.0,5726.0,,,,31.0,31.0,31.0,31.0,31.0,26.0,26.0,26.0,26.0,26.0,23.0,23.0,23.0,23.0,23.0
2,Victoria,22310,Glen Eira (C),,66235.0,70589.0,74839.0,79089.0,,,,871.0,871.0,871.0,871.0,871.0,850.0,850.0,850.0,850.0,850.0,850.0,850.0,850.0,850.0,850.0
2,Victoria,22410,Glenelg (S),,10173.0,10470.0,10700.0,10910.0,,,,59.0,59.0,59.0,59.0,59.0,46.0,46.0,46.0,46.0,46.0,42.0,42.0,42.0,42.0,42.0
2,Victoria,22490,Golden Plains (S),,9408.0,10405.0,11593.0,13134.0,,,,199.0,199.0,199.0,199.0,199.0,238.0,238.0,238.0,238.0,238.0,308.0,308.0,308.0,308.0,308.0
2,Victoria,22620,Greater Bendigo (C),,53173.0,57567.0,62067.0,66787.0,,,,879.0,879.0,879.0,879.0,879.0,900.0,900.0,900.0,900.0,900.0,944.0,944.0,944.0,944.0,944.0
2,Victoria,22670,Greater Dandenong (C),,58198.0,61255.0,65145.0,69755.0,,,,611.0,611.0,611.0,611.0,611.0,778.0,778.0,778.0,778.0,778.0,922.0,922.0,922.0,922.0,922.0
2,Victoria,22750,Greater Geelong (C),,120823.0,136989.0,152589.0,168089.0,,,,3233.0,3233.0,3233.0,3233.0,3233.0,3120.0,3120.0,3120.0,3120.0,3120.0,3100.0,3100.0,3100.0,3100.0,3100.0
2,Victoria,22830,Greater Shepparton (C),,28885.0,30780.0,32636.0,34518.0,,,,379.0,379.0,379.0,379.0,379.0,371.0,371.0,371.0,371.0,371.0,376.0,376.0,376.0,376.0,376.0
2,Victoria,22910,Hepburn (S),,9511.0,9976.0,10481.0,10959.0,,,,93.0,93.0,93.0,93.0,93.0,101.0,101.0,101.0,101.0,101.0,96.0,96.0,96.0,96.0,96.0
2,Victoria,22980,Hindmarsh (S),,3110.0,3121.0,3145.0,3174.0,,,,2.0,2.0,2.0,2.0,2.0,5.0,5.0,5.0,5.0,5.0,6.0,6.0,6.0,6.0,6.0
2,Victoria,23110,Hobsons Bay (C),,39336.0,42384.0,45464.0,48594.0,,,,610.0,610.0,610.0,610.0,610.0,616.0,616.0,616.0,616.0,616.0,626.0,626.0,626.0,626.0,626.0
2,Victoria,23190,Horsham (RC),,9638.0,9992.0,10302.0,10612.0,,,,71.0,71.0,71.0,71.0,71.0,62.0,62.0,62.0,62.0,62.0,62.0,62.0,62.0,62.0,62.0
2,Victoria,23270,Hume (C),,83980.0,97480.0,110780.0,125070.0,,,,2700.0,2700.0,2700.0,2700.0,2700.0,2660.0,2660.0,2660.0,2660.0,2660.0,2858.0,2858.0,2858.0,2858.0,2858.0
2,Victoria,23350,Indigo (S),,7750.0,8285.0,8799.0,9279.0,,,,107.0,107.0,107.0,107.0,107.0,103.0,103.0,103.0,103.0,103.0,96.0,96.0,96.0,96.0,96.0
2,Victoria,23430,Kingston (C) (Vic.),,67622.0,71196.0,74916.0,79196.0,,,,715.0,715.0,715.0,715.0,715.0,744.0,744.0,744.0,744.0,744.0,856.0,856.0,856.0,856.0,856.0
2,Victoria,23670,Knox (C),,62012.0,64803.0,67593.0,70552.0,,,,558.0,558.0,558.0,558.0,558.0,558.0,558.0,558.0,558.0,558.0,592.0,592.0,592.0,592.0,592.0
2,Victoria,23810,Latrobe (C) (Vic.),,35685.0,37458.0,39154.0,40802.0,,,,355.0,355.0,355.0,355.0,355.0,339.0,339.0,339.0,339.0,339.0,330.0,330.0,330.0,330.0,330.0
2,Victoria,23940,Loddon (S),,4323.0,4379.0,4449.0,4519.0,,,,11.0,11.0,11.0,11.0,11.0,14.0,14.0,14.0,14.0,14.0,14.0,14.0,14.0,14.0,14.0
2,Victoria,24130,Macedon Ranges (S),,20630.0,22429.0,24254.0,26404.0,,,,360.0,360.0,360.0,360.0,360.0,365.0,365.0,365.0,365.0,365.0,430.0,430.0,430.0,430.0,430.0
2,Victoria,24210,Manningham (C),,49918.0,52650.0,55350.0,58200.0,,,,546.0,546.0,546.0,546.0,546.0,540.0,540.0,540.0,540.0,540.0,570.0,570.0,570.0,570.0,570.0
2,Victoria,24250,Mansfield (S),,6619.0,7245.0,7842.0,8440.0,,,,125.0,125.0,125.0,125.0,125.0,119.0,119.0,119.0,119.0,119.0,120.0,120.0,120.0,120.0,120.0
2,Victoria,24330,Maribyrnong (C),,40501.0,46919.0,53019.0,59579.0,,,,1284.0,1284.0,1284.0,1284.0,1284.0,1220.0,1220.0,1220.0,1220.0,1220.0,1312.0,1312.0,1312.0,1312.0,1312.0
2,Victoria,24410,Maroondah (C),,46937.0,49651.0,52471.0,55581.0,,,,543.0,543.0,543.0,543.0,543.0,564.0,564.0,564.0,564.0,564.0,622.0,622.0,622.0,622.0,622.0
2,Victoria,24600,Melbourne (C),,103368.0,120113.0,136762.0,153568.0,,,,3349.0,3349.0,3349.0,3349.0,3349.0,3330.0,3330.0,3330.0,3330.0,3330.0,3361.0,3361.0,3361.0,3361.0,3361.0
2,Victoria,24650,Melton (C),,60363.0,82671.0,102271.0,121921.0,,,,4462.0,4462.0,4462.0,4462.0,4462.0,3920.0,3920.0,3920.0,3920.0,3920.0,3930.0,3930.0,3930.0,3930.0,3930.0
2,Victoria,24780,Mildura (RC),,25371.0,26690.0,27950.0,29160.0,,,,264.0,264.0,264.0,264.0,264.0,252.0,252.0,252.0,252.0,252.0,242.0,242.0,242.0,242.0,242.0
2,Victoria,24850,Mitchell (S),,19590.0,25068.0,33545.0,45071.0,,,,1096.0,1096.0,1096.0,1096.0,1096.0,1695.0,1695.0,1695.0,1695.0,1695.0,2305.0,2305.0,2305.0,2305.0,2305.0
2,Victoria,24900,Moira (S),,14948.0,15668.0,16368.0,17068.0,,,,144.0,144.0,144.0,144.0,144.0,140.0,140.0,140.0,140.0,140.0,140.0,140.0,140.0,140.0,140.0
2,Victoria,24970,Monash (C),,76463.0,80970.0,86370.0,92270.0,,,,901.0,901.0,901.0,901.0,901.0,1080.0,1080.0,1080.0,1080.0,1080.0,1180.0,1180.0,1180.0,1180.0,1180.0
2,Victoria,25060,Moonee Valley (C),,55115.0,59593.0,64533.0,69693.0,,,,896.0,896.0,896.0,896.0,896.0,988.0,988.0,988.0,988.0,988.0,1032.0,1032.0,1032.0,1032.0,1032.0
2,Victoria,25150,Moorabool (S),,15473.0,17481.0,20101.0,23391.0,,,,402.0,402.0,402.0,402.0,402.0,524.0,524.0,524.0,524.0,524.0,658.0,658.0,658.0,658.0,658.0
2,Victoria,24700,Merri-bek (C),,78310.0,85149.0,93349.0,101689.0,,,,1368.0,1368.0,1368.0,1368.0,1368.0,1640.0,1640.0,1640.0,1640.0,1640.0,1668.0,1668.0,1668.0,1668.0,1668.0
2,Victoria,25340,Mornington Peninsula (S),,93602.0,96833.0,100343.0,104543.0,,,,646.0,646.0,646.0,646.0,646.0,702.0,702.0,702.0,702.0,702.0,840.0,840.0,840.0,840.0,840.0
2,Victoria,25430,Mount Alexander (S),,10141.0,10868.0,11558.0,12248.0,,,,145.0,145.0,145.0,145.0,145.0,138.0,138.0,138.0,138.0,138.0,138.0,138.0,138.0,138.0,138.0
2,Victoria,25490,Moyne (S),,8550.0,9015.0,9453.0,9892.0,,,,93.0,93.0,93.0,93.0,93.0,88.0,88.0,88.0,88.0,88.0,88.0,88.0,88.0,88.0,88.0
2,Victoria,25620,Murrindindi (S),,8349.0,8856.0,9380.0,9905.0,,,,101.0,101.0,101.0,101.0,101.0,105.0,105.0,105.0,105.0,105.0,105.0,105.0,105.0,105.0,105.0
2,Victoria,25710,Nillumbik (S),,22406.0,23255.0,24155.0,24945.0,,,,170.0,170.0,170.0,170.0,170.0,180.0,180.0,180.0,180.0,180.0,158.0,158.0,158.0,158.0,158.0
2,Victoria,25810,Northern Grampians (S),,6253.0,6370.0,6490.0,6610.0,,,,23.0,23.0,23.0,23.0,23.0,24.0,24.0,24.0,24.0,24.0,24.0,24.0,24.0,24.0,24.0
2,Victoria,25900,Port Phillip (C),,63301.0,69550.0,77150.0,86290.0,,,,1250.0,1250.0,1250.0,1250.0,1250.0,1520.0,1520.0,1520.0,1520.0,1520.0,1828.0,1828.0,1828.0,1828.0,1828.0
2,Victoria,25990,Pyrenees (S),,3939.0,4130.0,4303.0,4472.0,,,,38.0,38.0,38.0,38.0,38.0,35.0,35.0,35.0,35.0,35.0,34.0,34.0,34.0,34.0,34.0
2,Victoria,26080,Queenscliffe (B),,2902.0,3022.0,3147.0,3272.0,,,,24.0,24.0,24.0,24.0,24.0,25.0,25.0,25.0,25.0,25.0,25.0,25.0,25.0,25.0,25.0
2,Victoria,26170,South Gippsland (S),,17145.0,18138.0,19186.0,20234.0,,,,199.0,199.0,199.0,199.0,199.0,210.0,210.0,210.0,210.0,210.0,210.0,210.0,210.0,210.0,210.0
2,Victoria,26260,Southern Grampians (S),,8292.0,8516.0,8696.0,8866.0,,,,45.0,45.0,45.0,45.0,45.0,36.0,36.0,36.0,36.0,36.0,34.0,34.0,34.0,34.0,34.0
2,Victoria,26350,Stonnington (C),,59609.0,64067.0,68367.0,72567.0,,,,892.0,892.0,892.0,892.0,892.0,860.0,860.0,860.0,860.0,860.0,840.0,840.0,840.0,840.0,840.0
2,Victoria,26430,Strathbogie (S),,6164.0,6546.0,6921.0,7296.0,,,,76.0,76.0,76.0,76.0,76.0,75.0,75.0,75.0,75.0,75.0,75.0,75.0,75.0,75.0,75.0
2,Victoria,26490,Surf Coast (S),,20678.0,22880.0,24506.0,25867.0,,,,440.0,440.0,440.0,440.0,440.0,325.0,325.0,325.0,325.0,325.0,272.0,272.0,272.0,272.0,272.0
2,Victoria,26610,Swan Hill (RC),,9554.0,9819.0,10074.0,10316.0,,,,53.0,53.0,53.0,53.0,53.0,51.0,51.0,51.0,51.0,51.0,48.0,48.0,48.0,48.0,48.0
2,Victoria,26670,Towong (S),,3125.0,3222.0,3302.0,3372.0,,,,19.0,19.0,19.0,19.0,19.0,16.0,16.0,16.0,16.0,16.0,14.0,14.0,14.0,14.0,14.0
2,Victoria,26700,Wangaratta (RC),,13677.0,14374.0,15024.0,15674.0,,,,139.0,139.0,139.0,139.0,139.0,130.0,130.0,130.0,130.0,130.0,130.0,130.0,130.0,130.0,130.0
2,Victoria,26730,Warrnambool (C),,16025.0,16977.0,17979.0,19001.0,,,,190.0,190.0,190.0,190.0,190.0,200.0,200.0,200.0,200.0,200.0,204.0,204.0,204.0,204.0,204.0
2,Victoria,26810,Wellington (S),,23554.0,24823.0,26098.0,27338.0,,,,254.0,254.0,254.0,254.0,254.0,255.0,255.0,255.0,255.0,255.0,248.0,248.0,248.0,248.0,248.0
2,Victoria,26890,West Wimmera (S),,2255.0,2296.0,2322.0,2343.0,,,,8.0,8.0,8.0,8.0,8.0,5.0,5.0,5.0,5.0,5.0,4.0,4.0,4.0,4.0,4.0
2,Victoria,26980,Whitehorse (C),,71712.0,78010.0,84060.0,90110.0,,,,1260.0,1260.0,1260.0,1260.0,1260.0,1210.0,1210.0,1210.0,1210.0,1210.0,1210.0,1210.0,1210.0,1210.0,1210.0
2,Victoria,27070,Whittlesea (C),,82993.0,95769.0,108669.0,122319.0,,,,2555.0,2555.0,2555.0,2555.0,2555.0,2580.0,2580.0,2580.0,2580.0,2580.0,2730.0,2730.0,2730.0,2730.0,2730.0
2,Victoria,27170,Wodonga (C),,18214.0,19929.0,21689.0,23455.0,,,,343.0,343.0,343.0,343.0,343.0,352.0,352.0,352.0,352.0,352.0,353.0,353.0,353.0,353.0,353.0
2,Victoria,27260,Wyndham (C),,100363.0,122682.0,142382.0,161932.0,,,,4464.0,4464.0,4464.0,4464.0,4464.0,3940.0,3940.0,3940.0,3940.0,3940.0,3910.0,3910.0,3910.0,3910.0,3910.0
2,Victoria,27350,Yarra (C),,50059.0,56411.0,62860.0,69414.0,,,,1270.0,1270.0,1270.0,1270.0,1270.0,1290.0,1290.0,1290.0,1290.0,1290.0,1311.0,1311.0,1311.0,1311.0,1311.0
2,Victoria,27450,Yarra Ranges (S),,61574.0,64272.0,67232.0,70532.0,,,,540.0,540.0,540.0,540.0,540.0,592.0,592.0,592.0,592.0,592.0,660.0,660.0,660.0,660.0,660.0
2,Victoria,27630,Yarriambiack (S),,3598.0,3628.0,3668.0,3698.0,,,,6.0,6.0,6.0,6.0,6.0,8.0,8.0,8.0,8.0,8.0,6.0,6.0,6.0,6.0,6.0
2,Victoria,29399,Unincorporated Vic,,1054.0,1110.0,1158.0,1202.0,,,,11.0,11.0,11.0,11.0,11.0,10.0,10.0,10.0,10.0,10.0,9.0,9.0,9.0,9.0,9.0
