lga_code,lga_name,2021_incr_det_ms,2021_incr_med_ms,2021_incr_high_ms,2022_incr_det_ms,2022_incr_med_ms,2022_incr_high_ms,2023_incr_det_ms,2023_incr_med_ms,2023_incr_high_ms,2024_incr_det_ms,2024_incr_med_ms,2024_incr_high_ms,2025_incr_det_ms,2025_incr_med_ms,2025_incr_high_ms,2026_incr_det_ms,2026_incr_med_ms,2026_incr_high_ms,2027_incr_det_ms,2027_incr_med_ms,2027_incr_high_ms,2028_incr_det_ms,2028_incr_med_ms,2028_incr_high_ms,2029_incr_det_ms,2029_incr_med_ms,2029_incr_high_ms,2030_incr_det_ms,2030_incr_med_ms,2030_incr_high_ms,2031_incr_det_ms,2031_incr_med_ms,2031_incr_high_ms,2032_incr_det_ms,2032_incr_med_ms,2032_incr_high_ms,2033_incr_det_ms,2033_incr_med_ms,2033_incr_high_ms,2034_incr_det_ms,2034_incr_med_ms,2034_incr_high_ms,2035_incr_det_ms,2035_incr_med_ms,2035_incr_high_ms
30250,Aurukun,8.0,0.0,0.0,8.0,0.0,0.0,8.0,0.0,0.0,8.0,0.0,0.0,8.0,0.0,0.0,2.0,0.0,0.0,2.0,0.0,0.0,2.0,0.0,0.0,2.0,0.0,0.0,2.0,0.0,0.0,2.0,0.0,0.0,2.0,0.0,0.0,2.0,0.0,0.0,2.0,0.0,0.0,2.0,0.0,0.0
30300,Balonne,2.0,0.0,0.0,2.0,0.0,0.0,2.0,0.0,0.0,2.0,0.0,0.0,2.0,0.0,0.0,1.0,0.0,0.0,1.0,0.0,0.0,1.0,0.0,0.0,1.0,0.0,0.0,1.0,0.0,0.0,0.0,0.0,0.0,0.0,0.0,0.0,0.0,0.0,0.0,0.0,0.0,0.0,0.0,0.0,0.0
30370,Banana,18.0,0.0,0.0,18.0,0.0,0.0,18.0,0.0,0.0,18.0,0.0,0.0,18.0,0.0,0.0,8.0,0.0,0.0,8.0,0.0,0.0,8.0,0.0,0.0,8.0,0.0,0.0,8.0,0.0,0.0,0.0,0.0,0.0,0.0,0.0,0.0,0.0,0.0,0.0,0.0,0.0,0.0,0.0,0.0,0.0
30410,Barcaldine,0.0,0.0,0.0,0.0,0.0,0.0,0.0,0.0,0.0,0.0,0.0,0.0,0.0,0.0,0.0,0.0,0.0,0.0,0.0,0.0,0.0,0.0,0.0,0.0,0.0,0.0,0.0,0.0,0.0,0.0,0.0,0.0,0.0,0.0,0.0,0.0,0.0,0.0,0.0,0.0,0.0,0.0,0.0,0.0,0.0
30450,Barcoo,0.0,0.0,0.0,0.0,0.0,0.0,0.0,0.0,0.0,0.0,0.0,0.0,0.0,0.0,0.0,0.0,0.0,0.0,0.0,0.0,0.0,0.0,0.0,0.0,0.0,0.0,0.0,0.0,0.0,0.0,0.0,0.0,0.0,0.0,0.0,0.0,0.0,0.0,0.0,0.0,0.0,0.0,0.0,0.0,0.0
30760,Blackall Tambo,0.0,0.0,0.0,0.0,0.0,0.0,0.0,0.0,0.0,0.0,0.0,0.0,0.0,0.0,0.0,0.0,0.0,0.0,0.0,0.0,0.0,0.0,0.0,0.0,0.0,0.0,0.0,0.0,0.0,0.0,0.0,0.0,0.0,0.0,0.0,0.0,0.0,0.0,0.0,0.0,0.0,0.0,0.0,0.0,0.0
30900,Boulia,1.0,0.0,0.0,1.0,0.0,0.0,1.0,0.0,0.0,1.0,0.0,0.0,1.0,0.0,0.0,0.0,0.0,0.0,0.0,0.0,0.0,0.0,0.0,0.0,0.0,0.0,0.0,0.0,0.0,0.0,0.0,0.0,0.0,0.0,0.0,0.0,0.0,0.0,0.0,0.0,0.0,0.0,0.0,0.0,0.0
31000,Brisbane,1821.0,778.0,91.0,1821.0,778.0,91.0,1821.0,778.0,91.0,1821.0,778.0,91.0,1821.0,778.0,91.0,1511.0,645.0,75.0,1511.0,645.0,75.0,1511.0,645.0,75.0,1511.0,645.0,75.0,1511.0,645.0,75.0,1566.0,669.0,78.0,1566.0,669.0,78.0,1566.0,669.0,78.0,1566.0,669.0,78.0,1566.0,669.0,78.0
31750,Bulloo,0.0,0.0,0.0,0.0,0.0,0.0,0.0,0.0,0.0,0.0,0.0,0.0,0.0,0.0,0.0,0.0,0.0,0.0,0.0,0.0,0.0,0.0,0.0,0.0,0.0,0.0,0.0,0.0,0.0,0.0,0.0,0.0,0.0,0.0,0.0,0.0,0.0,0.0,0.0,0.0,0.0,0.0,0.0,0.0,0.0
31820,Bundaberg,298.0,8.0,0.0,298.0,8.0,0.0,298.0,8.0,0.0,298.0,8.0,0.0,298.0,8.0,0.0,266.0,7.0,0.0,266.0,7.0,0.0,266.0,7.0,0.0,266.0,7.0,0.0,266.0,7.0,0.0,219.0,5.0,0.0,219.0,5.0,0.0,219.0,5.0,0.0,219.0,5.0,0.0,219.0,5.0,0.0
31900,Burdekin,14.0,2.0,0.0,14.0,2.0,0.0,14.0,2.0,0.0,14.0,2.0,0.0,14.0,2.0,0.0,17.0,2.0,0.0,17.0,2.0,0.0,17.0,2.0,0.0,17.0,2.0,0.0,17.0,2.0,0.0,16.0,2.0,0.0,16.0,2.0,0.0,16.0,2.0,0.0,16.0,2.0,0.0,16.0,2.0,0.0
31950,Burke,1.0,0.0,0.0,1.0,0.0,0.0,1.0,0.0,0.0,1.0,0.0,0.0,1.0,0.0,0.0,1.0,0.0,0.0,1.0,0.0,0.0,1.0,0.0,0.0,1.0,0.0,0.0,1.0,0.0,0.0,0.0,0.0,0.0,0.0,0.0,0.0,0.0,0.0,0.0,0.0,0.0,0.0,0.0,0.0,0.0
32080,Cairns,655.0,35.0,2.0,655.0,35.0,2.0,655.0,35.0,2.0,655.0,35.0,2.0,655.0,35.0,2.0,691.0,38.0,2.0,691.0,38.0,2.0,691.0,38.0,2.0,691.0,38.0,2.0,691.0,38.0,2.0,650.0,35.0,2.0,650.0,35.0,2.0,650.0,35.0,2.0,650.0,35.0,2.0,650.0,35.0,2.0
32250,Carpentaria,4.0,0.0,0.0,4.0,0.0,0.0,4.0,0.0,0.0,4.0,0.0,0.0,4.0,0.0,0.0,3.0,0.0,0.0,3.0,0.0,0.0,3.0,0.0,0.0,3.0,0.0,0.0,3.0,0.0,0.0,2.0,0.0,0.0,2.0,0.0,0.0,2.0,0.0,0.0,2.0,0.0,0.0,2.0,0.0,0.0
32260,Cassowary Coast,106.0,9.0,0.0,106.0,9.0,0.0,106.0,9.0,0.0,106.0,9.0,0.0,106.0,9.0,0.0,89.0,8.0,0.0,89.0,8.0,0.0,89.0,8.0,0.0,89.0,8.0,0.0,89.0,8.0,0.0,93.0,8.0,0.0,93.0,8.0,0.0,93.0,8.0,0.0,93.0,8.0,0.0,93.0,8.0,0.0
32270,Central Highlands (Qld),100.0,3.0,0.0,100.0,3.0,0.0,100.0,3.0,0.0,100.0,3.0,0.0,100.0,3.0,0.0,73.0,2.0,0.0,73.0,2.0,0.0,73.0,2.0,0.0,73.0,2.0,0.0,73.0,2.0,0.0,72.0,2.0,0.0,72.0,2.0,0.0,72.0,2.0,0.0,72.0,2.0,0.0,72.0,2.0,0.0
32310,Charters Towers,9.0,5.0,0.0,9.0,5.0,0.0,9.0,5.0,0.0,9.0,5.0,0.0,9.0,5.0,0.0,9.0,5.0,0.0,9.0,5.0,0.0,9.0,5.0,0.0,9.0,5.0,0.0,9.0,5.0,0.0,8.0,4.0,0.0,8.0,4.0,0.0,8.0,4.0,0.0,8.0,4.0,0.0,8.0,4.0,0.0
32330,Cherbourg,2.0,0.0,0.0,2.0,0.0,0.0,2.0,0.0,0.0,2.0,0.0,0.0,2.0,0.0,0.0,3.0,0.0,0.0,3.0,0.0,0.0,3.0,0.0,0.0,3.0,0.0,0.0,3.0,0.0,0.0,3.0,0.0,0.0,3.0,0.0,0.0,3.0,0.0,0.0,3.0,0.0,0.0,3.0,0.0,0.0
32450,Cloncurry,7.0,4.0,0.0,7.0,4.0,0.0,7.0,4.0,0.0,7.0,4.0,0.0,7.0,4.0,0.0,7.0,4.0,0.0,7.0,4.0,0.0,7.0,4.0,0.0,7.0,4.0,0.0,7.0,4.0,0.0,0.0,0.0,0.0,0.0,0.0,0.0,0.0,0.0,0.0,0.0,0.0,0.0,0.0,0.0,0.0
32500,Cook,18.0,2.0,0.0,18.0,2.0,0.0,18.0,2.0,0.0,18.0,2.0,0.0,18.0,2.0,0.0,4.0,0.0,0.0,4.0,0.0,0.0,4.0,0.0,0.0,4.0,0.0,0.0,4.0,0.0,0.0,4.0,0.0,0.0,4.0,0.0,0.0,4.0,0.0,0.0,4.0,0.0,0.0,4.0,0.0,0.0
32600,Croydon,0.0,0.0,0.0,0.0,0.0,0.0,0.0,0.0,0.0,0.0,0.0,0.0,0.0,0.0,0.0,0.0,0.0,0.0,0.0,0.0,0.0,0.0,0.0,0.0,0.0,0.0,0.0,0.0,0.0,0.0,0.0,0.0,0.0,0.0,0.0,0.0,0.0,0.0,0.0,0.0,0.0,0.0,0.0,0.0,0.0
32750,Diamantina,0.0,0.0,0.0,0.0,0.0,0.0,0.0,0.0,0.0,0.0,0.0,0.0,0.0,0.0,0.0,0.0,0.0,0.0,0.0,0.0,0.0,0.0,0.0,0.0,0.0,0.0,0.0,0.0,0.0,0.0,0.0,0.0,0.0,0.0,0.0,0.0,0.0,0.0,0.0,0.0,0.0,0.0,0.0,0.0,0.0
32770,Doomadgee,2.0,0.0,0.0,2.0,0.0,0.0,2.0,0.0,0.0,2.0,0.0,0.0,2.0,0.0,0.0,0.0,0.0,0.0,0.0,0.0,0.0,0.0,0.0,0.0,0.0,0.0,0.0,0.0,0.0,0.0,0.0,0.0,0.0,0.0,0.0,0.0,0.0,0.0,0.0,0.0,0.0,0.0,0.0,0.0,0.0
32810,Douglas,88.0,0.0,0.0,88.0,0.0,0.0,88.0,0.0,0.0,88.0,0.0,0.0,88.0,0.0,0.0,82.0,0.0,0.0,82.0,0.0,0.0,82.0,0.0,0.0,82.0,0.0,0.0,82.0,0.0,0.0,75.0,0.0,0.0,75.0,0.0,0.0,75.0,0.0,0.0,75.0,0.0,0.0,75.0,0.0,0.0
33100,Etheridge,0.0,0.0,0.0,0.0,0.0,0.0,0.0,0.0,0.0,0.0,0.0,0.0,0.0,0.0,0.0,0.0,0.0,0.0,0.0,0.0,0.0,0.0,0.0,0.0,0.0,0.0,0.0,0.0,0.0,0.0,0.0,0.0,0.0,0.0,0.0,0.0,0.0,0.0,0.0,0.0,0.0,0.0,0.0,0.0,0.0
33200,Flinders (Qld),2.0,0.0,0.0,2.0,0.0,0.0,2.0,0.0,0.0,2.0,0.0,0.0,2.0,0.0,0.0,3.0,0.0,0.0,3.0,0.0,0.0,3.0,0.0,0.0,3.0,0.0,0.0,3.0,0.0,0.0,0.0,0.0,0.0,0.0,0.0,0.0,0.0,0.0,0.0,0.0,0.0,0.0,0.0,0.0,0.0
33220,Fraser Coast,501.0,38.0,0.0,501.0,38.0,0.0,501.0,38.0,0.0,501.0,38.0,0.0,501.0,38.0,0.0,396.0,30.0,0.0,396.0,30.0,0.0,396.0,30.0,0.0,396.0,30.0,0.0,396.0,30.0,0.0,284.0,21.0,0.0,284.0,21.0,0.0,284.0,21.0,0.0,284.0,21.0,0.0,284.0,21.0,0.0
33360,Gladstone,259.0,3.0,0.0,259.0,3.0,0.0,259.0,3.0,0.0,259.0,3.0,0.0,259.0,3.0,0.0,218.0,3.0,0.0,218.0,3.0,0.0,218.0,3.0,0.0,218.0,3.0,0.0,218.0,3.0,0.0,211.0,2.0,0.0,211.0,2.0,0.0,211.0,2.0,0.0,211.0,2.0,0.0,211.0,2.0,0.0
33430,Gold Coast,1217.0,812.0,128.0,1217.0,812.0,128.0,1217.0,812.0,128.0,1217.0,812.0,128.0,1217.0,812.0,128.0,1087.0,725.0,115.0,1087.0,725.0,115.0,1087.0,725.0,115.0,1087.0,725.0,115.0,1087.0,725.0,115.0,1094.0,730.0,115.0,1094.0,730.0,115.0,1094.0,730.0,115.0,1094.0,730.0,115.0,1094.0,730.0,115.0
33610,Goondiwindi,0.0,0.0,0.0,0.0,0.0,0.0,0.0,0.0,0.0,0.0,0.0,0.0,0.0,0.0,0.0,2.0,0.0,0.0,2.0,0.0,0.0,2.0,0.0,0.0,2.0,0.0,0.0,2.0,0.0,0.0,0.0,0.0,0.0,0.0,0.0,0.0,0.0,0.0,0.0,0.0,0.0,0.0,0.0,0.0,0.0
33620,Gympie,254.0,18.0,0.0,254.0,18.0,0.0,254.0,18.0,0.0,254.0,18.0,0.0,254.0,18.0,0.0,134.0,9.0,0.0,134.0,9.0,0.0,134.0,9.0,0.0,134.0,9.0,0.0,134.0,9.0,0.0,101.0,7.0,0.0,101.0,7.0,0.0,101.0,7.0,0.0,101.0,7.0,0.0,101.0,7.0,0.0
33800,Hinchinbrook,25.0,0.0,0.0,25.0,0.0,0.0,25.0,0.0,0.0,25.0,0.0,0.0,25.0,0.0,0.0,4.0,0.0,0.0,4.0,0.0,0.0,4.0,0.0,0.0,4.0,0.0,0.0,4.0,0.0,0.0,2.0,0.0,0.0,2.0,0.0,0.0,2.0,0.0,0.0,2.0,0.0,0.0,2.0,0.0,0.0
33830,Hope Vale,4.0,0.0,0.0,4.0,0.0,0.0,4.0,0.0,0.0,4.0,0.0,0.0,4.0,0.0,0.0,2.0,0.0,0.0,2.0,0.0,0.0,2.0,0.0,0.0,2.0,0.0,0.0,2.0,0.0,0.0,1.0,0.0,0.0,1.0,0.0,0.0,1.0,0.0,0.0,1.0,0.0,0.0,1.0,0.0,0.0
33960,Ipswich,2199.0,370.0,0.0,2199.0,370.0,0.0,2199.0,370.0,0.0,2199.0,370.0,0.0,2199.0,370.0,0.0,2801.0,472.0,0.0,2801.0,472.0,0.0,2801.0,472.0,0.0,2801.0,472.0,0.0,2801.0,472.0,0.0,3420.0,576.0,0.0,3420.0,576.0,0.0,3420.0,576.0,0.0,3420.0,576.0,0.0,3420.0,576.0,0.0
33980,Isaac,57.0,0.0,0.0,57.0,0.0,0.0,57.0,0.0,0.0,57.0,0.0,0.0,57.0,0.0,0.0,52.0,0.0,0.0,52.0,0.0,0.0,52.0,0.0,0.0,52.0,0.0,0.0,52.0,0.0,0.0,62.0,0.0,0.0,62.0,0.0,0.0,62.0,0.0,0.0,62.0,0.0,0.0,62.0,0.0,0.0
34420,Kowanyama,3.0,0.0,0.0,3.0,0.0,0.0,3.0,0.0,0.0,3.0,0.0,0.0,3.0,0.0,0.0,3.0,0.0,0.0,3.0,0.0,0.0,3.0,0.0,0.0,3.0,0.0,0.0,3.0,0.0,0.0,2.0,0.0,0.0,2.0,0.0,0.0,2.0,0.0,0.0,2.0,0.0,0.0,2.0,0.0,0.0
34530,Livingstone,205.0,36.0,0.0,205.0,36.0,0.0,205.0,36.0,0.0,205.0,36.0,0.0,205.0,36.0,0.0,300.0,53.0,0.0,300.0,53.0,0.0,300.0,53.0,0.0,300.0,53.0,0.0,300.0,53.0,0.0,275.0,49.0,0.0,275.0,49.0,0.0,275.0,49.0,0.0,275.0,49.0,0.0,275.0,49.0,0.0
34570,Lockhart River,0.0,0.0,0.0,0.0,0.0,0.0,0.0,0.0,0.0,0.0,0.0,0.0,0.0,0.0,0.0,0.0,0.0,0.0,0.0,0.0,0.0,0.0,0.0,0.0,0.0,0.0,0.0,0.0,0.0,0.0,0.0,0.0,0.0,0.0,0.0,0.0,0.0,0.0,0.0,0.0,0.0,0.0,0.0,0.0,0.0
34580,Lockyer Valley,200.0,9.0,0.0,200.0,9.0,0.0,200.0,9.0,0.0,200.0,9.0,0.0,200.0,9.0,0.0,188.0,8.0,0.0,188.0,8.0,0.0,188.0,8.0,0.0,188.0,8.0,0.0,188.0,8.0,0.0,194.0,9.0,0.0,194.0,9.0,0.0,194.0,9.0,0.0,194.0,9.0,0.0,194.0,9.0,0.0
34590,Logan,2253.0,451.0,2.0,2253.0,451.0,2.0,2253.0,451.0,2.0,2253.0,451.0,2.0,2253.0,451.0,2.0,2203.0,440.0,2.0,2203.0,440.0,2.0,2203.0,440.0,2.0,2203.0,440.0,2.0,2203.0,440.0,2.0,2054.0,411.0,2.0,2054.0,411.0,2.0,2054.0,411.0,2.0,2054.0,411.0,2.0,2054.0,411.0,2.0
34710,Longreach,2.0,3.0,0.0,2.0,3.0,0.0,2.0,3.0,0.0,2.0,3.0,0.0,2.0,3.0,0.0,0.0,1.0,0.0,0.0,1.0,0.0,0.0,1.0,0.0,0.0,1.0,0.0,0.0,1.0,0.0,0.0,0.0,0.0,0.0,0.0,0.0,0.0,0.0,0.0,0.0,0.0,0.0,0.0,0.0,0.0
34770,Mackay,506.0,24.0,0.0,506.0,24.0,0.0,506.0,24.0,0.0,506.0,24.0,0.0,506.0,24.0,0.0,495.0,24.0,0.0,495.0,24.0,0.0,495.0,24.0,0.0,495.0,24.0,0.0,495.0,24.0,0.0,486.0,23.0,0.0,486.0,23.0,0.0,486.0,23.0,0.0,486.0,23.0,0.0,486.0,23.0,0.0
34800,McKinlay,2.0,0.0,0.0,2.0,0.0,0.0,2.0,0.0,0.0,2.0,0.0,0.0,2.0,0.0,0.0,2.0,0.0,0.0,2.0,0.0,0.0,2.0,0.0,0.0,2.0,0.0,0.0,2.0,0.0,0.0,0.0,0.0,0.0,0.0,0.0,0.0,0.0,0.0,0.0,0.0,0.0,0.0,0.0,0.0,0.0
34830,Mapoon,1.0,0.0,0.0,1.0,0.0,0.0,1.0,0.0,0.0,1.0,0.0,0.0,1.0,0.0,0.0,1.0,0.0,0.0,1.0,0.0,0.0,1.0,0.0,0.0,1.0,0.0,0.0,1.0,0.0,0.0,0.0,0.0,0.0,0.0,0.0,0.0,0.0,0.0,0.0,0.0,0.0,0.0,0.0,0.0,0.0
34860,Maranoa,12.0,1.0,0.0,12.0,1.0,0.0,12.0,1.0,0.0,12.0,1.0,0.0,12.0,1.0,0.0,2.0,0.0,0.0,2.0,0.0,0.0,2.0,0.0,0.0,2.0,0.0,0.0,2.0,0.0,0.0,0.0,0.0,0.0,0.0,0.0,0.0,0.0,0.0,0.0,0.0,0.0,0.0,0.0,0.0,0.0
34880,Mareeba,79.0,7.0,0.0,79.0,7.0,0.0,79.0,7.0,0.0,79.0,7.0,0.0,79.0,7.0,0.0,76.0,7.0,0.0,76.0,7.0,0.0,76.0,7.0,0.0,76.0,7.0,0.0,76.0,7.0,0.0,58.0,5.0,0.0,58.0,5.0,0.0,58.0,5.0,0.0,58.0,5.0,0.0,58.0,5.0,0.0
35010,Moreton Bay,3526.0,964.0,14.0,3526.0,964.0,14.0,3526.0,964.0,14.0,3526.0,964.0,14.0,3526.0,964.0,14.0,3263.0,892.0,13.0,3263.0,892.0,13.0,3263.0,892.0,13.0,3263.0,892.0,13.0,3263.0,892.0,13.0,2947.0,806.0,11.0,2947.0,806.0,11.0,2947.0,806.0,11.0,2947.0,806.0,11.0,2947.0,806.0,11.0
35250,Mornington,1.0,0.0,0.0,1.0,0.0,0.0,1.0,0.0,0.0,1.0,0.0,0.0,1.0,0.0,0.0,0.0,0.0,0.0,0.0,0.0,0.0,0.0,0.0,0.0,0.0,0.0,0.0,0.0,0.0,0.0,0.0,0.0,0.0,0.0,0.0,0.0,0.0,0.0,0.0,0.0,0.0,0.0,0.0,0.0,0.0
35300,Mount Isa,14.0,7.0,0.0,14.0,7.0,0.0,14.0,7.0,0.0,14.0,7.0,0.0,14.0,7.0,0.0,5.0,2.0,0.0,5.0,2.0,0.0,5.0,2.0,0.0,5.0,2.0,0.0,5.0,2.0,0.0,4.0,2.0,0.0,4.0,2.0,0.0,4.0,2.0,0.0,4.0,2.0,0.0,4.0,2.0,0.0
35600,Murweh,0.0,0.0,0.0,0.0,0.0,0.0,0.0,0.0,0.0,0.0,0.0,0.0,0.0,0.0,0.0,0.0,0.0,0.0,0.0,0.0,0.0,0.0,0.0,0.0,0.0,0.0,0.0,0.0,0.0,0.0,0.0,0.0,0.0,0.0,0.0,0.0,0.0,0.0,0.0,0.0,0.0,0.0,0.0,0.0,0.0
35670,Napranum,2.0,0.0,0.0,2.0,0.0,0.0,2.0,0.0,0.0,2.0,0.0,0.0,2.0,0.0,0.0,1.0,0.0,0.0,1.0,0.0,0.0,1.0,0.0,0.0,1.0,0.0,0.0,1.0,0.0,0.0,1.0,0.0,0.0,1.0,0.0,0.0,1.0,0.0,0.0,1.0,0.0,0.0,1.0,0.0,0.0
35740,Noosa,157.0,86.0,0.0,157.0,86.0,0.0,157.0,86.0,0.0,157.0,86.0,0.0,157.0,86.0,0.0,86.0,47.0,0.0,86.0,47.0,0.0,86.0,47.0,0.0,86.0,47.0,0.0,86.0,47.0,0.0,72.0,39.0,0.0,72.0,39.0,0.0,72.0,39.0,0.0,72.0,39.0,0.0,72.0,39.0,0.0
35760,North Burnett,14.0,0.0,0.0,14.0,0.0,0.0,14.0,0.0,0.0,14.0,0.0,0.0,14.0,0.0,0.0,6.0,0.0,0.0,6.0,0.0,0.0,6.0,0.0,0.0,6.0,0.0,0.0,6.0,0.0,0.0,9.0,0.0,0.0,9.0,0.0,0.0,9.0,0.0,0.0,9.0,0.0,0.0,9.0,0.0,0.0
35780,Northern Peninsula Area,5.0,0.0,0.0,5.0,0.0,0.0,5.0,0.0,0.0,5.0,0.0,0.0,5.0,0.0,0.0,3.0,0.0,0.0,3.0,0.0,0.0,3.0,0.0,0.0,3.0,0.0,0.0,3.0,0.0,0.0,3.0,0.0,0.0,3.0,0.0,0.0,3.0,0.0,0.0,3.0,0.0,0.0,3.0,0.0,0.0
35790,Palm Island,5.0,0.0,0.0,5.0,0.0,0.0,5.0,0.0,0.0,5.0,0.0,0.0,5.0,0.0,0.0,7.0,0.0,0.0,7.0,0.0,0.0,7.0,0.0,0.0,7.0,0.0,0.0,7.0,0.0,0.0,11.0,0.0,0.0,11.0,0.0,0.0,11.0,0.0,0.0,11.0,0.0,0.0,11.0,0.0,0.0
35800,Paroo,0.0,0.0,0.0,0.0,0.0,0.0,0.0,0.0,0.0,0.0,0.0,0.0,0.0,0.0,0.0,0.0,0.0,0.0,0.0,0.0,0.0,0.0,0.0,0.0,0.0,0.0,0.0,0.0,0.0,0.0,0.0,0.0,0.0,0.0,0.0,0.0,0.0,0.0,0.0,0.0,0.0,0.0,0.0,0.0,0.0
36070,Pormpuraaw,2.0,0.0,0.0,2.0,0.0,0.0,2.0,0.0,0.0,2.0,0.0,0.0,2.0,0.0,0.0,2.0,0.0,0.0,2.0,0.0,0.0,2.0,0.0,0.0,2.0,0.0,0.0,2.0,0.0,0.0,2.0,0.0,0.0,2.0,0.0,0.0,2.0,0.0,0.0,2.0,0.0,0.0,2.0,0.0,0.0
36150,Quilpie,0.0,0.0,0.0,0.0,0.0,0.0,0.0,0.0,0.0,0.0,0.0,0.0,0.0,0.0,0.0,0.0,0.0,0.0,0.0,0.0,0.0,0.0,0.0,0.0,0.0,0.0,0.0,0.0,0.0,0.0,0.0,0.0,0.0,0.0,0.0,0.0,0.0,0.0,0.0,0.0,0.0,0.0,0.0,0.0,0.0
36250,Redland,681.0,105.0,3.0,681.0,105.0,3.0,681.0,105.0,3.0,681.0,105.0,3.0,681.0,105.0,3.0,489.0,76.0,2.0,489.0,76.0,2.0,489.0,76.0,2.0,489.0,76.0,2.0,489.0,76.0,2.0,372.0,57.0,2.0,372.0,57.0,2.0,372.0,57.0,2.0,372.0,57.0,2.0,372.0,57.0,2.0
36300,Richmond,1.0,1.0,0.0,1.0,1.0,0.0,1.0,1.0,0.0,1.0,1.0,0.0,1.0,1.0,0.0,1.0,1.0,0.0,1.0,1.0,0.0,1.0,1.0,0.0,1.0,1.0,0.0,1.0,1.0,0.0,0.0,0.0,0.0,0.0,0.0,0.0,0.0,0.0,0.0,0.0,0.0,0.0,0.0,0.0,0.0
36370,Rockhampton,149.0,22.0,2.0,149.0,22.0,2.0,149.0,22.0,2.0,149.0,22.0,2.0,149.0,22.0,2.0,167.0,25.0,2.0,167.0,25.0,2.0,167.0,25.0,2.0,167.0,25.0,2.0,167.0,25.0,2.0,158.0,23.0,2.0,158.0,23.0,2.0,158.0,23.0,2.0,158.0,23.0,2.0,158.0,23.0,2.0
36510,Scenic Rim,244.0,22.0,0.0,244.0,22.0,0.0,244.0,22.0,0.0,244.0,22.0,0.0,244.0,22.0,0.0,224.0,21.0,0.0,224.0,21.0,0.0,224.0,21.0,0.0,224.0,21.0,0.0,224.0,21.0,0.0,153.0,14.0,0.0,153.0,14.0,0.0,153.0,14.0,0.0,153.0,14.0,0.0,153.0,14.0,0.0
36580,Somerset,105.0,1.0,0.0,105.0,1.0,0.0,105.0,1.0,0.0,105.0,1.0,0.0,105.0,1.0,0.0,130.0,1.0,0.0,130.0,1.0,0.0,130.0,1.0,0.0,130.0,1.0,0.0,130.0,1.0,0.0,131.0,1.0,0.0,131.0,1.0,0.0,131.0,1.0,0.0,131.0,1.0,0.0,131.0,1.0,0.0
36630,South Burnett,91.0,4.0,0.0,91.0,4.0,0.0,91.0,4.0,0.0,91.0,4.0,0.0,91.0,4.0,0.0,103.0,4.0,0.0,103.0,4.0,0.0,103.0,4.0,0.0,103.0,4.0,0.0,103.0,4.0,0.0,104.0,4.0,0.0,104.0,4.0,0.0,104.0,4.0,0.0,104.0,4.0,0.0,104.0,4.0,0.0
36660,Southern Downs,53.0,9.0,0.0,53.0,9.0,0.0,53.0,9.0,0.0,53.0,9.0,0.0,53.0,9.0,0.0,69.0,11.0,0.0,69.0,11.0,0.0,69.0,11.0,0.0,69.0,11.0,0.0,69.0,11.0,0.0,54.0,9.0,0.0,54.0,9.0,0.0,54.0,9.0,0.0,54.0,9.0,0.0,54.0,9.0,0.0
36720,Sunshine Coast,2183.0,365.0,17.0,2183.0,365.0,17.0,2183.0,365.0,17.0,2183.0,365.0,17.0,2183.0,365.0,17.0,1994.0,333.0,16.0,1994.0,333.0,16.0,1994.0,333.0,16.0,1994.0,333.0,16.0,1994.0,333.0,16.0,1974.0,330.0,15.0,1974.0,330.0,15.0,1974.0,330.0,15.0,1974.0,330.0,15.0,1974.0,330.0,15.0
36820,Tablelands,111.0,2.0,0.0,111.0,2.0,0.0,111.0,2.0,0.0,111.0,2.0,0.0,111.0,2.0,0.0,100.0,2.0,0.0,100.0,2.0,0.0,100.0,2.0,0.0,100.0,2.0,0.0,100.0,2.0,0.0,92.0,2.0,0.0,92.0,2.0,0.0,92.0,2.0,0.0,92.0,2.0,0.0,92.0,2.0,0.0
36910,Toowoomba,511.0,43.0,1.0,511.0,43.0,1.0,511.0,43.0,1.0,511.0,43.0,1.0,511.0,43.0,1.0,562.0,46.0,1.0,562.0,46.0,1.0,562.0,46.0,1.0,562.0,46.0,1.0,562.0,46.0,1.0,507.0,42.0,1.0,507.0,42.0,1.0,507.0,42.0,1.0,507.0,42.0,1.0,507.0,42.0,1.0
36950,Torres,0.0,7.0,0.0,0.0,7.0,0.0,0.0,7.0,0.0,0.0,7.0,0.0,0.0,7.0,0.0,0.0,5.0,0.0,0.0,5.0,0.0,0.0,5.0,0.0,0.0,5.0,0.0,0.0,5.0,0.0,0.0,4.0,0.0,0.0,4.0,0.0,0.0,4.0,0.0,0.0,4.0,0.0,0.0,4.0,0.0
36960,Torres Strait Island,5.0,0.0,0.0,5.0,0.0,0.0,5.0,0.0,0.0,5.0,0.0,0.0,5.0,0.0,0.0,0.0,0.0,0.0,0.0,0.0,0.0,0.0,0.0,0.0,0.0,0.0,0.0,0.0,0.0,0.0,0.0,0.0,0.0,0.0,0.0,0.0,0.0,0.0,0.0,0.0,0.0,0.0,0.0,0.0,0.0
37010,Townsville,664.0,68.0,1.0,664.0,68.0,1.0,664.0,68.0,1.0,664.0,68.0,1.0,664.0,68.0,1.0,815.0,84.0,1.0,815.0,84.0,1.0,815.0,84.0,1.0,815.0,84.0,1.0,815.0,84.0,1.0,804.0,82.0,1.0,804.0,82.0,1.0,804.0,82.0,1.0,804.0,82.0,1.0,804.0,82.0,1.0
37300,Weipa,3.0,0.0,0.0,3.0,0.0,0.0,3.0,0.0,0.0,3.0,0.0,0.0,3.0,0.0,0.0,1.0,0.0,0.0,1.0,0.0,0.0,1.0,0.0,0.0,1.0,0.0,0.0,1.0,0.0,0.0,2.0,0.0,0.0,2.0,0.0,0.0,2.0,0.0,0.0,2.0,0.0,0.0,2.0,0.0,0.0
37310,Western Downs,75.0,2.0,0.0,75.0,2.0,0.0,75.0,2.0,0.0,75.0,2.0,0.0,75.0,2.0,0.0,77.0,2.0,0.0,77.0,2.0,0.0,77.0,2.0,0.0,77.0,2.0,0.0,77.0,2.0,0.0,44.0,1.0,0.0,44.0,1.0,0.0,44.0,1.0,0.0,44.0,1.0,0.0,44.0,1.0,0.0
37340,Whitsunday,128.0,32.0,1.0,128.0,32.0,1.0,128.0,32.0,1.0,128.0,32.0,1.0,128.0,32.0,1.0,127.0,31.0,1.0,127.0,31.0,1.0,127.0,31.0,1.0,127.0,31.0,1.0,127.0,31.0,1.0,126.0,31.0,1.0,126.0,31.0,1.0,126.0,31.0,1.0,126.0,31.0,1.0,126.0,31.0,1.0
37400,Winton,2.0,0.0,0.0,2.0,0.0,0.0,2.0,0.0,0.0,2.0,0.0,0.0,2.0,0.0,0.0,0.0,0.0,0.0,0.0,0.0,0.0,0.0,0.0,0.0,0.0,0.0,0.0,0.0,0.0,0.0,0.0,0.0,0.0,0.0,0.0,0.0,0.0,0.0,0.0,0.0,0.0,0.0,0.0,0.0,0.0
37550,Woorabinda,3.0,0.0,0.0,3.0,0.0,0.0,3.0,0.0,0.0,3.0,0.0,0.0,3.0,0.0,0.0,2.0,0.0,0.0,2.0,0.0,0.0,2.0,0.0,0.0,2.0,0.0,0.0,2.0,0.0,0.0,2.0,0.0,0.0,2.0,0.0,0.0,2.0,0.0,0.0,2.0,0.0,0.0,2.0,0.0,0.0
37570,Wujal Wujal,2.0,0.0,0.0,2.0,0.0,0.0,2.0,0.0,0.0,2.0,0.0,0.0,2.0,0.0,0.0,1.0,0.0,0.0,1.0,0.0,0.0,1.0,0.0,0.0,1.0,0.0,0.0,1.0,0.0,0.0,0.0,0.0,0.0,0.0,0.0,0.0,0.0,0.0,0.0,0.0,0.0,0.0,0.0,0.0,0.0
37600,Yarrabah,8.0,0.0,0.0,8.0,0.0,0.0,8.0,0.0,0.0,8.0,0.0,0.0,8.0,0.0,0.0,8.0,0.0,0.0,8.0,0.0,0.0,8.0,0.0,0.0,8.0,0.0,0.0,8.0,0.0,0.0,9.0,0.0,0.0,9.0,0.0,0.0,9.0,0.0,0.0,9.0,0.0,0.0,9.0,0.0,0.0
10050,Albury (C),308.0,27.0,1.0,308.0,27.0,1.0,308.0,27.0,1.0,308.0,27.0,1.0,308.0,27.0,1.0,382.0,34.0,1.0,382.0,34.0,1.0,382.0,34.0,1.0,382.0,34.0,1.0,382.0,34.0,1.0,400.0,35.0,1.0,400.0,35.0,1.0,400.0,35.0,1.0,400.0,35.0,1.0,400.0,35.0,1.0
10180,Armidale Regional (A),0.0,0.0,0.0,0.0,0.0,0.0,0.0,0.0,0.0,0.0,0.0,0.0,0.0,0.0,0.0,32.0,6.0,0.0,32.0,6.0,0.0,32.0,6.0,0.0,32.0,6.0,0.0,32.0,6.0,0.0,44.0,8.0,0.0,44.0,8.0,0.0,44.0,8.0,0.0,44.0,8.0,0.0,44.0,8.0,0.0
10250,Ballina (A),156.0,60.0,0.0,156.0,60.0,0.0,156.0,60.0,0.0,156.0,60.0,0.0,156.0,60.0,0.0,160.0,62.0,0.0,160.0,62.0,0.0,160.0,62.0,0.0,160.0,62.0,0.0,160.0,62.0,0.0,142.0,55.0,0.0,142.0,55.0,0.0,142.0,55.0,0.0,142.0,55.0,0.0,142.0,55.0,0.0
10300,Balranald (A),0.0,0.0,0.0,0.0,0.0,0.0,0.0,0.0,0.0,0.0,0.0,0.0,0.0,0.0,0.0,0.0,0.0,0.0,0.0,0.0,0.0,0.0,0.0,0.0,0.0,0.0,0.0,0.0,0.0,0.0,0.0,0.0,0.0,0.0,0.0,0.0,0.0,0.0,0.0,0.0,0.0,0.0,0.0,0.0,0.0
10470,Bathurst Regional (A),157.0,44.0,0.0,157.0,44.0,0.0,157.0,44.0,0.0,157.0,44.0,0.0,157.0,44.0,0.0,182.0,50.0,0.0,182.0,50.0,0.0,182.0,50.0,0.0,182.0,50.0,0.0,182.0,50.0,0.0,190.0,52.0,0.0,190.0,52.0,0.0,190.0,52.0,0.0,190.0,52.0,0.0,190.0,52.0,0.0
10500,Bayside (A),13.0,15.0,2.0,13.0,15.0,2.0,13.0,15.0,2.0,13.0,15.0,2.0,13.0,15.0,2.0,154.0,182.0,19.0,154.0,182.0,19.0,154.0,182.0,19.0,154.0,182.0,19.0,154.0,182.0,19.0,94.0,111.0,12.0,94.0,111.0,12.0,94.0,111.0,12.0,94.0,111.0,12.0,94.0,111.0,12.0
10550,Bega Valley (A),76.0,38.0,0.0,76.0,38.0,0.0,76.0,38.0,0.0,76.0,38.0,0.0,76.0,38.0,0.0,66.0,32.0,0.0,66.0,32.0,0.0,66.0,32.0,0.0,66.0,32.0,0.0,66.0,32.0,0.0,48.0,24.0,0.0,48.0,24.0,0.0,48.0,24.0,0.0,48.0,24.0,0.0,48.0,24.0,0.0
10600,Bellingen (A),21.0,0.0,0.0,21.0,0.0,0.0,21.0,0.0,0.0,21.0,0.0,0.0,21.0,0.0,0.0,20.0,0.0,0.0,20.0,0.0,0.0,20.0,0.0,0.0,20.0,0.0,0.0,20.0,0.0,0.0,16.0,0.0,0.0,16.0,0.0,0.0,16.0,0.0,0.0,16.0,0.0,0.0,16.0,0.0,0.0
10650,Berrigan (A),22.0,1.0,0.0,22.0,1.0,0.0,22.0,1.0,0.0,22.0,1.0,0.0,22.0,1.0,0.0,34.0,1.0,0.0,34.0,1.0,0.0,34.0,1.0,0.0,34.0,1.0,0.0,34.0,1.0,0.0,32.0,1.0,0.0,32.0,1.0,0.0,32.0,1.0,0.0,32.0,1.0,0.0,32.0,1.0,0.0
10750,Blacktown (C),667.0,198.0,21.0,667.0,198.0,21.0,667.0,198.0,21.0,667.0,198.0,21.0,667.0,198.0,21.0,953.0,283.0,30.0,953.0,283.0,30.0,953.0,283.0,30.0,953.0,283.0,30.0,953.0,283.0,30.0,1016.0,301.0,32.0,1016.0,301.0,32.0,1016.0,301.0,32.0,1016.0,301.0,32.0,1016.0,301.0,32.0
10800,Bland (A),10.0,4.0,0.0,10.0,4.0,0.0,10.0,4.0,0.0,10.0,4.0,0.0,10.0,4.0,0.0,8.0,3.0,0.0,8.0,3.0,0.0,8.0,3.0,0.0,8.0,3.0,0.0,8.0,3.0,0.0,4.0,2.0,0.0,4.0,2.0,0.0,4.0,2.0,0.0,4.0,2.0,0.0,4.0,2.0,0.0
10850,Blayney (A),7.0,0.0,0.0,7.0,0.0,0.0,7.0,0.0,0.0,7.0,0.0,0.0,7.0,0.0,0.0,11.0,0.0,0.0,11.0,0.0,0.0,11.0,0.0,0.0,11.0,0.0,0.0,11.0,0.0,0.0,12.0,0.0,0.0,12.0,0.0,0.0,12.0,0.0,0.0,12.0,0.0,0.0,12.0,0.0,0.0
10900,Blue Mountains (C),173.0,44.0,0.0,173.0,44.0,0.0,173.0,44.0,0.0,173.0,44.0,0.0,173.0,44.0,0.0,172.0,44.0,0.0,172.0,44.0,0.0,172.0,44.0,0.0,172.0,44.0,0.0,172.0,44.0,0.0,170.0,44.0,0.0,170.0,44.0,0.0,170.0,44.0,0.0,170.0,44.0,0.0,170.0,44.0,0.0
10950,Bogan (A),0.0,0.0,0.0,0.0,0.0,0.0,0.0,0.0,0.0,0.0,0.0,0.0,0.0,0.0,0.0,0.0,0.0,0.0,0.0,0.0,0.0,0.0,0.0,0.0,0.0,0.0,0.0,0.0,0.0,0.0,0.0,0.0,0.0,0.0,0.0,0.0,0.0,0.0,0.0,0.0,0.0,0.0,0.0,0.0,0.0
11150,Bourke (A),0.0,0.0,0.0,0.0,0.0,0.0,0.0,0.0,0.0,0.0,0.0,0.0,0.0,0.0,0.0,0.0,0.0,0.0,0.0,0.0,0.0,0.0,0.0,0.0,0.0,0.0,0.0,0.0,0.0,0.0,0.0,0.0,0.0,0.0,0.0,0.0,0.0,0.0,0.0,0.0,0.0,0.0,0.0,0.0,0.0
11200,Brewarrina (A),0.0,0.0,0.0,0.0,0.0,0.0,0.0,0.0,0.0,0.0,0.0,0.0,0.0,0.0,0.0,0.0,0.0,0.0,0.0,0.0,0.0,0.0,0.0,0.0,0.0,0.0,0.0,0.0,0.0,0.0,0.0,0.0,0.0,0.0,0.0,0.0,0.0,0.0,0.0,0.0,0.0,0.0,0.0,0.0,0.0
11250,Broken Hill (C),0.0,0.0,0.0,0.0,0.0,0.0,0.0,0.0,0.0,0.0,0.0,0.0,0.0,0.0,0.0,0.0,0.0,0.0,0.0,0.0,0.0,0.0,0.0,0.0,0.0,0.0,0.0,0.0,0.0,0.0,0.0,0.0,0.0,0.0,0.0,0.0,0.0,0.0,0.0,0.0,0.0,0.0,0.0,0.0,0.0
11300,Burwood (A),72.0,76.0,6.0,72.0,76.0,6.0,72.0,76.0,6.0,72.0,76.0,6.0,72.0,76.0,6.0,78.0,82.0,7.0,78.0,82.0,7.0,78.0,82.0,7.0,78.0,82.0,7.0,78.0,82.0,7.0,78.0,82.0,7.0,78.0,82.0,7.0,78.0,82.0,7.0,78.0,82.0,7.0,78.0,82.0,7.0
11350,Byron (A),106.0,34.0,0.0,106.0,34.0,0.0,106.0,34.0,0.0,106.0,34.0,0.0,106.0,34.0,0.0,136.0,44.0,0.0,136.0,44.0,0.0,136.0,44.0,0.0,136.0,44.0,0.0,136.0,44.0,0.0,136.0,45.0,0.0,136.0,45.0,0.0,136.0,45.0,0.0,136.0,45.0,0.0,136.0,45.0,0.0
11400,Cabonne (A),34.0,4.0,0.0,34.0,4.0,0.0,34.0,4.0,0.0,34.0,4.0,0.0,34.0,4.0,0.0,38.0,4.0,0.0,38.0,4.0,0.0,38.0,4.0,0.0,38.0,4.0,0.0,38.0,4.0,0.0,37.0,4.0,0.0,37.0,4.0,0.0,37.0,4.0,0.0,37.0,4.0,0.0,37.0,4.0,0.0
11450,Camden (A),822.0,172.0,2.0,822.0,172.0,2.0,822.0,172.0,2.0,822.0,172.0,2.0,822.0,172.0,2.0,1057.0,221.0,2.0,1057.0,221.0,2.0,1057.0,221.0,2.0,1057.0,221.0,2.0,1057.0,221.0,2.0,1175.0,246.0,3.0,1175.0,246.0,3.0,1175.0,246.0,3.0,1175.0,246.0,3.0,1175.0,246.0,3.0
11500,Campbelltown (C) (NSW),440.0,152.0,1.0,440.0,152.0,1.0,440.0,152.0,1.0,440.0,152.0,1.0,440.0,152.0,1.0,655.0,225.0,1.0,655.0,225.0,1.0,655.0,225.0,1.0,655.0,225.0,1.0,655.0,225.0,1.0,756.0,260.0,2.0,756.0,260.0,2.0,756.0,260.0,2.0,756.0,260.0,2.0,756.0,260.0,2.0
11520,Canada Bay (A),64.0,88.0,6.0,64.0,88.0,6.0,64.0,88.0,6.0,64.0,88.0,6.0,64.0,88.0,6.0,59.0,81.0,5.0,59.0,81.0,5.0,59.0,81.0,5.0,59.0,81.0,5.0,59.0,81.0,5.0,58.0,81.0,5.0,58.0,81.0,5.0,58.0,81.0,5.0,58.0,81.0,5.0,58.0,81.0,5.0
11570,Canterbury-Bankstown (A),338.0,572.0,4.0,338.0,572.0,4.0,338.0,572.0,4.0,338.0,572.0,4.0,338.0,572.0,4.0,455.0,772.0,6.0,455.0,772.0,6.0,455.0,772.0,6.0,455.0,772.0,6.0,455.0,772.0,6.0,460.0,778.0,6.0,460.0,778.0,6.0,460.0,778.0,6.0,460.0,778.0,6.0,460.0,778.0,6.0
11600,Carrathool (A),0.0,0.0,0.0,0.0,0.0,0.0,0.0,0.0,0.0,0.0,0.0,0.0,0.0,0.0,0.0,0.0,0.0,0.0,0.0,0.0,0.0,0.0,0.0,0.0,0.0,0.0,0.0,0.0,0.0,0.0,0.0,0.0,0.0,0.0,0.0,0.0,0.0,0.0,0.0,0.0,0.0,0.0,0.0,0.0,0.0
11650,Central Coast (C) (NSW),517.0,190.0,13.0,517.0,190.0,13.0,517.0,190.0,13.0,517.0,190.0,13.0,517.0,190.0,13.0,632.0,232.0,16.0,632.0,232.0,16.0,632.0,232.0,16.0,632.0,232.0,16.0,632.0,232.0,16.0,646.0,238.0,17.0,646.0,238.0,17.0,646.0,238.0,17.0,646.0,238.0,17.0,646.0,238.0,17.0
11700,Central Darling (A),0.0,0.0,0.0,0.0,0.0,0.0,0.0,0.0,0.0,0.0,0.0,0.0,0.0,0.0,0.0,0.0,0.0,0.0,0.0,0.0,0.0,0.0,0.0,0.0,0.0,0.0,0.0,0.0,0.0,0.0,0.0,0.0,0.0,0.0,0.0,0.0,0.0,0.0,0.0,0.0,0.0,0.0,0.0,0.0,0.0
11720,Cessnock (C),314.0,121.0,0.0,314.0,121.0,0.0,314.0,121.0,0.0,314.0,121.0,0.0,314.0,121.0,0.0,343.0,132.0,0.0,343.0,132.0,0.0,343.0,132.0,0.0,343.0,132.0,0.0,343.0,132.0,0.0,351.0,136.0,0.0,351.0,136.0,0.0,351.0,136.0,0.0,351.0,136.0,0.0,351.0,136.0,0.0
11730,Clarence Valley (A),82.0,19.0,0.0,82.0,19.0,0.0,82.0,19.0,0.0,82.0,19.0,0.0,82.0,19.0,0.0,88.0,20.0,0.0,88.0,20.0,0.0,88.0,20.0,0.0,88.0,20.0,0.0,88.0,20.0,0.0,71.0,16.0,0.0,71.0,16.0,0.0,71.0,16.0,0.0,71.0,16.0,0.0,71.0,16.0,0.0
11750,Cobar (A),0.0,0.0,0.0,0.0,0.0,0.0,0.0,0.0,0.0,0.0,0.0,0.0,0.0,0.0,0.0,0.0,0.0,0.0,0.0,0.0,0.0,0.0,0.0,0.0,0.0,0.0,0.0,0.0,0.0,0.0,0.0,0.0,0.0,0.0,0.0,0.0,0.0,0.0,0.0,0.0,0.0,0.0,0.0,0.0,0.0
11800,Coffs Harbour (C),121.0,56.0,2.0,121.0,56.0,2.0,121.0,56.0,2.0,121.0,56.0,2.0,121.0,56.0,2.0,148.0,69.0,3.0,148.0,69.0,3.0,148.0,69.0,3.0,148.0,69.0,3.0,148.0,69.0,3.0,134.0,62.0,2.0,134.0,62.0,2.0,134.0,62.0,2.0,134.0,62.0,2.0,134.0,62.0,2.0
12000,Coolamon (A),15.0,1.0,0.0,15.0,1.0,0.0,15.0,1.0,0.0,15.0,1.0,0.0,15.0,1.0,0.0,22.0,1.0,0.0,22.0,1.0,0.0,22.0,1.0,0.0,22.0,1.0,0.0,22.0,1.0,0.0,24.0,1.0,0.0,24.0,1.0,0.0,24.0,1.0,0.0,24.0,1.0,0.0,24.0,1.0,0.0
12150,Coonamble (A),0.0,0.0,0.0,0.0,0.0,0.0,0.0,0.0,0.0,0.0,0.0,0.0,0.0,0.0,0.0,0.0,0.0,0.0,0.0,0.0,0.0,0.0,0.0,0.0,0.0,0.0,0.0,0.0,0.0,0.0,0.0,0.0,0.0,0.0,0.0,0.0,0.0,0.0,0.0,0.0,0.0,0.0,0.0,0.0,0.0
12160,Cootamundra-Gundagai Regional (A),8.0,1.0,0.0,8.0,1.0,0.0,8.0,1.0,0.0,8.0,1.0,0.0,8.0,1.0,0.0,10.0,1.0,0.0,10.0,1.0,0.0,10.0,1.0,0.0,10.0,1.0,0.0,10.0,1.0,0.0,8.0,1.0,0.0,8.0,1.0,0.0,8.0,1.0,0.0,8.0,1.0,0.0,8.0,1.0,0.0
12350,Cowra (A),44.0,8.0,0.0,44.0,8.0,0.0,44.0,8.0,0.0,44.0,8.0,0.0,44.0,8.0,0.0,39.0,7.0,0.0,39.0,7.0,0.0,39.0,7.0,0.0,39.0,7.0,0.0,39.0,7.0,0.0,31.0,5.0,0.0,31.0,5.0,0.0,31.0,5.0,0.0,31.0,5.0,0.0,31.0,5.0,0.0
12380,Cumberland (A),204.0,244.0,16.0,204.0,244.0,16.0,204.0,244.0,16.0,204.0,244.0,16.0,204.0,244.0,16.0,282.0,338.0,22.0,282.0,338.0,22.0,282.0,338.0,22.0,282.0,338.0,22.0,282.0,338.0,22.0,237.0,284.0,19.0,237.0,284.0,19.0,237.0,284.0,19.0,237.0,284.0,19.0,237.0,284.0,19.0
12390,Dubbo Regional (A),144.0,28.0,0.0,144.0,28.0,0.0,144.0,28.0,0.0,144.0,28.0,0.0,144.0,28.0,0.0,171.0,34.0,0.0,171.0,34.0,0.0,171.0,34.0,0.0,171.0,34.0,0.0,171.0,34.0,0.0,172.0,34.0,0.0,172.0,34.0,0.0,172.0,34.0,0.0,172.0,34.0,0.0,172.0,34.0,0.0
12700,Dungog (A),86.0,0.0,0.0,86.0,0.0,0.0,86.0,0.0,0.0,86.0,0.0,0.0,86.0,0.0,0.0,91.0,0.0,0.0,91.0,0.0,0.0,91.0,0.0,0.0,91.0,0.0,0.0,91.0,0.0,0.0,92.0,0.0,0.0,92.0,0.0,0.0,92.0,0.0,0.0,92.0,0.0,0.0,92.0,0.0,0.0
12730,Edward River (A),15.0,2.0,0.0,15.0,2.0,0.0,15.0,2.0,0.0,15.0,2.0,0.0,15.0,2.0,0.0,15.0,2.0,0.0,15.0,2.0,0.0,15.0,2.0,0.0,15.0,2.0,0.0,15.0,2.0,0.0,10.0,2.0,0.0,10.0,2.0,0.0,10.0,2.0,0.0,10.0,2.0,0.0,10.0,2.0,0.0
12750,Eurobodalla (A),231.0,39.0,0.0,231.0,39.0,0.0,231.0,39.0,0.0,231.0,39.0,0.0,231.0,39.0,0.0,212.0,36.0,0.0,212.0,36.0,0.0,212.0,36.0,0.0,212.0,36.0,0.0,212.0,36.0,0.0,180.0,31.0,0.0,180.0,31.0,0.0,180.0,31.0,0.0,180.0,31.0,0.0,180.0,31.0,0.0
12850,Fairfield (C),228.0,146.0,5.0,228.0,146.0,5.0,228.0,146.0,5.0,228.0,146.0,5.0,228.0,146.0,5.0,288.0,184.0,6.0,288.0,184.0,6.0,288.0,184.0,6.0,288.0,184.0,6.0,288.0,184.0,6.0,331.0,212.0,7.0,331.0,212.0,7.0,331.0,212.0,7.0,331.0,212.0,7.0,331.0,212.0,7.0
12870,Federation (A),46.0,1.0,0.0,46.0,1.0,0.0,46.0,1.0,0.0,46.0,1.0,0.0,46.0,1.0,0.0,44.0,1.0,0.0,44.0,1.0,0.0,44.0,1.0,0.0,44.0,1.0,0.0,44.0,1.0,0.0,29.0,1.0,0.0,29.0,1.0,0.0,29.0,1.0,0.0,29.0,1.0,0.0,29.0,1.0,0.0
12900,Forbes (A),40.0,10.0,0.0,40.0,10.0,0.0,40.0,10.0,0.0,40.0,10.0,0.0,40.0,10.0,0.0,58.0,14.0,0.0,58.0,14.0,0.0,58.0,14.0,0.0,58.0,14.0,0.0,58.0,14.0,0.0,62.0,15.0,0.0,62.0,15.0,0.0,62.0,15.0,0.0,62.0,15.0,0.0,62.0,15.0,0.0
12930,Georges River (A),39.0,36.0,3.0,39.0,36.0,3.0,39.0,36.0,3.0,39.0,36.0,3.0,39.0,36.0,3.0,137.0,127.0,9.0,137.0,127.0,9.0,137.0,127.0,9.0,137.0,127.0,9.0,137.0,127.0,9.0,170.0,156.0,11.0,170.0,156.0,11.0,170.0,156.0,11.0,170.0,156.0,11.0,170.0,156.0,11.0
12950,Gilgandra (A),0.0,0.0,0.0,0.0,0.0,0.0,0.0,0.0,0.0,0.0,0.0,0.0,0.0,0.0,0.0,0.0,0.0,0.0,0.0,0.0,0.0,0.0,0.0,0.0,0.0,0.0,0.0,0.0,0.0,0.0,0.0,0.0,0.0,0.0,0.0,0.0,0.0,0.0,0.0,0.0,0.0,0.0,0.0,0.0,0.0
13010,Glen Innes Severn (A),20.0,3.0,0.0,20.0,3.0,0.0,20.0,3.0,0.0,20.0,3.0,0.0,20.0,3.0,0.0,16.0,2.0,0.0,16.0,2.0,0.0,16.0,2.0,0.0,16.0,2.0,0.0,16.0,2.0,0.0,10.0,2.0,0.0,10.0,2.0,0.0,10.0,2.0,0.0,10.0,2.0,0.0,10.0,2.0,0.0
13310,Goulburn Mulwaree (A),117.0,52.0,0.0,117.0,52.0,0.0,117.0,52.0,0.0,117.0,52.0,0.0,117.0,52.0,0.0,130.0,59.0,0.0,130.0,59.0,0.0,130.0,59.0,0.0,130.0,59.0,0.0,130.0,59.0,0.0,128.0,58.0,0.0,128.0,58.0,0.0,128.0,58.0,0.0,128.0,58.0,0.0,128.0,58.0,0.0
13340,Greater Hume Shire (A),42.0,2.0,0.0,42.0,2.0,0.0,42.0,2.0,0.0,42.0,2.0,0.0,42.0,2.0,0.0,50.0,2.0,0.0,50.0,2.0,0.0,50.0,2.0,0.0,50.0,2.0,0.0,50.0,2.0,0.0,48.0,2.0,0.0,48.0,2.0,0.0,48.0,2.0,0.0,48.0,2.0,0.0,48.0,2.0,0.0
13450,Griffith (C),48.0,17.0,0.0,48.0,17.0,0.0,48.0,17.0,0.0,48.0,17.0,0.0,48.0,17.0,0.0,79.0,28.0,0.0,79.0,28.0,0.0,79.0,28.0,0.0,79.0,28.0,0.0,79.0,28.0,0.0,82.0,30.0,0.0,82.0,30.0,0.0,82.0,30.0,0.0,82.0,30.0,0.0,82.0,30.0,0.0
13550,Gunnedah (A),11.0,4.0,0.0,11.0,4.0,0.0,11.0,4.0,0.0,11.0,4.0,0.0,11.0,4.0,0.0,18.0,8.0,0.0,18.0,8.0,0.0,18.0,8.0,0.0,18.0,8.0,0.0,18.0,8.0,0.0,19.0,8.0,0.0,19.0,8.0,0.0,19.0,8.0,0.0,19.0,8.0,0.0,19.0,8.0,0.0
13660,Gwydir (A),9.0,3.0,0.0,9.0,3.0,0.0,9.0,3.0,0.0,9.0,3.0,0.0,9.0,3.0,0.0,6.0,2.0,0.0,6.0,2.0,0.0,6.0,2.0,0.0,6.0,2.0,0.0,6.0,2.0,0.0,4.0,2.0,0.0,4.0,2.0,0.0,4.0,2.0,0.0,4.0,2.0,0.0,4.0,2.0,0.0
13800,Hawkesbury (C),106.0,15.0,0.0,106.0,15.0,0.0,106.0,15.0,0.0,106.0,15.0,0.0,106.0,15.0,0.0,152.0,22.0,0.0,152.0,22.0,0.0,152.0,22.0,0.0,152.0,22.0,0.0,152.0,22.0,0.0,214.0,30.0,0.0,214.0,30.0,0.0,214.0,30.0,0.0,214.0,30.0,0.0,214.0,30.0,0.0
13850,Hay (A),0.0,0.0,0.0,0.0,0.0,0.0,0.0,0.0,0.0,0.0,0.0,0.0,0.0,0.0,0.0,0.0,0.0,0.0,0.0,0.0,0.0,0.0,0.0,0.0,0.0,0.0,0.0,0.0,0.0,0.0,0.0,0.0,0.0,0.0,0.0,0.0,0.0,0.0,0.0,0.0,0.0,0.0,0.0,0.0,0.0
13910,Hilltops (A),40.0,3.0,0.0,40.0,3.0,0.0,40.0,3.0,0.0,40.0,3.0,0.0,40.0,3.0,0.0,32.0,2.0,0.0,32.0,2.0,0.0,32.0,2.0,0.0,32.0,2.0,0.0,32.0,2.0,0.0,19.0,2.0,0.0,19.0,2.0,0.0,19.0,2.0,0.0,19.0,2.0,0.0,19.0,2.0,0.0
14000,Hornsby (A),170.0,50.0,2.0,170.0,50.0,2.0,170.0,50.0,2.0,170.0,50.0,2.0,170.0,50.0,2.0,242.0,71.0,2.0,242.0,71.0,2.0,242.0,71.0,2.0,242.0,71.0,2.0,242.0,71.0,2.0,246.0,73.0,2.0,246.0,73.0,2.0,246.0,73.0,2.0,246.0,73.0,2.0,246.0,73.0,2.0
14100,Hunters Hill (A),7.0,2.0,0.0,7.0,2.0,0.0,7.0,2.0,0.0,7.0,2.0,0.0,7.0,2.0,0.0,10.0,4.0,0.0,10.0,4.0,0.0,10.0,4.0,0.0,10.0,4.0,0.0,10.0,4.0,0.0,14.0,5.0,0.0,14.0,5.0,0.0,14.0,5.0,0.0,14.0,5.0,0.0,14.0,5.0,0.0
14170,Inner West (A),16.0,16.0,3.0,16.0,16.0,3.0,16.0,16.0,3.0,16.0,16.0,3.0,16.0,16.0,3.0,54.0,57.0,11.0,54.0,57.0,11.0,54.0,57.0,11.0,54.0,57.0,11.0,54.0,57.0,11.0,66.0,70.0,14.0,66.0,70.0,14.0,66.0,70.0,14.0,66.0,70.0,14.0,66.0,70.0,14.0
14220,Inverell (A),7.0,3.0,0.0,7.0,3.0,0.0,7.0,3.0,0.0,7.0,3.0,0.0,7.0,3.0,0.0,8.0,4.0,0.0,8.0,4.0,0.0,8.0,4.0,0.0,8.0,4.0,0.0,8.0,4.0,0.0,5.0,3.0,0.0,5.0,3.0,0.0,5.0,3.0,0.0,5.0,3.0,0.0,5.0,3.0,0.0
14300,Junee (A),14.0,1.0,0.0,14.0,1.0,0.0,14.0,1.0,0.0,14.0,1.0,0.0,14.0,1.0,0.0,19.0,2.0,0.0,19.0,2.0,0.0,19.0,2.0,0.0,19.0,2.0,0.0,19.0,2.0,0.0,19.0,2.0,0.0,19.0,2.0,0.0,19.0,2.0,0.0,19.0,2.0,0.0,19.0,2.0,0.0
14350,Kempsey (A),51.0,5.0,0.0,51.0,5.0,0.0,51.0,5.0,0.0,51.0,5.0,0.0,51.0,5.0,0.0,55.0,6.0,0.0,55.0,6.0,0.0,55.0,6.0,0.0,55.0,6.0,0.0,55.0,6.0,0.0,44.0,4.0,0.0,44.0,4.0,0.0,44.0,4.0,0.0,44.0,4.0,0.0,44.0,4.0,0.0
14400,Kiama (A),81.0,37.0,0.0,81.0,37.0,0.0,81.0,37.0,0.0,81.0,37.0,0.0,81.0,37.0,0.0,100.0,46.0,0.0,100.0,46.0,0.0,100.0,46.0,0.0,100.0,46.0,0.0,100.0,46.0,0.0,106.0,49.0,0.0,106.0,49.0,0.0,106.0,49.0,0.0,106.0,49.0,0.0,106.0,49.0,0.0
14500,Ku-ring-gai (A),176.0,38.0,3.0,176.0,38.0,3.0,176.0,38.0,3.0,176.0,38.0,3.0,176.0,38.0,3.0,213.0,46.0,4.0,213.0,46.0,4.0,213.0,46.0,4.0,213.0,46.0,4.0,213.0,46.0,4.0,220.0,47.0,4.0,220.0,47.0,4.0,220.0,47.0,4.0,220.0,47.0,4.0,220.0,47.0,4.0
14550,Kyogle (A),0.0,0.0,0.0,0.0,0.0,0.0,0.0,0.0,0.0,0.0,0.0,0.0,0.0,0.0,0.0,0.0,0.0,0.0,0.0,0.0,0.0,0.0,0.0,0.0,0.0,0.0,0.0,0.0,0.0,0.0,0.0,0.0,0.0,0.0,0.0,0.0,0.0,0.0,0.0,0.0,0.0,0.0,0.0,0.0,0.0
14600,Lachlan (A),0.0,0.0,0.0,0.0,0.0,0.0,0.0,0.0,0.0,0.0,0.0,0.0,0.0,0.0,0.0,0.0,0.0,0.0,0.0,0.0,0.0,0.0,0.0,0.0,0.0,0.0,0.0,0.0,0.0,0.0,0.0,0.0,0.0,0.0,0.0,0.0,0.0,0.0,0.0,0.0,0.0,0.0,0.0,0.0,0.0
14650,Lake Macquarie (C),487.0,184.0,2.0,487.0,184.0,2.0,487.0,184.0,2.0,487.0,184.0,2.0,487.0,184.0,2.0,536.0,202.0,2.0,536.0,202.0,2.0,536.0,202.0,2.0,536.0,202.0,2.0,536.0,202.0,2.0,542.0,205.0,2.0,542.0,205.0,2.0,542.0,205.0,2.0,542.0,205.0,2.0,542.0,205.0,2.0
14700,Lane Cove (A),38.0,10.0,9.0,38.0,10.0,9.0,38.0,10.0,9.0,38.0,10.0,9.0,38.0,10.0,9.0,16.0,4.0,4.0,16.0,4.0,4.0,16.0,4.0,4.0,16.0,4.0,4.0,16.0,4.0,4.0,16.0,4.0,4.0,16.0,4.0,4.0,16.0,4.0,4.0,16.0,4.0,4.0,16.0,4.0,4.0
14750,Leeton (A),15.0,6.0,0.0,15.0,6.0,0.0,15.0,6.0,0.0,15.0,6.0,0.0,15.0,6.0,0.0,8.0,3.0,0.0,8.0,3.0,0.0,8.0,3.0,0.0,8.0,3.0,0.0,8.0,3.0,0.0,6.0,2.0,0.0,6.0,2.0,0.0,6.0,2.0,0.0,6.0,2.0,0.0,6.0,2.0,0.0
14850,Lismore (C),4.0,1.0,0.0,4.0,1.0,0.0,4.0,1.0,0.0,4.0,1.0,0.0,4.0,1.0,0.0,0.0,0.0,0.0,0.0,0.0,0.0,0.0,0.0,0.0,0.0,0.0,0.0,0.0,0.0,0.0,0.0,0.0,0.0,0.0,0.0,0.0,0.0,0.0,0.0,0.0,0.0,0.0,0.0,0.0,0.0
14870,Lithgow (C),28.0,8.0,0.0,28.0,8.0,0.0,28.0,8.0,0.0,28.0,8.0,0.0,28.0,8.0,0.0,20.0,6.0,0.0,20.0,6.0,0.0,20.0,6.0,0.0,20.0,6.0,0.0,20.0,6.0,0.0,11.0,4.0,0.0,11.0,4.0,0.0,11.0,4.0,0.0,11.0,4.0,0.0,11.0,4.0,0.0
14900,Liverpool (C),596.0,190.0,6.0,596.0,190.0,6.0,596.0,190.0,6.0,596.0,190.0,6.0,596.0,190.0,6.0,830.0,266.0,9.0,830.0,266.0,9.0,830.0,266.0,9.0,830.0,266.0,9.0,830.0,266.0,9.0,908.0,290.0,10.0,908.0,290.0,10.0,908.0,290.0,10.0,908.0,290.0,10.0,908.0,290.0,10.0
14920,Liverpool Plains (A),3.0,0.0,0.0,3.0,0.0,0.0,3.0,0.0,0.0,3.0,0.0,0.0,3.0,0.0,0.0,0.0,0.0,0.0,0.0,0.0,0.0,0.0,0.0,0.0,0.0,0.0,0.0,0.0,0.0,0.0,0.0,0.0,0.0,0.0,0.0,0.0,0.0,0.0,0.0,0.0,0.0,0.0,0.0,0.0,0.0
14950,Lockhart (A),13.0,0.0,0.0,13.0,0.0,0.0,13.0,0.0,0.0,13.0,0.0,0.0,13.0,0.0,0.0,18.0,0.0,0.0,18.0,0.0,0.0,18.0,0.0,0.0,18.0,0.0,0.0,18.0,0.0,0.0,21.0,0.0,0.0,21.0,0.0,0.0,21.0,0.0,0.0,21.0,0.0,0.0,21.0,0.0,0.0
15050,Maitland (C),653.0,191.0,0.0,653.0,191.0,0.0,653.0,191.0,0.0,653.0,191.0,0.0,653.0,191.0,0.0,730.0,214.0,0.0,730.0,214.0,0.0,730.0,214.0,0.0,730.0,214.0,0.0,730.0,214.0,0.0,759.0,222.0,0.0,759.0,222.0,0.0,759.0,222.0,0.0,759.0,222.0,0.0,759.0,222.0,0.0
15240,Mid-Coast (A),349.0,65.0,2.0,349.0,65.0,2.0,349.0,65.0,2.0,349.0,65.0,2.0,349.0,65.0,2.0,349.0,65.0,2.0,349.0,65.0,2.0,349.0,65.0,2.0,349.0,65.0,2.0,349.0,65.0,2.0,305.0,57.0,1.0,305.0,57.0,1.0,305.0,57.0,1.0,305.0,57.0,1.0,305.0,57.0,1.0
15270,Mid-Western Regional (A),70.0,22.0,0.0,70.0,22.0,0.0,70.0,22.0,0.0,70.0,22.0,0.0,70.0,22.0,0.0,76.0,24.0,0.0,76.0,24.0,0.0,76.0,24.0,0.0,76.0,24.0,0.0,76.0,24.0,0.0,77.0,24.0,0.0,77.0,24.0,0.0,77.0,24.0,0.0,77.0,24.0,0.0,77.0,24.0,0.0
15300,Moree Plains (A),58.0,26.0,0.0,58.0,26.0,0.0,58.0,26.0,0.0,58.0,26.0,0.0,58.0,26.0,0.0,59.0,27.0,0.0,59.0,27.0,0.0,59.0,27.0,0.0,59.0,27.0,0.0,59.0,27.0,0.0,58.0,26.0,0.0,58.0,26.0,0.0,58.0,26.0,0.0,58.0,26.0,0.0,58.0,26.0,0.0
15350,Mosman (A),38.0,26.0,1.0,38.0,26.0,1.0,38.0,26.0,1.0,38.0,26.0,1.0,38.0,26.0,1.0,34.0,22.0,1.0,34.0,22.0,1.0,34.0,22.0,1.0,34.0,22.0,1.0,34.0,22.0,1.0,28.0,20.0,0.0,28.0,20.0,0.0,28.0,20.0,0.0,28.0,20.0,0.0,28.0,20.0,0.0
15520,Murray River (A),65.0,1.0,0.0,65.0,1.0,0.0,65.0,1.0,0.0,65.0,1.0,0.0,65.0,1.0,0.0,76.0,1.0,0.0,76.0,1.0,0.0,76.0,1.0,0.0,76.0,1.0,0.0,76.0,1.0,0.0,72.0,1.0,0.0,72.0,1.0,0.0,72.0,1.0,0.0,72.0,1.0,0.0,72.0,1.0,0.0
15560,Murrumbidgee (A),8.0,0.0,0.0,8.0,0.0,0.0,8.0,0.0,0.0,8.0,0.0,0.0,8.0,0.0,0.0,11.0,0.0,0.0,11.0,0.0,0.0,11.0,0.0,0.0,11.0,0.0,0.0,11.0,0.0,0.0,9.0,0.0,0.0,9.0,0.0,0.0,9.0,0.0,0.0,9.0,0.0,0.0,9.0,0.0,0.0
15650,Muswellbrook (A),50.0,8.0,0.0,50.0,8.0,0.0,50.0,8.0,0.0,50.0,8.0,0.0,50.0,8.0,0.0,50.0,8.0,0.0,50.0,8.0,0.0,50.0,8.0,0.0,50.0,8.0,0.0,50.0,8.0,0.0,35.0,6.0,0.0,35.0,6.0,0.0,35.0,6.0,0.0,35.0,6.0,0.0,35.0,6.0,0.0
15700,Nambucca Valley (A),34.0,8.0,0.0,34.0,8.0,0.0,34.0,8.0,0.0,34.0,8.0,0.0,34.0,8.0,0.0,33.0,8.0,0.0,33.0,8.0,0.0,33.0,8.0,0.0,33.0,8.0,0.0,33.0,8.0,0.0,25.0,5.0,0.0,25.0,5.0,0.0,25.0,5.0,0.0,25.0,5.0,0.0,25.0,5.0,0.0
15750,Narrabri (A),0.0,0.0,0.0,0.0,0.0,0.0,0.0,0.0,0.0,0.0,0.0,0.0,0.0,0.0,0.0,0.0,0.0,0.0,0.0,0.0,0.0,0.0,0.0,0.0,0.0,0.0,0.0,0.0,0.0,0.0,0.0,0.0,0.0,0.0,0.0,0.0,0.0,0.0,0.0,0.0,0.0,0.0,0.0,0.0,0.0
15800,Narrandera (A),0.0,0.0,0.0,0.0,0.0,0.0,0.0,0.0,0.0,0.0,0.0,0.0,0.0,0.0,0.0,0.0,0.0,0.0,0.0,0.0,0.0,0.0,0.0,0.0,0.0,0.0,0.0,0.0,0.0,0.0,0.0,0.0,0.0,0.0,0.0,0.0,0.0,0.0,0.0,0.0,0.0,0.0,0.0,0.0,0.0
15850,Narromine (A),0.0,0.0,0.0,0.0,0.0,0.0,0.0,0.0,0.0,0.0,0.0,0.0,0.0,0.0,0.0,0.0,0.0,0.0,0.0,0.0,0.0,0.0,0.0,0.0,0.0,0.0,0.0,0.0,0.0,0.0,0.0,0.0,0.0,0.0,0.0,0.0,0.0,0.0,0.0,0.0,0.0,0.0,0.0,0.0,0.0
15900,Newcastle (C),149.0,214.0,4.0,149.0,214.0,4.0,149.0,214.0,4.0,149.0,214.0,4.0,149.0,214.0,4.0,232.0,334.0,5.0,232.0,334.0,5.0,232.0,334.0,5.0,232.0,334.0,5.0,232.0,334.0,5.0,252.0,362.0,6.0,252.0,362.0,6.0,252.0,362.0,6.0,252.0,362.0,6.0,252.0,362.0,6.0
15950,North Sydney (A),11.0,16.0,7.0,11.0,16.0,7.0,11.0,16.0,7.0,11.0,16.0,7.0,11.0,16.0,7.0,17.0,26.0,10.0,17.0,26.0,10.0,17.0,26.0,10.0,17.0,26.0,10.0,17.0,26.0,10.0,19.0,28.0,11.0,19.0,28.0,11.0,19.0,28.0,11.0,19.0,28.0,11.0,19.0,28.0,11.0
15990,Northern Beaches (A),334.0,117.0,6.0,334.0,117.0,6.0,334.0,117.0,6.0,334.0,117.0,6.0,334.0,117.0,6.0,369.0,129.0,7.0,369.0,129.0,7.0,369.0,129.0,7.0,369.0,129.0,7.0,369.0,129.0,7.0,370.0,129.0,7.0,370.0,129.0,7.0,370.0,129.0,7.0,370.0,129.0,7.0,370.0,129.0,7.0
16100,Oberon (A),5.0,1.0,0.0,5.0,1.0,0.0,5.0,1.0,0.0,5.0,1.0,0.0,5.0,1.0,0.0,3.0,1.0,0.0,3.0,1.0,0.0,3.0,1.0,0.0,3.0,1.0,0.0,3.0,1.0,0.0,2.0,0.0,0.0,2.0,0.0,0.0,2.0,0.0,0.0,2.0,0.0,0.0,2.0,0.0,0.0
16150,Orange (C),190.0,20.0,0.0,190.0,20.0,0.0,190.0,20.0,0.0,190.0,20.0,0.0,190.0,20.0,0.0,190.0,20.0,0.0,190.0,20.0,0.0,190.0,20.0,0.0,190.0,20.0,0.0,190.0,20.0,0.0,174.0,19.0,0.0,174.0,19.0,0.0,174.0,19.0,0.0,174.0,19.0,0.0,174.0,19.0,0.0
16200,Parkes (A),4.0,2.0,0.0,4.0,2.0,0.0,4.0,2.0,0.0,4.0,2.0,0.0,4.0,2.0,0.0,26.0,12.0,0.0,26.0,12.0,0.0,26.0,12.0,0.0,26.0,12.0,0.0,26.0,12.0,0.0,26.0,12.0,0.0,26.0,12.0,0.0,26.0,12.0,0.0,26.0,12.0,0.0,26.0,12.0,0.0
16260,Parramatta (C),160.0,214.0,29.0,160.0,214.0,29.0,160.0,214.0,29.0,160.0,214.0,29.0,160.0,214.0,29.0,250.0,334.0,45.0,250.0,334.0,45.0,250.0,334.0,45.0,250.0,334.0,45.0,250.0,334.0,45.0,348.0,466.0,62.0,348.0,466.0,62.0,348.0,466.0,62.0,348.0,466.0,62.0,348.0,466.0,62.0
16350,Penrith (C),298.0,121.0,9.0,298.0,121.0,9.0,298.0,121.0,9.0,298.0,121.0,9.0,298.0,121.0,9.0,450.0,182.0,14.0,450.0,182.0,14.0,450.0,182.0,14.0,450.0,182.0,14.0,450.0,182.0,14.0,541.0,218.0,17.0,541.0,218.0,17.0,541.0,218.0,17.0,541.0,218.0,17.0,541.0,218.0,17.0
16380,Port Macquarie-Hastings (A),322.0,70.0,0.0,322.0,70.0,0.0,322.0,70.0,0.0,322.0,70.0,0.0,322.0,70.0,0.0,329.0,71.0,0.0,329.0,71.0,0.0,329.0,71.0,0.0,329.0,71.0,0.0,329.0,71.0,0.0,293.0,64.0,0.0,293.0,64.0,0.0,293.0,64.0,0.0,293.0,64.0,0.0,293.0,64.0,0.0
16400,Port Stephens (A),279.0,73.0,2.0,279.0,73.0,2.0,279.0,73.0,2.0,279.0,73.0,2.0,279.0,73.0,2.0,299.0,78.0,2.0,299.0,78.0,2.0,299.0,78.0,2.0,299.0,78.0,2.0,299.0,78.0,2.0,287.0,75.0,2.0,287.0,75.0,2.0,287.0,75.0,2.0,287.0,75.0,2.0,287.0,75.0,2.0
16490,Queanbeyan-Palerang Regional (A),268.0,60.0,1.0,268.0,60.0,1.0,268.0,60.0,1.0,268.0,60.0,1.0,268.0,60.0,1.0,311.0,70.0,1.0,311.0,70.0,1.0,311.0,70.0,1.0,311.0,70.0,1.0,311.0,70.0,1.0,318.0,71.0,1.0,318.0,71.0,1.0,318.0,71.0,1.0,318.0,71.0,1.0,318.0,71.0,1.0
16550,Randwick (C),40.0,82.0,3.0,40.0,82.0,3.0,40.0,82.0,3.0,40.0,82.0,3.0,40.0,82.0,3.0,73.0,150.0,5.0,73.0,150.0,5.0,73.0,150.0,5.0,73.0,150.0,5.0,73.0,150.0,5.0,98.0,202.0,7.0,98.0,202.0,7.0,98.0,202.0,7.0,98.0,202.0,7.0,98.0,202.0,7.0
16610,Richmond Valley (A),39.0,9.0,0.0,39.0,9.0,0.0,39.0,9.0,0.0,39.0,9.0,0.0,39.0,9.0,0.0,40.0,9.0,0.0,40.0,9.0,0.0,40.0,9.0,0.0,40.0,9.0,0.0,40.0,9.0,0.0,36.0,8.0,0.0,36.0,8.0,0.0,36.0,8.0,0.0,36.0,8.0,0.0,36.0,8.0,0.0
16700,Ryde (C),101.0,195.0,9.0,101.0,195.0,9.0,101.0,195.0,9.0,101.0,195.0,9.0,101.0,195.0,9.0,190.0,367.0,17.0,190.0,367.0,17.0,190.0,367.0,17.0,190.0,367.0,17.0,190.0,367.0,17.0,147.0,284.0,13.0,147.0,284.0,13.0,147.0,284.0,13.0,147.0,284.0,13.0,147.0,284.0,13.0
16900,Shellharbour (C),140.0,185.0,2.0,140.0,185.0,2.0,140.0,185.0,2.0,140.0,185.0,2.0,140.0,185.0,2.0,166.0,220.0,3.0,166.0,220.0,3.0,166.0,220.0,3.0,166.0,220.0,3.0,166.0,220.0,3.0,178.0,237.0,3.0,178.0,237.0,3.0,178.0,237.0,3.0,178.0,237.0,3.0,178.0,237.0,3.0
16950,Shoalhaven (C),614.0,225.0,1.0,614.0,225.0,1.0,614.0,225.0,1.0,614.0,225.0,1.0,614.0,225.0,1.0,686.0,251.0,1.0,686.0,251.0,1.0,686.0,251.0,1.0,686.0,251.0,1.0,686.0,251.0,1.0,674.0,247.0,1.0,674.0,247.0,1.0,674.0,247.0,1.0,674.0,247.0,1.0,674.0,247.0,1.0
17000,Singleton (A),17.0,2.0,0.0,17.0,2.0,0.0,17.0,2.0,0.0,17.0,2.0,0.0,17.0,2.0,0.0,17.0,2.0,0.0,17.0,2.0,0.0,17.0,2.0,0.0,17.0,2.0,0.0,17.0,2.0,0.0,4.0,1.0,0.0,4.0,1.0,0.0,4.0,1.0,0.0,4.0,1.0,0.0,4.0,1.0,0.0
17040,Snowy Monaro Regional (A),50.0,20.0,0.0,50.0,20.0,0.0,50.0,20.0,0.0,50.0,20.0,0.0,50.0,20.0,0.0,59.0,25.0,0.0,59.0,25.0,0.0,59.0,25.0,0.0,59.0,25.0,0.0,59.0,25.0,0.0,54.0,22.0,0.0,54.0,22.0,0.0,54.0,22.0,0.0,54.0,22.0,0.0,54.0,22.0,0.0
17080,Snowy Valleys (A),5.0,0.0,0.0,5.0,0.0,0.0,5.0,0.0,0.0,5.0,0.0,0.0,5.0,0.0,0.0,10.0,1.0,0.0,10.0,1.0,0.0,10.0,1.0,0.0,10.0,1.0,0.0,10.0,1.0,0.0,8.0,1.0,0.0,8.0,1.0,0.0,8.0,1.0,0.0,8.0,1.0,0.0,8.0,1.0,0.0
17100,Strathfield (A),208.0,66.0,0.0,208.0,66.0,0.0,208.0,66.0,0.0,208.0,66.0,0.0,208.0,66.0,0.0,128.0,40.0,0.0,128.0,40.0,0.0,128.0,40.0,0.0,128.0,40.0,0.0,128.0,40.0,0.0,86.0,27.0,0.0,86.0,27.0,0.0,86.0,27.0,0.0,86.0,27.0,0.0,86.0,27.0,0.0
17150,Sutherland Shire (A),170.0,373.0,6.0,170.0,373.0,6.0,170.0,373.0,6.0,170.0,373.0,6.0,170.0,373.0,6.0,194.0,428.0,7.0,194.0,428.0,7.0,194.0,428.0,7.0,194.0,428.0,7.0,194.0,428.0,7.0,157.0,344.0,6.0,157.0,344.0,6.0,157.0,344.0,6.0,157.0,344.0,6.0,157.0,344.0,6.0
17200,Sydney (C),3.0,4.0,8.0,3.0,4.0,8.0,3.0,4.0,8.0,3.0,4.0,8.0,3.0,4.0,8.0,25.0,34.0,62.0,25.0,34.0,62.0,25.0,34.0,62.0,25.0,34.0,62.0,25.0,34.0,62.0,28.0,38.0,69.0,28.0,38.0,69.0,28.0,38.0,69.0,28.0,38.0,69.0,28.0,38.0,69.0
17310,Tamworth Regional (A),119.0,65.0,0.0,119.0,65.0,0.0,119.0,65.0,0.0,119.0,65.0,0.0,119.0,65.0,0.0,137.0,76.0,0.0,137.0,76.0,0.0,137.0,76.0,0.0,137.0,76.0,0.0,137.0,76.0,0.0,136.0,76.0,0.0,136.0,76.0,0.0,136.0,76.0,0.0,136.0,76.0,0.0,136.0,76.0,0.0
17350,Temora (A),4.0,2.0,0.0,4.0,2.0,0.0,4.0,2.0,0.0,4.0,2.0,0.0,4.0,2.0,0.0,8.0,3.0,0.0,8.0,3.0,0.0,8.0,3.0,0.0,8.0,3.0,0.0,8.0,3.0,0.0,8.0,4.0,0.0,8.0,4.0,0.0,8.0,4.0,0.0,8.0,4.0,0.0,8.0,4.0,0.0
17400,Tenterfield (A),0.0,0.0,0.0,0.0,0.0,0.0,0.0,0.0,0.0,0.0,0.0,0.0,0.0,0.0,0.0,0.0,0.0,0.0,0.0,0.0,0.0,0.0,0.0,0.0,0.0,0.0,0.0,0.0,0.0,0.0,0.0,0.0,0.0,0.0,0.0,0.0,0.0,0.0,0.0,0.0,0.0,0.0,0.0,0.0,0.0
17420,The Hills Shire (A),550.0,130.0,23.0,550.0,130.0,23.0,550.0,130.0,23.0,550.0,130.0,23.0,550.0,130.0,23.0,820.0,194.0,34.0,820.0,194.0,34.0,820.0,194.0,34.0,820.0,194.0,34.0,820.0,194.0,34.0,691.0,164.0,29.0,691.0,164.0,29.0,691.0,164.0,29.0,691.0,164.0,29.0,691.0,164.0,29.0
17550,Tweed (A),321.0,57.0,4.0,321.0,57.0,4.0,321.0,57.0,4.0,321.0,57.0,4.0,321.0,57.0,4.0,296.0,52.0,3.0,296.0,52.0,3.0,296.0,52.0,3.0,296.0,52.0,3.0,296.0,52.0,3.0,248.0,44.0,3.0,248.0,44.0,3.0,248.0,44.0,3.0,248.0,44.0,3.0,248.0,44.0,3.0
19399,Unincorporated NSW,0.0,0.0,0.0,0.0,0.0,0.0,0.0,0.0,0.0,0.0,0.0,0.0,0.0,0.0,0.0,0.0,0.0,0.0,0.0,0.0,0.0,0.0,0.0,0.0,0.0,0.0,0.0,0.0,0.0,0.0,0.0,0.0,0.0,0.0,0.0,0.0,0.0,0.0,0.0,0.0,0.0,0.0,0.0,0.0,0.0
17620,Upper Hunter Shire (A),4.0,0.0,0.0,4.0,0.0,0.0,4.0,0.0,0.0,4.0,0.0,0.0,4.0,0.0,0.0,4.0,0.0,0.0,4.0,0.0,0.0,4.0,0.0,0.0,4.0,0.0,0.0,4.0,0.0,0.0,0.0,0.0,0.0,0.0,0.0,0.0,0.0,0.0,0.0,0.0,0.0,0.0,0.0,0.0,0.0
17640,Upper Lachlan Shire (A),40.0,1.0,0.0,40.0,1.0,0.0,40.0,1.0,0.0,40.0,1.0,0.0,40.0,1.0,0.0,34.0,1.0,0.0,34.0,1.0,0.0,34.0,1.0,0.0,34.0,1.0,0.0,34.0,1.0,0.0,32.0,1.0,0.0,32.0,1.0,0.0,32.0,1.0,0.0,32.0,1.0,0.0,32.0,1.0,0.0
17650,Uralla (A),3.0,0.0,0.0,3.0,0.0,0.0,3.0,0.0,0.0,3.0,0.0,0.0,3.0,0.0,0.0,0.0,0.0,0.0,0.0,0.0,0.0,0.0,0.0,0.0,0.0,0.0,0.0,0.0,0.0,0.0,0.0,0.0,0.0,0.0,0.0,0.0,0.0,0.0,0.0,0.0,0.0,0.0,0.0,0.0,0.0
17750,Wagga Wagga (C),136.0,42.0,0.0,136.0,42.0,0.0,136.0,42.0,0.0,136.0,42.0,0.0,136.0,42.0,0.0,168.0,52.0,0.0,168.0,52.0,0.0,168.0,52.0,0.0,168.0,52.0,0.0,168.0,52.0,0.0,154.0,48.0,0.0,154.0,48.0,0.0,154.0,48.0,0.0,154.0,48.0,0.0,154.0,48.0,0.0
17850,Walcha (A),0.0,0.0,0.0,0.0,0.0,0.0,0.0,0.0,0.0,0.0,0.0,0.0,0.0,0.0,0.0,0.0,0.0,0.0,0.0,0.0,0.0,0.0,0.0,0.0,0.0,0.0,0.0,0.0,0.0,0.0,0.0,0.0,0.0,0.0,0.0,0.0,0.0,0.0,0.0,0.0,0.0,0.0,0.0,0.0,0.0
17900,Walgett (A),0.0,0.0,0.0,0.0,0.0,0.0,0.0,0.0,0.0,0.0,0.0,0.0,0.0,0.0,0.0,0.0,0.0,0.0,0.0,0.0,0.0,0.0,0.0,0.0,0.0,0.0,0.0,0.0,0.0,0.0,0.0,0.0,0.0,0.0,0.0,0.0,0.0,0.0,0.0,0.0,0.0,0.0,0.0,0.0,0.0
17950,Warren (A),0.0,0.0,0.0,0.0,0.0,0.0,0.0,0.0,0.0,0.0,0.0,0.0,0.0,0.0,0.0,0.0,0.0,0.0,0.0,0.0,0.0,0.0,0.0,0.0,0.0,0.0,0.0,0.0,0.0,0.0,0.0,0.0,0.0,0.0,0.0,0.0,0.0,0.0,0.0,0.0,0.0,0.0,0.0,0.0,0.0
18020,Warrumbungle Shire (A),0.0,0.0,0.0,0.0,0.0,0.0,0.0,0.0,0.0,0.0,0.0,0.0,0.0,0.0,0.0,0.0,0.0,0.0,0.0,0.0,0.0,0.0,0.0,0.0,0.0,0.0,0.0,0.0,0.0,0.0,0.0,0.0,0.0,0.0,0.0,0.0,0.0,0.0,0.0,0.0,0.0,0.0,0.0,0.0,0.0
18050,Waverley (A),0.0,0.0,0.0,0.0,0.0,0.0,0.0,0.0,0.0,0.0,0.0,0.0,0.0,0.0,0.0,18.0,14.0,4.0,18.0,14.0,4.0,18.0,14.0,4.0,18.0,14.0,4.0,18.0,14.0,4.0,22.0,17.0,5.0,22.0,17.0,5.0,22.0,17.0,5.0,22.0,17.0,5.0,22.0,17.0,5.0
18100,Weddin (A),0.0,0.0,0.0,0.0,0.0,0.0,0.0,0.0,0.0,0.0,0.0,0.0,0.0,0.0,0.0,0.0,0.0,0.0,0.0,0.0,0.0,0.0,0.0,0.0,0.0,0.0,0.0,0.0,0.0,0.0,0.0,0.0,0.0,0.0,0.0,0.0,0.0,0.0,0.0,0.0,0.0,0.0,0.0,0.0,0.0
18200,Wentworth (A),0.0,0.0,0.0,0.0,0.0,0.0,0.0,0.0,0.0,0.0,0.0,0.0,0.0,0.0,0.0,0.0,0.0,0.0,0.0,0.0,0.0,0.0,0.0,0.0,0.0,0.0,0.0,0.0,0.0,0.0,0.0,0.0,0.0,0.0,0.0,0.0,0.0,0.0,0.0,0.0,0.0,0.0,0.0,0.0,0.0
18250,Willoughby (C),19.0,18.0,5.0,19.0,18.0,5.0,19.0,18.0,5.0,19.0,18.0,5.0,19.0,18.0,5.0,40.0,38.0,10.0,40.0,38.0,10.0,40.0,38.0,10.0,40.0,38.0,10.0,40.0,38.0,10.0,29.0,28.0,7.0,29.0,28.0,7.0,29.0,28.0,7.0,29.0,28.0,7.0,29.0,28.0,7.0
18350,Wingecarribee (A),272.0,56.0,0.0,272.0,56.0,0.0,272.0,56.0,0.0,272.0,56.0,0.0,272.0,56.0,0.0,308.0,63.0,0.0,308.0,63.0,0.0,308.0,63.0,0.0,308.0,63.0,0.0,308.0,63.0,0.0,308.0,63.0,0.0,308.0,63.0,0.0,308.0,63.0,0.0,308.0,63.0,0.0,308.0,63.0,0.0
18400,Wollondilly (A),263.0,41.0,0.0,263.0,41.0,0.0,263.0,41.0,0.0,263.0,41.0,0.0,263.0,41.0,0.0,376.0,58.0,0.0,376.0,58.0,0.0,376.0,58.0,0.0,376.0,58.0,0.0,376.0,58.0,0.0,531.0,82.0,0.0,531.0,82.0,0.0,531.0,82.0,0.0,531.0,82.0,0.0,531.0,82.0,0.0
18450,Wollongong (C),261.0,238.0,8.0,261.0,238.0,8.0,261.0,238.0,8.0,261.0,238.0,8.0,261.0,238.0,8.0,391.0,357.0,12.0,391.0,357.0,12.0,391.0,357.0,12.0,391.0,357.0,12.0,391.0,357.0,12.0,430.0,392.0,13.0,430.0,392.0,13.0,430.0,392.0,13.0,430.0,392.0,13.0,430.0,392.0,13.0
18500,Woollahra (A),0.0,0.0,0.0,0.0,0.0,0.0,0.0,0.0,0.0,0.0,0.0,0.0,0.0,0.0,0.0,22.0,19.0,2.0,22.0,19.0,2.0,22.0,19.0,2.0,22.0,19.0,2.0,22.0,19.0,2.0,30.0,26.0,3.0,30.0,26.0,3.0,30.0,26.0,3.0,30.0,26.0,3.0,30.0,26.0,3.0
18710,Yass Valley (A),94.0,4.0,0.0,94.0,4.0,0.0,94.0,4.0,0.0,94.0,4.0,0.0,94.0,4.0,0.0,92.0,4.0,0.0,92.0,4.0,0.0,92.0,4.0,0.0,92.0,4.0,0.0,92.0,4.0,0.0,83.0,3.0,0.0,83.0,3.0,0.0,83.0,3.0,0.0,83.0,3.0,0.0,83.0,3.0,0.0
20110,Alpine (S),48.0,5.0,0.0,48.0,5.0,0.0,48.0,5.0,0.0,48.0,5.0,0.0,48.0,5.0,0.0,40.0,4.0,0.0,40.0,4.0,0.0,40.0,4.0,0.0,40.0,4.0,0.0,40.0,4.0,0.0,36.0,4.0,0.0,36.0,4.0,0.0,36.0,4.0,0.0,36.0,4.0,0.0,36.0,4.0,0.0
20260,Ararat (RC),16.0,2.0,0.0,16.0,2.0,0.0,16.0,2.0,0.0,16.0,2.0,0.0,16.0,2.0,0.0,19.0,2.0,0.0,19.0,2.0,0.0,19.0,2.0,0.0,19.0,2.0,0.0,19.0,2.0,0.0,19.0,2.0,0.0,19.0,2.0,0.0,19.0,2.0,0.0,19.0,2.0,0.0,19.0,2.0,0.0
20570,Ballarat (C),933.0,80.0,0.0,933.0,80.0,0.0,933.0,80.0,0.0,933.0,80.0,0.0,933.0,80.0,0.0,837.0,72.0,0.0,837.0,72.0,0.0,837.0,72.0,0.0,837.0,72.0,0.0,837.0,72.0,0.0,748.0,64.0,0.0,748.0,64.0,0.0,748.0,64.0,0.0,748.0,64.0,0.0,748.0,64.0,0.0
20660,Banyule (C),87.0,186.0,8.0,87.0,186.0,8.0,87.0,186.0,8.0,87.0,186.0,8.0,87.0,186.0,8.0,87.0,186.0,8.0,87.0,186.0,8.0,87.0,186.0,8.0,87.0,186.0,8.0,87.0,186.0,8.0,98.0,208.0,9.0,98.0,208.0,9.0,98.0,208.0,9.0,98.0,208.0,9.0,98.0,208.0,9.0
20740,Bass Coast (S),380.0,18.0,1.0,380.0,18.0,1.0,380.0,18.0,1.0,380.0,18.0,1.0,380.0,18.0,1.0,358.0,16.0,1.0,358.0,16.0,1.0,358.0,16.0,1.0,358.0,16.0,1.0,358.0,16.0,1.0,352.0,16.0,1.0,352.0,16.0,1.0,352.0,16.0,1.0,352.0,16.0,1.0,352.0,16.0,1.0
20830,Baw Baw (S),466.0,28.0,0.0,466.0,28.0,0.0,466.0,28.0,0.0,466.0,28.0,0.0,466.0,28.0,0.0,460.0,27.0,0.0,460.0,27.0,0.0,460.0,27.0,0.0,460.0,27.0,0.0,460.0,27.0,0.0,460.0,27.0,0.0,460.0,27.0,0.0,460.0,27.0,0.0,460.0,27.0,0.0,460.0,27.0,0.0
20910,Bayside (C),70.0,92.0,9.0,70.0,92.0,9.0,70.0,92.0,9.0,70.0,92.0,9.0,70.0,92.0,9.0,67.0,87.0,8.0,67.0,87.0,8.0,67.0,87.0,8.0,67.0,87.0,8.0,67.0,87.0,8.0,67.0,87.0,8.0,67.0,87.0,8.0,67.0,87.0,8.0,67.0,87.0,8.0,67.0,87.0,8.0
21010,Benalla (RC),52.0,4.0,0.0,52.0,4.0,0.0,52.0,4.0,0.0,52.0,4.0,0.0,52.0,4.0,0.0,41.0,4.0,0.0,41.0,4.0,0.0,41.0,4.0,0.0,41.0,4.0,0.0,41.0,4.0,0.0,33.0,3.0,0.0,33.0,3.0,0.0,33.0,3.0,0.0,33.0,3.0,0.0,33.0,3.0,0.0
21110,Boroondara (C),223.0,136.0,10.0,223.0,136.0,10.0,223.0,136.0,10.0,223.0,136.0,10.0,223.0,136.0,10.0,210.0,128.0,9.0,210.0,128.0,9.0,210.0,128.0,9.0,210.0,128.0,9.0,210.0,128.0,9.0,216.0,132.0,10.0,216.0,132.0,10.0,216.0,132.0,10.0,216.0,132.0,10.0,216.0,132.0,10.0
21180,Brimbank (C),196.0,272.0,1.0,196.0,272.0,1.0,196.0,272.0,1.0,196.0,272.0,1.0,196.0,272.0,1.0,218.0,302.0,1.0,218.0,302.0,1.0,218.0,302.0,1.0,218.0,302.0,1.0,218.0,302.0,1.0,228.0,315.0,1.0,228.0,315.0,1.0,228.0,315.0,1.0,228.0,315.0,1.0,228.0,315.0,1.0
21270,Buloke (S),3.0,0.0,0.0,3.0,0.0,0.0,3.0,0.0,0.0,3.0,0.0,0.0,3.0,0.0,0.0,4.0,0.0,0.0,4.0,0.0,0.0,4.0,0.0,0.0,4.0,0.0,0.0,4.0,0.0,0.0,3.0,0.0,0.0,3.0,0.0,0.0,3.0,0.0,0.0,3.0,0.0,0.0,3.0,0.0,0.0
21370,Campaspe (S),100.0,8.0,0.0,100.0,8.0,0.0,100.0,8.0,0.0,100.0,8.0,0.0,100.0,8.0,0.0,94.0,8.0,0.0,94.0,8.0,0.0,94.0,8.0,0.0,94.0,8.0,0.0,94.0,8.0,0.0,94.0,8.0,0.0,94.0,8.0,0.0,94.0,8.0,0.0,94.0,8.0,0.0,94.0,8.0,0.0
21450,Cardinia (S),952.0,121.0,0.0,952.0,121.0,0.0,952.0,121.0,0.0,952.0,121.0,0.0,952.0,121.0,0.0,1043.0,133.0,0.0,1043.0,133.0,0.0,1043.0,133.0,0.0,1043.0,133.0,0.0,1043.0,133.0,0.0,986.0,125.0,0.0,986.0,125.0,0.0,986.0,125.0,0.0,986.0,125.0,0.0,986.0,125.0,0.0
21610,Casey (C),2604.0,496.0,0.0,2604.0,496.0,0.0,2604.0,496.0,0.0,2604.0,496.0,0.0,2604.0,496.0,0.0,2347.0,447.0,0.0,2347.0,447.0,0.0,2347.0,447.0,0.0,2347.0,447.0,0.0,2347.0,447.0,0.0,2341.0,446.0,0.0,2341.0,446.0,0.0,2341.0,446.0,0.0,2341.0,446.0,0.0,2341.0,446.0,0.0
21670,Central Goldfields (S),44.0,4.0,0.0,44.0,4.0,0.0,44.0,4.0,0.0,44.0,4.0,0.0,44.0,4.0,0.0,39.0,4.0,0.0,39.0,4.0,0.0,39.0,4.0,0.0,39.0,4.0,0.0,39.0,4.0,0.0,34.0,4.0,0.0,34.0,4.0,0.0,34.0,4.0,0.0,34.0,4.0,0.0,34.0,4.0,0.0
21750,Colac-Otway (S),80.0,11.0,0.0,80.0,11.0,0.0,80.0,11.0,0.0,80.0,11.0,0.0,80.0,11.0,0.0,77.0,10.0,0.0,77.0,10.0,0.0,77.0,10.0,0.0,77.0,10.0,0.0,77.0,10.0,0.0,74.0,10.0,0.0,74.0,10.0,0.0,74.0,10.0,0.0,74.0,10.0,0.0,74.0,10.0,0.0
21830,Corangamite (S),35.0,2.0,0.0,35.0,2.0,0.0,35.0,2.0,0.0,35.0,2.0,0.0,35.0,2.0,0.0,30.0,2.0,0.0,30.0,2.0,0.0,30.0,2.0,0.0,30.0,2.0,0.0,30.0,2.0,0.0,29.0,2.0,0.0,29.0,2.0,0.0,29.0,2.0,0.0,29.0,2.0,0.0,29.0,2.0,0.0
21890,Darebin (C),120.0,348.0,8.0,120.0,348.0,8.0,120.0,348.0,8.0,120.0,348.0,8.0,120.0,348.0,8.0,161.0,467.0,11.0,161.0,467.0,11.0,161.0,467.0,11.0,161.0,467.0,11.0,161.0,467.0,11.0,170.0,492.0,12.0,170.0,492.0,12.0,170.0,492.0,12.0,170.0,492.0,12.0,170.0,492.0,12.0
22110,East Gippsland (S),257.0,12.0,0.0,257.0,12.0,0.0,257.0,12.0,0.0,257.0,12.0,0.0,257.0,12.0,0.0,244.0,11.0,0.0,244.0,11.0,0.0,244.0,11.0,0.0,244.0,11.0,0.0,244.0,11.0,0.0,244.0,11.0,0.0,244.0,11.0,0.0,244.0,11.0,0.0,244.0,11.0,0.0,244.0,11.0,0.0
22170,Frankston (C),130.0,155.0,2.0,130.0,155.0,2.0,130.0,155.0,2.0,130.0,155.0,2.0,130.0,155.0,2.0,142.0,168.0,2.0,142.0,168.0,2.0,142.0,168.0,2.0,142.0,168.0,2.0,142.0,168.0,2.0,170.0,202.0,3.0,170.0,202.0,3.0,170.0,202.0,3.0,170.0,202.0,3.0,170.0,202.0,3.0
22250,Gannawarra (S),22.0,1.0,0.0,22.0,1.0,0.0,22.0,1.0,0.0,22.0,1.0,0.0,22.0,1.0,0.0,19.0,1.0,0.0,19.0,1.0,0.0,19.0,1.0,0.0,19.0,1.0,0.0,19.0,1.0,0.0,16.0,1.0,0.0,16.0,1.0,0.0,16.0,1.0,0.0,16.0,1.0,0.0,16.0,1.0,0.0
22310,Glen Eira (C),132.0,292.0,9.0,132.0,292.0,9.0,132.0,292.0,9.0,132.0,292.0,9.0,132.0,292.0,9.0,129.0,286.0,9.0,129.0,286.0,9.0,129.0,286.0,9.0,129.0,286.0,9.0,129.0,286.0,9.0,129.0,286.0,9.0,129.0,286.0,9.0,129.0,286.0,9.0,129.0,286.0,9.0,129.0,286.0,9.0
22410,Glenelg (S),39.0,5.0,0.0,39.0,5.0,0.0,39.0,5.0,0.0,39.0,5.0,0.0,39.0,5.0,0.0,31.0,4.0,0.0,31.0,4.0,0.0,31.0,4.0,0.0,31.0,4.0,0.0,31.0,4.0,0.0,28.0,4.0,0.0,28.0,4.0,0.0,28.0,4.0,0.0,28.0,4.0,0.0,28.0,4.0,0.0
22490,Golden Plains (S),149.0,0.0,0.0,149.0,0.0,0.0,149.0,0.0,0.0,149.0,0.0,0.0,149.0,0.0,0.0,178.0,0.0,0.0,178.0,0.0,0.0,178.0,0.0,0.0,178.0,0.0,0.0,178.0,0.0,0.0,231.0,0.0,0.0,231.0,0.0,0.0,231.0,0.0,0.0,231.0,0.0,0.0,231.0,0.0,0.0
22620,Greater Bendigo (C),610.0,50.0,0.0,610.0,50.0,0.0,610.0,50.0,0.0,610.0,50.0,0.0,610.0,50.0,0.0,625.0,50.0,0.0,625.0,50.0,0.0,625.0,50.0,0.0,625.0,50.0,0.0,625.0,50.0,0.0,655.0,53.0,0.0,655.0,53.0,0.0,655.0,53.0,0.0,655.0,53.0,0.0,655.0,53.0,0.0
22670,Greater Dandenong (C),140.0,282.0,1.0,140.0,282.0,1.0,140.0,282.0,1.0,140.0,282.0,1.0,140.0,282.0,1.0,178.0,358.0,2.0,178.0,358.0,2.0,178.0,358.0,2.0,178.0,358.0,2.0,178.0,358.0,2.0,211.0,425.0,2.0,211.0,425.0,2.0,211.0,425.0,2.0,211.0,425.0,2.0,211.0,425.0,2.0
22750,Greater Geelong (C),2079.0,298.0,2.0,2079.0,298.0,2.0,2079.0,298.0,2.0,2079.0,298.0,2.0,2079.0,298.0,2.0,2006.0,288.0,2.0,2006.0,288.0,2.0,2006.0,288.0,2.0,2006.0,288.0,2.0,2006.0,288.0,2.0,1994.0,286.0,2.0,1994.0,286.0,2.0,1994.0,286.0,2.0,1994.0,286.0,2.0,1994.0,286.0,2.0
22830,Greater Shepparton (C),242.0,42.0,0.0,242.0,42.0,0.0,242.0,42.0,0.0,242.0,42.0,0.0,242.0,42.0,0.0,238.0,40.0,0.0,238.0,40.0,0.0,238.0,40.0,0.0,238.0,40.0,0.0,238.0,40.0,0.0,241.0,41.0,0.0,241.0,41.0,0.0,241.0,41.0,0.0,241.0,41.0,0.0,241.0,41.0,0.0
22910,Hepburn (S),64.0,5.0,0.0,64.0,5.0,0.0,64.0,5.0,0.0,64.0,5.0,0.0,64.0,5.0,0.0,70.0,6.0,0.0,70.0,6.0,0.0,70.0,6.0,0.0,70.0,6.0,0.0,70.0,6.0,0.0,66.0,5.0,0.0,66.0,5.0,0.0,66.0,5.0,0.0,66.0,5.0,0.0,66.0,5.0,0.0
22980,Hindmarsh (S),2.0,0.0,0.0,2.0,0.0,0.0,2.0,0.0,0.0,2.0,0.0,0.0,2.0,0.0,0.0,3.0,1.0,0.0,3.0,1.0,0.0,3.0,1.0,0.0,3.0,1.0,0.0,3.0,1.0,0.0,4.0,1.0,0.0,4.0,1.0,0.0,4.0,1.0,0.0,4.0,1.0,0.0,4.0,1.0,0.0
23110,Hobsons Bay (C),71.0,239.0,6.0,71.0,239.0,6.0,71.0,239.0,6.0,71.0,239.0,6.0,71.0,239.0,6.0,72.0,242.0,6.0,72.0,242.0,6.0,72.0,242.0,6.0,72.0,242.0,6.0,72.0,242.0,6.0,74.0,246.0,6.0,74.0,246.0,6.0,74.0,246.0,6.0,74.0,246.0,6.0,74.0,246.0,6.0
23190,Horsham (RC),46.0,7.0,0.0,46.0,7.0,0.0,46.0,7.0,0.0,46.0,7.0,0.0,46.0,7.0,0.0,40.0,6.0,0.0,40.0,6.0,0.0,40.0,6.0,0.0,40.0,6.0,0.0,40.0,6.0,0.0,40.0,6.0,0.0,40.0,6.0,0.0,40.0,6.0,0.0,40.0,6.0,0.0,40.0,6.0,0.0
23270,Hume (C),1678.0,346.0,0.0,1678.0,346.0,0.0,1678.0,346.0,0.0,1678.0,346.0,0.0,1678.0,346.0,0.0,1654.0,341.0,0.0,1654.0,341.0,0.0,1654.0,341.0,0.0,1654.0,341.0,0.0,1654.0,341.0,0.0,1777.0,367.0,0.0,1777.0,367.0,0.0,1777.0,367.0,0.0,1777.0,367.0,0.0,1777.0,367.0,0.0
23350,Indigo (S),78.0,2.0,0.0,78.0,2.0,0.0,78.0,2.0,0.0,78.0,2.0,0.0,78.0,2.0,0.0,75.0,2.0,0.0,75.0,2.0,0.0,75.0,2.0,0.0,75.0,2.0,0.0,75.0,2.0,0.0,70.0,2.0,0.0,70.0,2.0,0.0,70.0,2.0,0.0,70.0,2.0,0.0,70.0,2.0,0.0
23430,Kingston (C) (Vic.),165.0,230.0,5.0,165.0,230.0,5.0,165.0,230.0,5.0,165.0,230.0,5.0,165.0,230.0,5.0,172.0,239.0,6.0,172.0,239.0,6.0,172.0,239.0,6.0,172.0,239.0,6.0,172.0,239.0,6.0,197.0,275.0,7.0,197.0,275.0,7.0,197.0,275.0,7.0,197.0,275.0,7.0,197.0,275.0,7.0
23670,Knox (C),169.0,204.0,2.0,169.0,204.0,2.0,169.0,204.0,2.0,169.0,204.0,2.0,169.0,204.0,2.0,169.0,204.0,2.0,169.0,204.0,2.0,169.0,204.0,2.0,169.0,204.0,2.0,169.0,204.0,2.0,178.0,216.0,2.0,178.0,216.0,2.0,178.0,216.0,2.0,178.0,216.0,2.0,178.0,216.0,2.0
23810,Latrobe (C) (Vic.),249.0,17.0,0.0,249.0,17.0,0.0,249.0,17.0,0.0,249.0,17.0,0.0,249.0,17.0,0.0,238.0,16.0,0.0,238.0,16.0,0.0,238.0,16.0,0.0,238.0,16.0,0.0,238.0,16.0,0.0,231.0,16.0,0.0,231.0,16.0,0.0,231.0,16.0,0.0,231.0,16.0,0.0,231.0,16.0,0.0
23940,Loddon (S),8.0,0.0,0.0,8.0,0.0,0.0,8.0,0.0,0.0,8.0,0.0,0.0,8.0,0.0,0.0,10.0,0.0,0.0,10.0,0.0,0.0,10.0,0.0,0.0,10.0,0.0,0.0,10.0,0.0,0.0,10.0,0.0,0.0,10.0,0.0,0.0,10.0,0.0,0.0,10.0,0.0,0.0,10.0,0.0,0.0
24130,Macedon Ranges (S),256.0,14.0,0.0,256.0,14.0,0.0,256.0,14.0,0.0,256.0,14.0,0.0,256.0,14.0,0.0,260.0,14.0,0.0,260.0,14.0,0.0,260.0,14.0,0.0,260.0,14.0,0.0,260.0,14.0,0.0,306.0,16.0,0.0,306.0,16.0,0.0,306.0,16.0,0.0,306.0,16.0,0.0,306.0,16.0,0.0
24210,Manningham (C),109.0,224.0,3.0,109.0,224.0,3.0,109.0,224.0,3.0,109.0,224.0,3.0,109.0,224.0,3.0,107.0,222.0,3.0,107.0,222.0,3.0,107.0,222.0,3.0,107.0,222.0,3.0,107.0,222.0,3.0,113.0,234.0,3.0,113.0,234.0,3.0,113.0,234.0,3.0,113.0,234.0,3.0,113.0,234.0,3.0
24250,Mansfield (S),89.0,4.0,0.0,89.0,4.0,0.0,89.0,4.0,0.0,89.0,4.0,0.0,89.0,4.0,0.0,85.0,4.0,0.0,85.0,4.0,0.0,85.0,4.0,0.0,85.0,4.0,0.0,85.0,4.0,0.0,86.0,4.0,0.0,86.0,4.0,0.0,86.0,4.0,0.0,86.0,4.0,0.0,86.0,4.0,0.0
24330,Maribyrnong (C),127.0,330.0,20.0,127.0,330.0,20.0,127.0,330.0,20.0,127.0,330.0,20.0,127.0,330.0,20.0,120.0,314.0,19.0,120.0,314.0,19.0,120.0,314.0,19.0,120.0,314.0,19.0,120.0,314.0,19.0,129.0,338.0,20.0,129.0,338.0,20.0,129.0,338.0,20.0,129.0,338.0,20.0,129.0,338.0,20.0
24410,Maroondah (C),145.0,111.0,6.0,145.0,111.0,6.0,145.0,111.0,6.0,145.0,111.0,6.0,145.0,111.0,6.0,151.0,116.0,6.0,151.0,116.0,6.0,151.0,116.0,6.0,151.0,116.0,6.0,151.0,116.0,6.0,166.0,128.0,7.0,166.0,128.0,7.0,166.0,128.0,7.0,166.0,128.0,7.0,166.0,128.0,7.0
24600,Melbourne (C),5.0,46.0,95.0,5.0,46.0,95.0,5.0,46.0,95.0,5.0,46.0,95.0,5.0,46.0,95.0,5.0,46.0,95.0,5.0,46.0,95.0,5.0,46.0,95.0,5.0,46.0,95.0,5.0,46.0,95.0,5.0,46.0,95.0,5.0,46.0,95.0,5.0,46.0,95.0,5.0,46.0,95.0,5.0,46.0,95.0
24650,Melton (C),3147.0,197.0,0.0,3147.0,197.0,0.0,3147.0,197.0,0.0,3147.0,197.0,0.0,3147.0,197.0,0.0,2765.0,173.0,0.0,2765.0,173.0,0.0,2765.0,173.0,0.0,2765.0,173.0,0.0,2765.0,173.0,0.0,2772.0,173.0,0.0,2772.0,173.0,0.0,2772.0,173.0,0.0,2772.0,173.0,0.0,2772.0,173.0,0.0
24780,Mildura (RC),182.0,16.0,0.0,182.0,16.0,0.0,182.0,16.0,0.0,182.0,16.0,0.0,182.0,16.0,0.0,174.0,15.0,0.0,174.0,15.0,0.0,174.0,15.0,0.0,174.0,15.0,0.0,174.0,15.0,0.0,167.0,14.0,0.0,167.0,14.0,0.0,167.0,14.0,0.0,167.0,14.0,0.0,167.0,14.0,0.0
24850,Mitchell (S),755.0,66.0,0.0,755.0,66.0,0.0,755.0,66.0,0.0,755.0,66.0,0.0,755.0,66.0,0.0,1169.0,103.0,0.0,1169.0,103.0,0.0,1169.0,103.0,0.0,1169.0,103.0,0.0,1169.0,103.0,0.0,1589.0,140.0,0.0,1589.0,140.0,0.0,1589.0,140.0,0.0,1589.0,140.0,0.0,1589.0,140.0,0.0
24900,Moira (S),99.0,9.0,0.0,99.0,9.0,0.0,99.0,9.0,0.0,99.0,9.0,0.0,99.0,9.0,0.0,96.0,9.0,0.0,96.0,9.0,0.0,96.0,9.0,0.0,96.0,9.0,0.0,96.0,9.0,0.0,96.0,9.0,0.0,96.0,9.0,0.0,96.0,9.0,0.0,96.0,9.0,0.0,96.0,9.0,0.0
24970,Monash (C),329.0,270.0,3.0,329.0,270.0,3.0,329.0,270.0,3.0,329.0,270.0,3.0,329.0,270.0,3.0,394.0,323.0,4.0,394.0,323.0,4.0,394.0,323.0,4.0,394.0,323.0,4.0,394.0,323.0,4.0,430.0,353.0,4.0,430.0,353.0,4.0,430.0,353.0,4.0,430.0,353.0,4.0,430.0,353.0,4.0
25060,Moonee Valley (C),125.0,231.0,12.0,125.0,231.0,12.0,125.0,231.0,12.0,125.0,231.0,12.0,125.0,231.0,12.0,139.0,255.0,13.0,139.0,255.0,13.0,139.0,255.0,13.0,139.0,255.0,13.0,139.0,255.0,13.0,145.0,266.0,14.0,145.0,266.0,14.0,145.0,266.0,14.0,145.0,266.0,14.0,145.0,266.0,14.0
25150,Moorabool (S),264.0,37.0,0.0,264.0,37.0,0.0,264.0,37.0,0.0,264.0,37.0,0.0,264.0,37.0,0.0,345.0,48.0,0.0,345.0,48.0,0.0,345.0,48.0,0.0,345.0,48.0,0.0,345.0,48.0,0.0,433.0,61.0,0.0,433.0,61.0,0.0,433.0,61.0,0.0,433.0,61.0,0.0,433.0,61.0,0.0
24700,Merri-bek (C),0.0,0.0,0.0,0.0,0.0,0.0,0.0,0.0,0.0,0.0,0.0,0.0,0.0,0.0,0.0,0.0,0.0,0.0,0.0,0.0,0.0,0.0,0.0,0.0,0.0,0.0,0.0,0.0,0.0,0.0,0.0,0.0,0.0,0.0,0.0,0.0,0.0,0.0,0.0,0.0,0.0,0.0,0.0,0.0,0.0
25340,Mornington Peninsula (S),314.0,154.0,1.0,314.0,154.0,1.0,314.0,154.0,1.0,314.0,154.0,1.0,314.0,154.0,1.0,341.0,168.0,1.0,341.0,168.0,1.0,341.0,168.0,1.0,341.0,168.0,1.0,341.0,168.0,1.0,408.0,201.0,1.0,408.0,201.0,1.0,408.0,201.0,1.0,408.0,201.0,1.0,408.0,201.0,1.0
25430,Mount Alexander (S),96.0,13.0,0.0,96.0,13.0,0.0,96.0,13.0,0.0,96.0,13.0,0.0,96.0,13.0,0.0,92.0,12.0,0.0,92.0,12.0,0.0,92.0,12.0,0.0,92.0,12.0,0.0,92.0,12.0,0.0,92.0,12.0,0.0,92.0,12.0,0.0,92.0,12.0,0.0,92.0,12.0,0.0,92.0,12.0,0.0
25490,Moyne (S),68.0,2.0,0.0,68.0,2.0,0.0,68.0,2.0,0.0,68.0,2.0,0.0,68.0,2.0,0.0,64.0,2.0,0.0,64.0,2.0,0.0,64.0,2.0,0.0,64.0,2.0,0.0,64.0,2.0,0.0,64.0,2.0,0.0,64.0,2.0,0.0,64.0,2.0,0.0,64.0,2.0,0.0,64.0,2.0,0.0
25620,Murrindindi (S),75.0,1.0,0.0,75.0,1.0,0.0,75.0,1.0,0.0,75.0,1.0,0.0,75.0,1.0,0.0,78.0,1.0,0.0,78.0,1.0,0.0,78.0,1.0,0.0,78.0,1.0,0.0,78.0,1.0,0.0,78.0,1.0,0.0,78.0,1.0,0.0,78.0,1.0,0.0,78.0,1.0,0.0,78.0,1.0,0.0
25710,Nillumbik (S),94.0,34.0,0.0,94.0,34.0,0.0,94.0,34.0,0.0,94.0,34.0,0.0,94.0,34.0,0.0,100.0,35.0,0.0,100.0,35.0,0.0,100.0,35.0,0.0,100.0,35.0,0.0,100.0,35.0,0.0,87.0,32.0,0.0,87.0,32.0,0.0,87.0,32.0,0.0,87.0,32.0,0.0,87.0,32.0,0.0
25810,Northern Grampians (S),14.0,3.0,0.0,14.0,3.0,0.0,14.0,3.0,0.0,14.0,3.0,0.0,14.0,3.0,0.0,15.0,3.0,0.0,15.0,3.0,0.0,15.0,3.0,0.0,15.0,3.0,0.0,15.0,3.0,0.0,15.0,3.0,0.0,15.0,3.0,0.0,15.0,3.0,0.0,15.0,3.0,0.0,15.0,3.0,0.0
25900,Port Phillip (C),24.0,104.0,31.0,24.0,104.0,31.0,24.0,104.0,31.0,24.0,104.0,31.0,24.0,104.0,31.0,30.0,127.0,38.0,30.0,127.0,38.0,30.0,127.0,38.0,30.0,127.0,38.0,30.0,127.0,38.0,36.0,152.0,46.0,36.0,152.0,46.0,36.0,152.0,46.0,36.0,152.0,46.0,36.0,152.0,46.0
25990,Pyrenees (S),28.0,0.0,0.0,28.0,0.0,0.0,28.0,0.0,0.0,28.0,0.0,0.0,28.0,0.0,0.0,26.0,0.0,0.0,26.0,0.0,0.0,26.0,0.0,0.0,26.0,0.0,0.0,26.0,0.0,0.0,26.0,0.0,0.0,26.0,0.0,0.0,26.0,0.0,0.0,26.0,0.0,0.0,26.0,0.0,0.0
26080,Queenscliffe (B),16.0,2.0,0.0,16.0,2.0,0.0,16.0,2.0,0.0,16.0,2.0,0.0,16.0,2.0,0.0,16.0,2.0,0.0,16.0,2.0,0.0,16.0,2.0,0.0,16.0,2.0,0.0,16.0,2.0,0.0,16.0,2.0,0.0,16.0,2.0,0.0,16.0,2.0,0.0,16.0,2.0,0.0,16.0,2.0,0.0
26170,South Gippsland (S),138.0,11.0,0.0,138.0,11.0,0.0,138.0,11.0,0.0,138.0,11.0,0.0,138.0,11.0,0.0,146.0,11.0,0.0,146.0,11.0,0.0,146.0,11.0,0.0,146.0,11.0,0.0,146.0,11.0,0.0,146.0,11.0,0.0,146.0,11.0,0.0,146.0,11.0,0.0,146.0,11.0,0.0,146.0,11.0,0.0
26260,Southern Grampians (S),29.0,4.0,0.0,29.0,4.0,0.0,29.0,4.0,0.0,29.0,4.0,0.0,29.0,4.0,0.0,23.0,4.0,0.0,23.0,4.0,0.0,23.0,4.0,0.0,23.0,4.0,0.0,23.0,4.0,0.0,22.0,3.0,0.0,22.0,3.0,0.0,22.0,3.0,0.0,22.0,3.0,0.0,22.0,3.0,0.0
26350,Stonnington (C),50.0,44.0,22.0,50.0,44.0,22.0,50.0,44.0,22.0,50.0,44.0,22.0,50.0,44.0,22.0,49.0,43.0,21.0,49.0,43.0,21.0,49.0,43.0,21.0,49.0,43.0,21.0,49.0,43.0,21.0,47.0,42.0,21.0,47.0,42.0,21.0,47.0,42.0,21.0,47.0,42.0,21.0,47.0,42.0,21.0
26430,Strathbogie (S),57.0,1.0,0.0,57.0,1.0,0.0,57.0,1.0,0.0,57.0,1.0,0.0,57.0,1.0,0.0,56.0,1.0,0.0,56.0,1.0,0.0,56.0,1.0,0.0,56.0,1.0,0.0,56.0,1.0,0.0,56.0,1.0,0.0,56.0,1.0,0.0,56.0,1.0,0.0,56.0,1.0,0.0,56.0,1.0,0.0
26490,Surf Coast (S),276.0,54.0,0.0,276.0,54.0,0.0,276.0,54.0,0.0,276.0,54.0,0.0,276.0,54.0,0.0,204.0,40.0,0.0,204.0,40.0,0.0,204.0,40.0,0.0,204.0,40.0,0.0,204.0,40.0,0.0,171.0,34.0,0.0,171.0,34.0,0.0,171.0,34.0,0.0,171.0,34.0,0.0,171.0,34.0,0.0
26610,Swan Hill (RC),27.0,13.0,0.0,27.0,13.0,0.0,27.0,13.0,0.0,27.0,13.0,0.0,27.0,13.0,0.0,26.0,12.0,0.0,26.0,12.0,0.0,26.0,12.0,0.0,26.0,12.0,0.0,26.0,12.0,0.0,25.0,12.0,0.0,25.0,12.0,0.0,25.0,12.0,0.0,25.0,12.0,0.0,25.0,12.0,0.0
26670,Towong (S),13.0,2.0,0.0,13.0,2.0,0.0,13.0,2.0,0.0,13.0,2.0,0.0,13.0,2.0,0.0,10.0,2.0,0.0,10.0,2.0,0.0,10.0,2.0,0.0,10.0,2.0,0.0,10.0,2.0,0.0,9.0,2.0,0.0,9.0,2.0,0.0,9.0,2.0,0.0,9.0,2.0,0.0,9.0,2.0,0.0
26700,Wangaratta (RC),90.0,14.0,0.0,90.0,14.0,0.0,90.0,14.0,0.0,90.0,14.0,0.0,90.0,14.0,0.0,84.0,14.0,0.0,84.0,14.0,0.0,84.0,14.0,0.0,84.0,14.0,0.0,84.0,14.0,0.0,84.0,14.0,0.0,84.0,14.0,0.0,84.0,14.0,0.0,84.0,14.0,0.0,84.0,14.0,0.0
26730,Warrnambool (C),132.0,10.0,0.0,132.0,10.0,0.0,132.0,10.0,0.0,132.0,10.0,0.0,132.0,10.0,0.0,140.0,11.0,0.0,140.0,11.0,0.0,140.0,11.0,0.0,140.0,11.0,0.0,140.0,11.0,0.0,142.0,11.0,0.0,142.0,11.0,0.0,142.0,11.0,0.0,142.0,11.0,0.0,142.0,11.0,0.0
26810,Wellington (S),184.0,7.0,0.0,184.0,7.0,0.0,184.0,7.0,0.0,184.0,7.0,0.0,184.0,7.0,0.0,184.0,7.0,0.0,184.0,7.0,0.0,184.0,7.0,0.0,184.0,7.0,0.0,184.0,7.0,0.0,179.0,7.0,0.0,179.0,7.0,0.0,179.0,7.0,0.0,179.0,7.0,0.0,179.0,7.0,0.0
26890,West Wimmera (S),6.0,0.0,0.0,6.0,0.0,0.0,6.0,0.0,0.0,6.0,0.0,0.0,6.0,0.0,0.0,4.0,0.0,0.0,4.0,0.0,0.0,4.0,0.0,0.0,4.0,0.0,0.0,4.0,0.0,0.0,3.0,0.0,0.0,3.0,0.0,0.0,3.0,0.0,0.0,3.0,0.0,0.0,3.0,0.0,0.0
26980,Whitehorse (C),273.0,283.0,15.0,273.0,283.0,15.0,273.0,283.0,15.0,273.0,283.0,15.0,273.0,283.0,15.0,262.0,272.0,14.0,262.0,272.0,14.0,262.0,272.0,14.0,262.0,272.0,14.0,262.0,272.0,14.0,262.0,272.0,14.0,262.0,272.0,14.0,262.0,272.0,14.0,262.0,272.0,14.0,262.0,272.0,14.0
27070,Whittlesea (C),1595.0,321.0,0.0,1595.0,321.0,0.0,1595.0,321.0,0.0,1595.0,321.0,0.0,1595.0,321.0,0.0,1610.0,325.0,0.0,1610.0,325.0,0.0,1610.0,325.0,0.0,1610.0,325.0,0.0,1610.0,325.0,0.0,1704.0,344.0,0.0,1704.0,344.0,0.0,1704.0,344.0,0.0,1704.0,344.0,0.0,1704.0,344.0,0.0
27170,Wodonga (C),242.0,15.0,0.0,242.0,15.0,0.0,242.0,15.0,0.0,242.0,15.0,0.0,242.0,15.0,0.0,248.0,16.0,0.0,248.0,16.0,0.0,248.0,16.0,0.0,248.0,16.0,0.0,248.0,16.0,0.0,249.0,16.0,0.0,249.0,16.0,0.0,249.0,16.0,0.0,249.0,16.0,0.0,249.0,16.0,0.0
27260,Wyndham (C),2990.0,292.0,3.0,2990.0,292.0,3.0,2990.0,292.0,3.0,2990.0,292.0,3.0,2990.0,292.0,3.0,2639.0,258.0,2.0,2639.0,258.0,2.0,2639.0,258.0,2.0,2639.0,258.0,2.0,2639.0,258.0,2.0,2619.0,256.0,2.0,2619.0,256.0,2.0,2619.0,256.0,2.0,2619.0,256.0,2.0,2619.0,256.0,2.0
27350,Yarra (C),51.0,108.0,31.0,51.0,108.0,31.0,51.0,108.0,31.0,51.0,108.0,31.0,51.0,108.0,31.0,52.0,110.0,31.0,52.0,110.0,31.0,52.0,110.0,31.0,52.0,110.0,31.0,52.0,110.0,31.0,53.0,111.0,32.0,53.0,111.0,32.0,53.0,111.0,32.0,53.0,111.0,32.0,53.0,111.0,32.0
27450,Yarra Ranges (S),241.0,158.0,0.0,241.0,158.0,0.0,241.0,158.0,0.0,241.0,158.0,0.0,241.0,158.0,0.0,264.0,173.0,0.0,264.0,173.0,0.0,264.0,173.0,0.0,264.0,173.0,0.0,264.0,173.0,0.0,294.0,194.0,0.0,294.0,194.0,0.0,294.0,194.0,0.0,294.0,194.0,0.0,294.0,194.0,0.0
27630,Yarriambiack (S),4.0,0.0,0.0,4.0,0.0,0.0,4.0,0.0,0.0,4.0,0.0,0.0,4.0,0.0,0.0,5.0,1.0,0.0,5.0,1.0,0.0,5.0,1.0,0.0,5.0,1.0,0.0,5.0,1.0,0.0,4.0,0.0,0.0,4.0,0.0,0.0,4.0,0.0,0.0,4.0,0.0,0.0,4.0,0.0,0.0
29399,Unincorporated Vic,8.0,0.0,0.0,8.0,0.0,0.0,8.0,0.0,0.0,8.0,0.0,0.0,8.0,0.0,0.0,8.0,0.0,0.0,8.0,0.0,0.0,8.0,0.0,0.0,8.0,0.0,0.0,8.0,0.0,0.0,7.0,0.0,0.0,7.0,0.0,0.0,7.0,0.0,0.0,7.0,0.0,0.0,7.0,0.0,0.0
